codigo_ibge;sigla;ano;variavel_valor
1100015;Acesso_SCM>=12Mbps;2025;3873.0
1100023;Acesso_SCM>=12Mbps;2025;31191.0
1100031;Acesso_SCM>=12Mbps;2025;2215.0
1100049;Acesso_SCM>=12Mbps;2025;30702.0
1100056;Acesso_SCM>=12Mbps;2025;2295.0
1100064;Acesso_SCM>=12Mbps;2025;3550.0
1100072;Acesso_SCM>=12Mbps;2025;1151.0
1100080;Acesso_SCM>=12Mbps;2025;2016.0
1100098;Acesso_SCM>=12Mbps;2025;3000.0
1100106;Acesso_SCM>=12Mbps;2025;7288.0
1100114;Acesso_SCM>=12Mbps;2025;9884.0
1100122;Acesso_SCM>=12Mbps;2025;33570.0
1100130;Acesso_SCM>=12Mbps;2025;5374.0
1100148;Acesso_SCM>=12Mbps;2025;5056.0
1100155;Acesso_SCM>=12Mbps;2025;3976.0
1100189;Acesso_SCM>=12Mbps;2025;8623.0
1100205;Acesso_SCM>=12Mbps;2025;153317.0
1100254;Acesso_SCM>=12Mbps;2025;5142.0
1100262;Acesso_SCM>=12Mbps;2025;269.0
1100288;Acesso_SCM>=12Mbps;2025;13845.0
1100296;Acesso_SCM>=12Mbps;2025;836.0
1100304;Acesso_SCM>=12Mbps;2025;23545.0
1100320;Acesso_SCM>=12Mbps;2025;3953.0
1100338;Acesso_SCM>=12Mbps;2025;3939.0
1100346;Acesso_SCM>=12Mbps;2025;4268.0
1100379;Acesso_SCM>=12Mbps;2025;1367.0
1100403;Acesso_SCM>=12Mbps;2025;2905.0
1100452;Acesso_SCM>=12Mbps;2025;10097.0
1100502;Acesso_SCM>=12Mbps;2025;2468.0
1100601;Acesso_SCM>=12Mbps;2025;1394.0
1100700;Acesso_SCM>=12Mbps;2025;3224.0
1100809;Acesso_SCM>=12Mbps;2025;2765.0
1100908;Acesso_SCM>=12Mbps;2025;968.0
1100924;Acesso_SCM>=12Mbps;2025;962.0
1100940;Acesso_SCM>=12Mbps;2025;1657.0
1101005;Acesso_SCM>=12Mbps;2025;176.0
1101104;Acesso_SCM>=12Mbps;2025;1966.0
1101203;Acesso_SCM>=12Mbps;2025;2669.0
1101302;Acesso_SCM>=12Mbps;2025;1590.0
1101401;Acesso_SCM>=12Mbps;2025;2811.0
1101435;Acesso_SCM>=12Mbps;2025;531.0
1101450;Acesso_SCM>=12Mbps;2025;821.0
1101468;Acesso_SCM>=12Mbps;2025;373.0
1101476;Acesso_SCM>=12Mbps;2025;466.0
1101484;Acesso_SCM>=12Mbps;2025;985.0
1101492;Acesso_SCM>=12Mbps;2025;2903.0
1101500;Acesso_SCM>=12Mbps;2025;2851.0
1101559;Acesso_SCM>=12Mbps;2025;2291.0
1101609;Acesso_SCM>=12Mbps;2025;622.0
1101708;Acesso_SCM>=12Mbps;2025;2964.0
1101757;Acesso_SCM>=12Mbps;2025;1212.0
1101807;Acesso_SCM>=12Mbps;2025;557.0
1200013;Acesso_SCM>=12Mbps;2025;481.0
1200054;Acesso_SCM>=12Mbps;2025;1282.0
1200104;Acesso_SCM>=12Mbps;2025;2096.0
1200138;Acesso_SCM>=12Mbps;2025;791.0
1200179;Acesso_SCM>=12Mbps;2025;493.0
1200203;Acesso_SCM>=12Mbps;2025;14266.0
1200252;Acesso_SCM>=12Mbps;2025;1430.0
1200302;Acesso_SCM>=12Mbps;2025;1778.0
1200328;Acesso_SCM>=12Mbps;2025;561.0
1200336;Acesso_SCM>=12Mbps;2025;2097.0
1200344;Acesso_SCM>=12Mbps;2025;1169.0
1200351;Acesso_SCM>=12Mbps;2025;874.0
1200385;Acesso_SCM>=12Mbps;2025;622.0
1200393;Acesso_SCM>=12Mbps;2025;486.0
1200401;Acesso_SCM>=12Mbps;2025;101709.0
1200427;Acesso_SCM>=12Mbps;2025;3047.0
1200435;Acesso_SCM>=12Mbps;2025;376.0
1200450;Acesso_SCM>=12Mbps;2025;3373.0
1200500;Acesso_SCM>=12Mbps;2025;1736.0
1200609;Acesso_SCM>=12Mbps;2025;2698.0
1200708;Acesso_SCM>=12Mbps;2025;849.0
1200807;Acesso_SCM>=12Mbps;2025;859.0
1300029;Acesso_SCM>=12Mbps;2025;560.0
1300060;Acesso_SCM>=12Mbps;2025;390.0
1300086;Acesso_SCM>=12Mbps;2025;275.0
1300102;Acesso_SCM>=12Mbps;2025;402.0
1300144;Acesso_SCM>=12Mbps;2025;2684.0
1300201;Acesso_SCM>=12Mbps;2025;715.0
1300300;Acesso_SCM>=12Mbps;2025;3982.0
1300409;Acesso_SCM>=12Mbps;2025;842.0
1300508;Acesso_SCM>=12Mbps;2025;994.0
1300607;Acesso_SCM>=12Mbps;2025;2116.0
1300631;Acesso_SCM>=12Mbps;2025;699.0
1300680;Acesso_SCM>=12Mbps;2025;433.0
1300706;Acesso_SCM>=12Mbps;2025;3266.0
1300805;Acesso_SCM>=12Mbps;2025;1975.0
1300839;Acesso_SCM>=12Mbps;2025;114.0
1300904;Acesso_SCM>=12Mbps;2025;1166.0
1301001;Acesso_SCM>=12Mbps;2025;876.0
1301100;Acesso_SCM>=12Mbps;2025;1522.0
1301159;Acesso_SCM>=12Mbps;2025;747.0
1301209;Acesso_SCM>=12Mbps;2025;3698.0
1301308;Acesso_SCM>=12Mbps;2025;1363.0
1301407;Acesso_SCM>=12Mbps;2025;952.0
1301506;Acesso_SCM>=12Mbps;2025;357.0
1301605;Acesso_SCM>=12Mbps;2025;940.0
1301654;Acesso_SCM>=12Mbps;2025;1014.0
1301704;Acesso_SCM>=12Mbps;2025;5457.0
1301803;Acesso_SCM>=12Mbps;2025;1057.0
1301852;Acesso_SCM>=12Mbps;2025;3870.0
1301902;Acesso_SCM>=12Mbps;2025;10591.0
1301951;Acesso_SCM>=12Mbps;2025;362.0
1302009;Acesso_SCM>=12Mbps;2025;1236.0
1302108;Acesso_SCM>=12Mbps;2025;559.0
1302207;Acesso_SCM>=12Mbps;2025;522.0
1302306;Acesso_SCM>=12Mbps;2025;1257.0
1302405;Acesso_SCM>=12Mbps;2025;1789.0
1302504;Acesso_SCM>=12Mbps;2025;9435.0
1302553;Acesso_SCM>=12Mbps;2025;1109.0
1302603;Acesso_SCM>=12Mbps;2025;510211.0
1302702;Acesso_SCM>=12Mbps;2025;3996.0
1302801;Acesso_SCM>=12Mbps;2025;1014.0
1302900;Acesso_SCM>=12Mbps;2025;3797.0
1303007;Acesso_SCM>=12Mbps;2025;960.0
1303106;Acesso_SCM>=12Mbps;2025;2064.0
1303205;Acesso_SCM>=12Mbps;2025;1169.0
1303304;Acesso_SCM>=12Mbps;2025;837.0
1303403;Acesso_SCM>=12Mbps;2025;7181.0
1303502;Acesso_SCM>=12Mbps;2025;813.0
1303536;Acesso_SCM>=12Mbps;2025;1917.0
1303569;Acesso_SCM>=12Mbps;2025;1624.0
1303601;Acesso_SCM>=12Mbps;2025;566.0
1303700;Acesso_SCM>=12Mbps;2025;1027.0
1303809;Acesso_SCM>=12Mbps;2025;2534.0
1303908;Acesso_SCM>=12Mbps;2025;1158.0
1303957;Acesso_SCM>=12Mbps;2025;121.0
1304005;Acesso_SCM>=12Mbps;2025;926.0
1304062;Acesso_SCM>=12Mbps;2025;7805.0
1304104;Acesso_SCM>=12Mbps;2025;1353.0
1304203;Acesso_SCM>=12Mbps;2025;4799.0
1304237;Acesso_SCM>=12Mbps;2025;541.0
1304260;Acesso_SCM>=12Mbps;2025;693.0
1304302;Acesso_SCM>=12Mbps;2025;302.0
1304401;Acesso_SCM>=12Mbps;2025;1071.0
1400027;Acesso_SCM>=12Mbps;2025;540.0
1400050;Acesso_SCM>=12Mbps;2025;1045.0
1400100;Acesso_SCM>=12Mbps;2025;97771.0
1400159;Acesso_SCM>=12Mbps;2025;638.0
1400175;Acesso_SCM>=12Mbps;2025;1655.0
1400209;Acesso_SCM>=12Mbps;2025;1388.0
1400233;Acesso_SCM>=12Mbps;2025;996.0
1400282;Acesso_SCM>=12Mbps;2025;578.0
1400308;Acesso_SCM>=12Mbps;2025;1441.0
1400407;Acesso_SCM>=12Mbps;2025;527.0
1400456;Acesso_SCM>=12Mbps;2025;811.0
1400472;Acesso_SCM>=12Mbps;2025;3364.0
1400506;Acesso_SCM>=12Mbps;2025;371.0
1400605;Acesso_SCM>=12Mbps;2025;317.0
1400704;Acesso_SCM>=12Mbps;2025;527.0
1500107;Acesso_SCM>=12Mbps;2025;25708.0
1500131;Acesso_SCM>=12Mbps;2025;127.0
1500206;Acesso_SCM>=12Mbps;2025;3329.0
1500305;Acesso_SCM>=12Mbps;2025;3555.0
1500347;Acesso_SCM>=12Mbps;2025;829.0
1500404;Acesso_SCM>=12Mbps;2025;3689.0
1500503;Acesso_SCM>=12Mbps;2025;4750.0
1500602;Acesso_SCM>=12Mbps;2025;23487.0
1500701;Acesso_SCM>=12Mbps;2025;2080.0
1500800;Acesso_SCM>=12Mbps;2025;86228.0
1500859;Acesso_SCM>=12Mbps;2025;826.0
1500909;Acesso_SCM>=12Mbps;2025;4127.0
1500958;Acesso_SCM>=12Mbps;2025;2814.0
1501006;Acesso_SCM>=12Mbps;2025;591.0
1501105;Acesso_SCM>=12Mbps;2025;696.0
1501204;Acesso_SCM>=12Mbps;2025;886.0
1501253;Acesso_SCM>=12Mbps;2025;143.0
1501303;Acesso_SCM>=12Mbps;2025;19569.0
1501402;Acesso_SCM>=12Mbps;2025;310036.0
1501451;Acesso_SCM>=12Mbps;2025;803.0
1501501;Acesso_SCM>=12Mbps;2025;8849.0
1501576;Acesso_SCM>=12Mbps;2025;721.0
1501600;Acesso_SCM>=12Mbps;2025;167.0
1501709;Acesso_SCM>=12Mbps;2025;12071.0
1501725;Acesso_SCM>=12Mbps;2025;3275.0
1501758;Acesso_SCM>=12Mbps;2025;55.0
1501782;Acesso_SCM>=12Mbps;2025;2118.0
1501808;Acesso_SCM>=12Mbps;2025;6303.0
1501907;Acesso_SCM>=12Mbps;2025;559.0
1501956;Acesso_SCM>=12Mbps;2025;949.0
1502004;Acesso_SCM>=12Mbps;2025;442.0
1502103;Acesso_SCM>=12Mbps;2025;1461.0
1502152;Acesso_SCM>=12Mbps;2025;26201.0
1502202;Acesso_SCM>=12Mbps;2025;13312.0
1502301;Acesso_SCM>=12Mbps;2025;3181.0
1502400;Acesso_SCM>=12Mbps;2025;48474.0
1502509;Acesso_SCM>=12Mbps;2025;1645.0
1502608;Acesso_SCM>=12Mbps;2025;837.0
1502707;Acesso_SCM>=12Mbps;2025;7503.0
1502756;Acesso_SCM>=12Mbps;2025;1805.0
1502764;Acesso_SCM>=12Mbps;2025;1683.0
1502772;Acesso_SCM>=12Mbps;2025;1883.0
1502806;Acesso_SCM>=12Mbps;2025;1656.0
1502855;Acesso_SCM>=12Mbps;2025;285.0
1502905;Acesso_SCM>=12Mbps;2025;3320.0
1502939;Acesso_SCM>=12Mbps;2025;6562.0
1502954;Acesso_SCM>=12Mbps;2025;2168.0
1503002;Acesso_SCM>=12Mbps;2025;460.0
1503044;Acesso_SCM>=12Mbps;2025;112.0
1503077;Acesso_SCM>=12Mbps;2025;2221.0
1503093;Acesso_SCM>=12Mbps;2025;3050.0
1503101;Acesso_SCM>=12Mbps;2025;2337.0
1503200;Acesso_SCM>=12Mbps;2025;2988.0
1503309;Acesso_SCM>=12Mbps;2025;1177.0
1503408;Acesso_SCM>=12Mbps;2025;560.0
1503457;Acesso_SCM>=12Mbps;2025;2345.0
1503507;Acesso_SCM>=12Mbps;2025;2036.0
1503606;Acesso_SCM>=12Mbps;2025;9666.0
1503705;Acesso_SCM>=12Mbps;2025;1930.0
1503754;Acesso_SCM>=12Mbps;2025;1306.0
1503804;Acesso_SCM>=12Mbps;2025;2389.0
1503903;Acesso_SCM>=12Mbps;2025;2679.0
1504000;Acesso_SCM>=12Mbps;2025;640.0
1504059;Acesso_SCM>=12Mbps;2025;5619.0
1504109;Acesso_SCM>=12Mbps;2025;43.0
1504208;Acesso_SCM>=12Mbps;2025;58285.0
1504307;Acesso_SCM>=12Mbps;2025;1237.0
1504406;Acesso_SCM>=12Mbps;2025;2656.0
1504422;Acesso_SCM>=12Mbps;2025;15525.0
1504455;Acesso_SCM>=12Mbps;2025;4076.0
1504505;Acesso_SCM>=12Mbps;2025;1349.0
1504604;Acesso_SCM>=12Mbps;2025;1553.0
1504703;Acesso_SCM>=12Mbps;2025;7432.0
1504752;Acesso_SCM>=12Mbps;2025;905.0
1504802;Acesso_SCM>=12Mbps;2025;2354.0
1504901;Acesso_SCM>=12Mbps;2025;2815.0
1504950;Acesso_SCM>=12Mbps;2025;1794.0
1504976;Acesso_SCM>=12Mbps;2025;1210.0
1505007;Acesso_SCM>=12Mbps;2025;204.0
1505031;Acesso_SCM>=12Mbps;2025;3155.0
1505064;Acesso_SCM>=12Mbps;2025;3734.0
1505106;Acesso_SCM>=12Mbps;2025;2103.0
1505205;Acesso_SCM>=12Mbps;2025;826.0
1505304;Acesso_SCM>=12Mbps;2025;3897.0
1505403;Acesso_SCM>=12Mbps;2025;2314.0
1505437;Acesso_SCM>=12Mbps;2025;8048.0
1505486;Acesso_SCM>=12Mbps;2025;1402.0
1505494;Acesso_SCM>=12Mbps;2025;26.0
1505502;Acesso_SCM>=12Mbps;2025;21747.0
1505536;Acesso_SCM>=12Mbps;2025;62882.0
1505551;Acesso_SCM>=12Mbps;2025;418.0
1505601;Acesso_SCM>=12Mbps;2025;155.0
1505635;Acesso_SCM>=12Mbps;2025;176.0
1505650;Acesso_SCM>=12Mbps;2025;1402.0
1505700;Acesso_SCM>=12Mbps;2025;633.0
1505809;Acesso_SCM>=12Mbps;2025;3275.0
1505908;Acesso_SCM>=12Mbps;2025;3348.0
1506005;Acesso_SCM>=12Mbps;2025;1727.0
1506104;Acesso_SCM>=12Mbps;2025;569.0
1506112;Acesso_SCM>=12Mbps;2025;315.0
1506138;Acesso_SCM>=12Mbps;2025;23620.0
1506161;Acesso_SCM>=12Mbps;2025;2070.0
1506187;Acesso_SCM>=12Mbps;2025;7696.0
1506195;Acesso_SCM>=12Mbps;2025;1907.0
1506203;Acesso_SCM>=12Mbps;2025;10925.0
1506302;Acesso_SCM>=12Mbps;2025;1253.0
1506351;Acesso_SCM>=12Mbps;2025;6802.0
1506401;Acesso_SCM>=12Mbps;2025;306.0
1506500;Acesso_SCM>=12Mbps;2025;9959.0
1506559;Acesso_SCM>=12Mbps;2025;2545.0
1506583;Acesso_SCM>=12Mbps;2025;2653.0
1506609;Acesso_SCM>=12Mbps;2025;2772.0
1506708;Acesso_SCM>=12Mbps;2025;6940.0
1506807;Acesso_SCM>=12Mbps;2025;42988.0
1506906;Acesso_SCM>=12Mbps;2025;159.0
1507003;Acesso_SCM>=12Mbps;2025;2737.0
1507102;Acesso_SCM>=12Mbps;2025;1560.0
1507151;Acesso_SCM>=12Mbps;2025;1000.0
1507201;Acesso_SCM>=12Mbps;2025;1257.0
1507300;Acesso_SCM>=12Mbps;2025;9595.0
1507409;Acesso_SCM>=12Mbps;2025;779.0
1507458;Acesso_SCM>=12Mbps;2025;1179.0
1507466;Acesso_SCM>=12Mbps;2025;269.0
1507474;Acesso_SCM>=12Mbps;2025;153.0
1507508;Acesso_SCM>=12Mbps;2025;1465.0
1507607;Acesso_SCM>=12Mbps;2025;4877.0
1507706;Acesso_SCM>=12Mbps;2025;2012.0
1507755;Acesso_SCM>=12Mbps;2025;331.0
1507805;Acesso_SCM>=12Mbps;2025;1770.0
1507904;Acesso_SCM>=12Mbps;2025;3046.0
1507953;Acesso_SCM>=12Mbps;2025;9846.0
1507961;Acesso_SCM>=12Mbps;2025;1471.0
1507979;Acesso_SCM>=12Mbps;2025;1966.0
1508001;Acesso_SCM>=12Mbps;2025;9114.0
1508035;Acesso_SCM>=12Mbps;2025;1626.0
1508050;Acesso_SCM>=12Mbps;2025;997.0
1508084;Acesso_SCM>=12Mbps;2025;9375.0
1508100;Acesso_SCM>=12Mbps;2025;7412.0
1508126;Acesso_SCM>=12Mbps;2025;1500.0
1508159;Acesso_SCM>=12Mbps;2025;4408.0
1508209;Acesso_SCM>=12Mbps;2025;5252.0
1508308;Acesso_SCM>=12Mbps;2025;2941.0
1508357;Acesso_SCM>=12Mbps;2025;1924.0
1508407;Acesso_SCM>=12Mbps;2025;5671.0
1600055;Acesso_SCM>=12Mbps;2025;858.0
1600105;Acesso_SCM>=12Mbps;2025;2009.0
1600154;Acesso_SCM>=12Mbps;2025;1458.0
1600204;Acesso_SCM>=12Mbps;2025;2063.0
1600212;Acesso_SCM>=12Mbps;2025;637.0
1600238;Acesso_SCM>=12Mbps;2025;1587.0
1600253;Acesso_SCM>=12Mbps;2025;704.0
1600279;Acesso_SCM>=12Mbps;2025;8754.0
1600303;Acesso_SCM>=12Mbps;2025;122684.0
1600402;Acesso_SCM>=12Mbps;2025;3823.0
1600501;Acesso_SCM>=12Mbps;2025;5703.0
1600535;Acesso_SCM>=12Mbps;2025;3826.0
1600550;Acesso_SCM>=12Mbps;2025;657.0
1600600;Acesso_SCM>=12Mbps;2025;26061.0
1600709;Acesso_SCM>=12Mbps;2025;2670.0
1600808;Acesso_SCM>=12Mbps;2025;1767.0
1700251;Acesso_SCM>=12Mbps;2025;102.0
1700301;Acesso_SCM>=12Mbps;2025;925.0
1700350;Acesso_SCM>=12Mbps;2025;243.0
1700400;Acesso_SCM>=12Mbps;2025;746.0
1700707;Acesso_SCM>=12Mbps;2025;244.0
1701002;Acesso_SCM>=12Mbps;2025;997.0
1701051;Acesso_SCM>=12Mbps;2025;124.0
1701101;Acesso_SCM>=12Mbps;2025;821.0
1701309;Acesso_SCM>=12Mbps;2025;431.0
1701903;Acesso_SCM>=12Mbps;2025;199.0
1702000;Acesso_SCM>=12Mbps;2025;893.0
1702109;Acesso_SCM>=12Mbps;2025;52092.0
1702158;Acesso_SCM>=12Mbps;2025;348.0
1702208;Acesso_SCM>=12Mbps;2025;2691.0
1702307;Acesso_SCM>=12Mbps;2025;70.0
1702406;Acesso_SCM>=12Mbps;2025;848.0
1702554;Acesso_SCM>=12Mbps;2025;1414.0
1702703;Acesso_SCM>=12Mbps;2025;245.0
1702901;Acesso_SCM>=12Mbps;2025;769.0
1703008;Acesso_SCM>=12Mbps;2025;514.0
1703057;Acesso_SCM>=12Mbps;2025;96.0
1703073;Acesso_SCM>=12Mbps;2025;87.0
1703107;Acesso_SCM>=12Mbps;2025;368.0
1703206;Acesso_SCM>=12Mbps;2025;415.0
1703305;Acesso_SCM>=12Mbps;2025;265.0
1703602;Acesso_SCM>=12Mbps;2025;394.0
1703701;Acesso_SCM>=12Mbps;2025;1202.0
1703800;Acesso_SCM>=12Mbps;2025;470.0
1703826;Acesso_SCM>=12Mbps;2025;64.0
1703842;Acesso_SCM>=12Mbps;2025;249.0
1703867;Acesso_SCM>=12Mbps;2025;119.0
1703883;Acesso_SCM>=12Mbps;2025;122.0
1703891;Acesso_SCM>=12Mbps;2025;12.0
1703909;Acesso_SCM>=12Mbps;2025;583.0
1704105;Acesso_SCM>=12Mbps;2025;89.0
1704600;Acesso_SCM>=12Mbps;2025;105.0
1705102;Acesso_SCM>=12Mbps;2025;96.0
1705508;Acesso_SCM>=12Mbps;2025;6134.0
1705557;Acesso_SCM>=12Mbps;2025;748.0
1705607;Acesso_SCM>=12Mbps;2025;610.0
1706001;Acesso_SCM>=12Mbps;2025;589.0
1706100;Acesso_SCM>=12Mbps;2025;776.0
1706258;Acesso_SCM>=12Mbps;2025;76.0
1706506;Acesso_SCM>=12Mbps;2025;292.0
1707009;Acesso_SCM>=12Mbps;2025;1349.0
1707108;Acesso_SCM>=12Mbps;2025;577.0
1707207;Acesso_SCM>=12Mbps;2025;233.0
1707306;Acesso_SCM>=12Mbps;2025;220.0
1707405;Acesso_SCM>=12Mbps;2025;304.0
1707553;Acesso_SCM>=12Mbps;2025;52.0
1707652;Acesso_SCM>=12Mbps;2025;211.0
1707702;Acesso_SCM>=12Mbps;2025;839.0
1708205;Acesso_SCM>=12Mbps;2025;630.0
1708254;Acesso_SCM>=12Mbps;2025;91.0
1708304;Acesso_SCM>=12Mbps;2025;128.0
1709005;Acesso_SCM>=12Mbps;2025;727.0
1709302;Acesso_SCM>=12Mbps;2025;2384.0
1709500;Acesso_SCM>=12Mbps;2025;20479.0
1709807;Acesso_SCM>=12Mbps;2025;382.0
1710508;Acesso_SCM>=12Mbps;2025;384.0
1710706;Acesso_SCM>=12Mbps;2025;191.0
1710904;Acesso_SCM>=12Mbps;2025;777.0
1711100;Acesso_SCM>=12Mbps;2025;371.0
1711506;Acesso_SCM>=12Mbps;2025;374.0
1711803;Acesso_SCM>=12Mbps;2025;221.0
1711902;Acesso_SCM>=12Mbps;2025;1885.0
1711951;Acesso_SCM>=12Mbps;2025;449.0
1712009;Acesso_SCM>=12Mbps;2025;294.0
1712157;Acesso_SCM>=12Mbps;2025;262.0
1712405;Acesso_SCM>=12Mbps;2025;151.0
1712454;Acesso_SCM>=12Mbps;2025;137.0
1712504;Acesso_SCM>=12Mbps;2025;876.0
1712702;Acesso_SCM>=12Mbps;2025;153.0
1712801;Acesso_SCM>=12Mbps;2025;40.0
1713205;Acesso_SCM>=12Mbps;2025;2596.0
1713304;Acesso_SCM>=12Mbps;2025;811.0
1713601;Acesso_SCM>=12Mbps;2025;759.0
1713700;Acesso_SCM>=12Mbps;2025;177.0
1713809;Acesso_SCM>=12Mbps;2025;197.0
1713957;Acesso_SCM>=12Mbps;2025;74.0
1714203;Acesso_SCM>=12Mbps;2025;199.0
1714302;Acesso_SCM>=12Mbps;2025;78.0
1714880;Acesso_SCM>=12Mbps;2025;2071.0
1715002;Acesso_SCM>=12Mbps;2025;64.0
1715101;Acesso_SCM>=12Mbps;2025;678.0
1715150;Acesso_SCM>=12Mbps;2025;143.0
1715259;Acesso_SCM>=12Mbps;2025;70.0
1715507;Acesso_SCM>=12Mbps;2025;24.0
1715705;Acesso_SCM>=12Mbps;2025;378.0
1715754;Acesso_SCM>=12Mbps;2025;1238.0
1716109;Acesso_SCM>=12Mbps;2025;4939.0
1716208;Acesso_SCM>=12Mbps;2025;1363.0
1716307;Acesso_SCM>=12Mbps;2025;38.0
1716505;Acesso_SCM>=12Mbps;2025;1365.0
1716604;Acesso_SCM>=12Mbps;2025;941.0
1716653;Acesso_SCM>=12Mbps;2025;196.0
1716703;Acesso_SCM>=12Mbps;2025;323.0
1717008;Acesso_SCM>=12Mbps;2025;320.0
1717206;Acesso_SCM>=12Mbps;2025;117.0
1717503;Acesso_SCM>=12Mbps;2025;495.0
1717800;Acesso_SCM>=12Mbps;2025;119.0
1717909;Acesso_SCM>=12Mbps;2025;1080.0
1718006;Acesso_SCM>=12Mbps;2025;49.0
1718204;Acesso_SCM>=12Mbps;2025;10593.0
1718303;Acesso_SCM>=12Mbps;2025;28.0
1718402;Acesso_SCM>=12Mbps;2025;666.0
1718451;Acesso_SCM>=12Mbps;2025;193.0
1718501;Acesso_SCM>=12Mbps;2025;166.0
1718550;Acesso_SCM>=12Mbps;2025;190.0
1718659;Acesso_SCM>=12Mbps;2025;41.0
1718709;Acesso_SCM>=12Mbps;2025;122.0
1718758;Acesso_SCM>=12Mbps;2025;485.0
1718808;Acesso_SCM>=12Mbps;2025;19.0
1718840;Acesso_SCM>=12Mbps;2025;89.0
1718865;Acesso_SCM>=12Mbps;2025;424.0
1718881;Acesso_SCM>=12Mbps;2025;169.0
1718899;Acesso_SCM>=12Mbps;2025;144.0
1718907;Acesso_SCM>=12Mbps;2025;809.0
1719004;Acesso_SCM>=12Mbps;2025;378.0
1720002;Acesso_SCM>=12Mbps;2025;61.0
1720101;Acesso_SCM>=12Mbps;2025;454.0
1720150;Acesso_SCM>=12Mbps;2025;74.0
1720200;Acesso_SCM>=12Mbps;2025;1062.0
1720259;Acesso_SCM>=12Mbps;2025;76.0
1720309;Acesso_SCM>=12Mbps;2025;2842.0
1720499;Acesso_SCM>=12Mbps;2025;155.0
1720655;Acesso_SCM>=12Mbps;2025;618.0
1720804;Acesso_SCM>=12Mbps;2025;642.0
1720853;Acesso_SCM>=12Mbps;2025;56.0
1720903;Acesso_SCM>=12Mbps;2025;590.0
1720937;Acesso_SCM>=12Mbps;2025;92.0
1720978;Acesso_SCM>=12Mbps;2025;151.0
1721000;Acesso_SCM>=12Mbps;2025;114785.0
1721109;Acesso_SCM>=12Mbps;2025;366.0
1721208;Acesso_SCM>=12Mbps;2025;2731.0
1721257;Acesso_SCM>=12Mbps;2025;166.0
1721307;Acesso_SCM>=12Mbps;2025;389.0
1722081;Acesso_SCM>=12Mbps;2025;802.0
1722107;Acesso_SCM>=12Mbps;2025;665.0
2100055;Acesso_SCM>=12Mbps;2025;32196.0
2100105;Acesso_SCM>=12Mbps;2025;87.0
2100154;Acesso_SCM>=12Mbps;2025;546.0
2100204;Acesso_SCM>=12Mbps;2025;865.0
2100303;Acesso_SCM>=12Mbps;2025;791.0
2100402;Acesso_SCM>=12Mbps;2025;1170.0
2100436;Acesso_SCM>=12Mbps;2025;3681.0
2100477;Acesso_SCM>=12Mbps;2025;2467.0
2100501;Acesso_SCM>=12Mbps;2025;635.0
2100550;Acesso_SCM>=12Mbps;2025;13.0
2100600;Acesso_SCM>=12Mbps;2025;3426.0
2100709;Acesso_SCM>=12Mbps;2025;15.0
2100808;Acesso_SCM>=12Mbps;2025;1036.0
2100832;Acesso_SCM>=12Mbps;2025;677.0
2100873;Acesso_SCM>=12Mbps;2025;192.0
2100907;Acesso_SCM>=12Mbps;2025;4062.0
2100956;Acesso_SCM>=12Mbps;2025;3528.0
2101004;Acesso_SCM>=12Mbps;2025;2310.0
2101103;Acesso_SCM>=12Mbps;2025;974.0
2101202;Acesso_SCM>=12Mbps;2025;8637.0
2101251;Acesso_SCM>=12Mbps;2025;883.0
2101301;Acesso_SCM>=12Mbps;2025;21.0
2101350;Acesso_SCM>=12Mbps;2025;80.0
2101400;Acesso_SCM>=12Mbps;2025;19927.0
2101509;Acesso_SCM>=12Mbps;2025;1925.0
2101608;Acesso_SCM>=12Mbps;2025;10871.0
2101707;Acesso_SCM>=12Mbps;2025;7166.0
2101731;Acesso_SCM>=12Mbps;2025;233.0
2101772;Acesso_SCM>=12Mbps;2025;977.0
2101806;Acesso_SCM>=12Mbps;2025;691.0
2101905;Acesso_SCM>=12Mbps;2025;622.0
2101939;Acesso_SCM>=12Mbps;2025;832.0
2101970;Acesso_SCM>=12Mbps;2025;12.0
2102002;Acesso_SCM>=12Mbps;2025;3299.0
2102036;Acesso_SCM>=12Mbps;2025;1941.0
2102077;Acesso_SCM>=12Mbps;2025;10.0
2102101;Acesso_SCM>=12Mbps;2025;398.0
2102150;Acesso_SCM>=12Mbps;2025;516.0
2102200;Acesso_SCM>=12Mbps;2025;69.0
2102309;Acesso_SCM>=12Mbps;2025;363.0
2102325;Acesso_SCM>=12Mbps;2025;12021.0
2102358;Acesso_SCM>=12Mbps;2025;719.0
2102374;Acesso_SCM>=12Mbps;2025;224.0
2102408;Acesso_SCM>=12Mbps;2025;905.0
2102507;Acesso_SCM>=12Mbps;2025;549.0
2102556;Acesso_SCM>=12Mbps;2025;2661.0
2102606;Acesso_SCM>=12Mbps;2025;1349.0
2102705;Acesso_SCM>=12Mbps;2025;2732.0
2102754;Acesso_SCM>=12Mbps;2025;30.0
2102804;Acesso_SCM>=12Mbps;2025;2618.0
2102903;Acesso_SCM>=12Mbps;2025;37.0
2103000;Acesso_SCM>=12Mbps;2025;28086.0
2103109;Acesso_SCM>=12Mbps;2025;1216.0
2103125;Acesso_SCM>=12Mbps;2025;47.0
2103158;Acesso_SCM>=12Mbps;2025;1066.0
2103174;Acesso_SCM>=12Mbps;2025;223.0
2103208;Acesso_SCM>=12Mbps;2025;8499.0
2103257;Acesso_SCM>=12Mbps;2025;1857.0
2103307;Acesso_SCM>=12Mbps;2025;8036.0
2103406;Acesso_SCM>=12Mbps;2025;4728.0
2103505;Acesso_SCM>=12Mbps;2025;5103.0
2103554;Acesso_SCM>=12Mbps;2025;21.0
2103604;Acesso_SCM>=12Mbps;2025;4436.0
2103703;Acesso_SCM>=12Mbps;2025;1970.0
2103752;Acesso_SCM>=12Mbps;2025;715.0
2103802;Acesso_SCM>=12Mbps;2025;633.0
2103901;Acesso_SCM>=12Mbps;2025;5072.0
2104008;Acesso_SCM>=12Mbps;2025;652.0
2104057;Acesso_SCM>=12Mbps;2025;7127.0
2104073;Acesso_SCM>=12Mbps;2025;947.0
2104081;Acesso_SCM>=12Mbps;2025;144.0
2104099;Acesso_SCM>=12Mbps;2025;1099.0
2104107;Acesso_SCM>=12Mbps;2025;914.0
2104206;Acesso_SCM>=12Mbps;2025;91.0
2104305;Acesso_SCM>=12Mbps;2025;39.0
2104404;Acesso_SCM>=12Mbps;2025;14.0
2104503;Acesso_SCM>=12Mbps;2025;16.0
2104552;Acesso_SCM>=12Mbps;2025;2064.0
2104602;Acesso_SCM>=12Mbps;2025;62.0
2104628;Acesso_SCM>=12Mbps;2025;345.0
2104651;Acesso_SCM>=12Mbps;2025;713.0
2104677;Acesso_SCM>=12Mbps;2025;120.0
2104701;Acesso_SCM>=12Mbps;2025;758.0
2104800;Acesso_SCM>=12Mbps;2025;8121.0
2104909;Acesso_SCM>=12Mbps;2025;744.0
2105005;Acesso_SCM>=12Mbps;2025;3799.0
2105104;Acesso_SCM>=12Mbps;2025;915.0
2105153;Acesso_SCM>=12Mbps;2025;1507.0
2105203;Acesso_SCM>=12Mbps;2025;507.0
2105302;Acesso_SCM>=12Mbps;2025;67238.0
2105351;Acesso_SCM>=12Mbps;2025;529.0
2105401;Acesso_SCM>=12Mbps;2025;8606.0
2105427;Acesso_SCM>=12Mbps;2025;2337.0
2105450;Acesso_SCM>=12Mbps;2025;563.0
2105476;Acesso_SCM>=12Mbps;2025;634.0
2105500;Acesso_SCM>=12Mbps;2025;1009.0
2105609;Acesso_SCM>=12Mbps;2025;486.0
2105658;Acesso_SCM>=12Mbps;2025;21.0
2105708;Acesso_SCM>=12Mbps;2025;3503.0
2105807;Acesso_SCM>=12Mbps;2025;160.0
2105906;Acesso_SCM>=12Mbps;2025;15.0
2105922;Acesso_SCM>=12Mbps;2025;236.0
2105948;Acesso_SCM>=12Mbps;2025;1100.0
2105963;Acesso_SCM>=12Mbps;2025;596.0
2105989;Acesso_SCM>=12Mbps;2025;622.0
2106003;Acesso_SCM>=12Mbps;2025;603.0
2106102;Acesso_SCM>=12Mbps;2025;2100.0
2106201;Acesso_SCM>=12Mbps;2025;863.0
2106300;Acesso_SCM>=12Mbps;2025;402.0
2106326;Acesso_SCM>=12Mbps;2025;60.0
2106359;Acesso_SCM>=12Mbps;2025;40.0
2106375;Acesso_SCM>=12Mbps;2025;323.0
2106409;Acesso_SCM>=12Mbps;2025;813.0
2106508;Acesso_SCM>=12Mbps;2025;1150.0
2106607;Acesso_SCM>=12Mbps;2025;2097.0
2106631;Acesso_SCM>=12Mbps;2025;796.0
2106672;Acesso_SCM>=12Mbps;2025;15.0
2106706;Acesso_SCM>=12Mbps;2025;633.0
2106755;Acesso_SCM>=12Mbps;2025;1444.0
2106805;Acesso_SCM>=12Mbps;2025;794.0
2106904;Acesso_SCM>=12Mbps;2025;2735.0
2107001;Acesso_SCM>=12Mbps;2025;453.0
2107100;Acesso_SCM>=12Mbps;2025;3153.0
2107209;Acesso_SCM>=12Mbps;2025;614.0
2107258;Acesso_SCM>=12Mbps;2025;550.0
2107308;Acesso_SCM>=12Mbps;2025;492.0
2107357;Acesso_SCM>=12Mbps;2025;1552.0
2107407;Acesso_SCM>=12Mbps;2025;1402.0
2107456;Acesso_SCM>=12Mbps;2025;1990.0
2107506;Acesso_SCM>=12Mbps;2025;25199.0
2107605;Acesso_SCM>=12Mbps;2025;1796.0
2107704;Acesso_SCM>=12Mbps;2025;2343.0
2107803;Acesso_SCM>=12Mbps;2025;3136.0
2107902;Acesso_SCM>=12Mbps;2025;1224.0
2108009;Acesso_SCM>=12Mbps;2025;2685.0
2108058;Acesso_SCM>=12Mbps;2025;1386.0
2108108;Acesso_SCM>=12Mbps;2025;671.0
2108207;Acesso_SCM>=12Mbps;2025;3859.0
2108256;Acesso_SCM>=12Mbps;2025;560.0
2108306;Acesso_SCM>=12Mbps;2025;618.0
2108405;Acesso_SCM>=12Mbps;2025;244.0
2108454;Acesso_SCM>=12Mbps;2025;1905.0
2108504;Acesso_SCM>=12Mbps;2025;3201.0
2108603;Acesso_SCM>=12Mbps;2025;4323.0
2108702;Acesso_SCM>=12Mbps;2025;455.0
2108801;Acesso_SCM>=12Mbps;2025;1754.0
2108900;Acesso_SCM>=12Mbps;2025;2329.0
2109007;Acesso_SCM>=12Mbps;2025;4451.0
2109056;Acesso_SCM>=12Mbps;2025;975.0
2109106;Acesso_SCM>=12Mbps;2025;3443.0
2109205;Acesso_SCM>=12Mbps;2025;77.0
2109239;Acesso_SCM>=12Mbps;2025;917.0
2109270;Acesso_SCM>=12Mbps;2025;129.0
2109304;Acesso_SCM>=12Mbps;2025;44.0
2109403;Acesso_SCM>=12Mbps;2025;1016.0
2109452;Acesso_SCM>=12Mbps;2025;3853.0
2109502;Acesso_SCM>=12Mbps;2025;4266.0
2109551;Acesso_SCM>=12Mbps;2025;376.0
2109601;Acesso_SCM>=12Mbps;2025;2713.0
2109700;Acesso_SCM>=12Mbps;2025;489.0
2109759;Acesso_SCM>=12Mbps;2025;43.0
2109809;Acesso_SCM>=12Mbps;2025;794.0
2109908;Acesso_SCM>=12Mbps;2025;20344.0
2110005;Acesso_SCM>=12Mbps;2025;5489.0
2110039;Acesso_SCM>=12Mbps;2025;337.0
2110104;Acesso_SCM>=12Mbps;2025;1003.0
2110203;Acesso_SCM>=12Mbps;2025;5485.0
2110237;Acesso_SCM>=12Mbps;2025;100.0
2110278;Acesso_SCM>=12Mbps;2025;1127.0
2110302;Acesso_SCM>=12Mbps;2025;114.0
2110401;Acesso_SCM>=12Mbps;2025;1807.0
2110500;Acesso_SCM>=12Mbps;2025;1476.0
2110609;Acesso_SCM>=12Mbps;2025;1806.0
2110658;Acesso_SCM>=12Mbps;2025;691.0
2110708;Acesso_SCM>=12Mbps;2025;928.0
2110807;Acesso_SCM>=12Mbps;2025;409.0
2110856;Acesso_SCM>=12Mbps;2025;1143.0
2110906;Acesso_SCM>=12Mbps;2025;1069.0
2111003;Acesso_SCM>=12Mbps;2025;1001.0
2111029;Acesso_SCM>=12Mbps;2025;818.0
2111052;Acesso_SCM>=12Mbps;2025;1622.0
2111078;Acesso_SCM>=12Mbps;2025;896.0
2111102;Acesso_SCM>=12Mbps;2025;6389.0
2111201;Acesso_SCM>=12Mbps;2025;42691.0
2111250;Acesso_SCM>=12Mbps;2025;15.0
2111300;Acesso_SCM>=12Mbps;2025;255455.0
2111409;Acesso_SCM>=12Mbps;2025;1617.0
2111508;Acesso_SCM>=12Mbps;2025;6982.0
2111532;Acesso_SCM>=12Mbps;2025;618.0
2111573;Acesso_SCM>=12Mbps;2025;345.0
2111607;Acesso_SCM>=12Mbps;2025;2589.0
2111631;Acesso_SCM>=12Mbps;2025;175.0
2111672;Acesso_SCM>=12Mbps;2025;241.0
2111706;Acesso_SCM>=12Mbps;2025;2625.0
2111722;Acesso_SCM>=12Mbps;2025;19.0
2111748;Acesso_SCM>=12Mbps;2025;613.0
2111763;Acesso_SCM>=12Mbps;2025;1261.0
2111789;Acesso_SCM>=12Mbps;2025;71.0
2111805;Acesso_SCM>=12Mbps;2025;1177.0
2111904;Acesso_SCM>=12Mbps;2025;495.0
2111953;Acesso_SCM>=12Mbps;2025;1080.0
2112001;Acesso_SCM>=12Mbps;2025;353.0
2112100;Acesso_SCM>=12Mbps;2025;2406.0
2112209;Acesso_SCM>=12Mbps;2025;30604.0
2112233;Acesso_SCM>=12Mbps;2025;2027.0
2112274;Acesso_SCM>=12Mbps;2025;761.0
2112308;Acesso_SCM>=12Mbps;2025;1277.0
2112407;Acesso_SCM>=12Mbps;2025;64.0
2112456;Acesso_SCM>=12Mbps;2025;460.0
2112506;Acesso_SCM>=12Mbps;2025;3021.0
2112605;Acesso_SCM>=12Mbps;2025;2079.0
2112704;Acesso_SCM>=12Mbps;2025;3456.0
2112803;Acesso_SCM>=12Mbps;2025;8454.0
2112852;Acesso_SCM>=12Mbps;2025;1286.0
2112902;Acesso_SCM>=12Mbps;2025;4131.0
2113009;Acesso_SCM>=12Mbps;2025;4378.0
2114007;Acesso_SCM>=12Mbps;2025;3565.0
2200053;Acesso_SCM>=12Mbps;2025;646.0
2200103;Acesso_SCM>=12Mbps;2025;655.0
2200202;Acesso_SCM>=12Mbps;2025;2182.0
2200251;Acesso_SCM>=12Mbps;2025;397.0
2200277;Acesso_SCM>=12Mbps;2025;161.0
2200301;Acesso_SCM>=12Mbps;2025;461.0
2200400;Acesso_SCM>=12Mbps;2025;5861.0
2200459;Acesso_SCM>=12Mbps;2025;300.0
2200509;Acesso_SCM>=12Mbps;2025;2781.0
2200608;Acesso_SCM>=12Mbps;2025;473.0
2200707;Acesso_SCM>=12Mbps;2025;319.0
2200806;Acesso_SCM>=12Mbps;2025;446.0
2200905;Acesso_SCM>=12Mbps;2025;495.0
2200954;Acesso_SCM>=12Mbps;2025;19.0
2201002;Acesso_SCM>=12Mbps;2025;554.0
2201051;Acesso_SCM>=12Mbps;2025;262.0
2201101;Acesso_SCM>=12Mbps;2025;19.0
2201150;Acesso_SCM>=12Mbps;2025;982.0
2201176;Acesso_SCM>=12Mbps;2025;66.0
2201200;Acesso_SCM>=12Mbps;2025;2999.0
2201309;Acesso_SCM>=12Mbps;2025;147.0
2201408;Acesso_SCM>=12Mbps;2025;463.0
2201507;Acesso_SCM>=12Mbps;2025;1422.0
2201556;Acesso_SCM>=12Mbps;2025;348.0
2201572;Acesso_SCM>=12Mbps;2025;13.0
2201606;Acesso_SCM>=12Mbps;2025;453.0
2201705;Acesso_SCM>=12Mbps;2025;399.0
2201739;Acesso_SCM>=12Mbps;2025;779.0
2201770;Acesso_SCM>=12Mbps;2025;174.0
2201804;Acesso_SCM>=12Mbps;2025;568.0
2201903;Acesso_SCM>=12Mbps;2025;8858.0
2201919;Acesso_SCM>=12Mbps;2025;169.0
2201929;Acesso_SCM>=12Mbps;2025;719.0
2201945;Acesso_SCM>=12Mbps;2025;0.0
2201960;Acesso_SCM>=12Mbps;2025;1001.0
2201988;Acesso_SCM>=12Mbps;2025;266.0
2202000;Acesso_SCM>=12Mbps;2025;2849.0
2202026;Acesso_SCM>=12Mbps;2025;233.0
2202059;Acesso_SCM>=12Mbps;2025;504.0
2202075;Acesso_SCM>=12Mbps;2025;372.0
2202083;Acesso_SCM>=12Mbps;2025;1640.0
2202091;Acesso_SCM>=12Mbps;2025;18.0
2202109;Acesso_SCM>=12Mbps;2025;311.0
2202117;Acesso_SCM>=12Mbps;2025;585.0
2202133;Acesso_SCM>=12Mbps;2025;290.0
2202174;Acesso_SCM>=12Mbps;2025;914.0
2202208;Acesso_SCM>=12Mbps;2025;5793.0
2202251;Acesso_SCM>=12Mbps;2025;395.0
2202307;Acesso_SCM>=12Mbps;2025;2545.0
2202406;Acesso_SCM>=12Mbps;2025;1060.0
2202455;Acesso_SCM>=12Mbps;2025;177.0
2202505;Acesso_SCM>=12Mbps;2025;736.0
2202539;Acesso_SCM>=12Mbps;2025;242.0
2202554;Acesso_SCM>=12Mbps;2025;221.0
2202604;Acesso_SCM>=12Mbps;2025;1262.0
2202653;Acesso_SCM>=12Mbps;2025;309.0
2202703;Acesso_SCM>=12Mbps;2025;2985.0
2202711;Acesso_SCM>=12Mbps;2025;18.0
2202729;Acesso_SCM>=12Mbps;2025;3.0
2202737;Acesso_SCM>=12Mbps;2025;218.0
2202752;Acesso_SCM>=12Mbps;2025;471.0
2202778;Acesso_SCM>=12Mbps;2025;1054.0
2202802;Acesso_SCM>=12Mbps;2025;518.0
2202851;Acesso_SCM>=12Mbps;2025;577.0
2202901;Acesso_SCM>=12Mbps;2025;1141.0
2203008;Acesso_SCM>=12Mbps;2025;169.0
2203107;Acesso_SCM>=12Mbps;2025;2206.0
2203206;Acesso_SCM>=12Mbps;2025;70.0
2203230;Acesso_SCM>=12Mbps;2025;553.0
2203255;Acesso_SCM>=12Mbps;2025;182.0
2203271;Acesso_SCM>=12Mbps;2025;184.0
2203305;Acesso_SCM>=12Mbps;2025;2540.0
2203354;Acesso_SCM>=12Mbps;2025;981.0
2203404;Acesso_SCM>=12Mbps;2025;1358.0
2203420;Acesso_SCM>=12Mbps;2025;222.0
2203453;Acesso_SCM>=12Mbps;2025;661.0
2203503;Acesso_SCM>=12Mbps;2025;1726.0
2203602;Acesso_SCM>=12Mbps;2025;242.0
2203701;Acesso_SCM>=12Mbps;2025;4498.0
2203750;Acesso_SCM>=12Mbps;2025;621.0
2203800;Acesso_SCM>=12Mbps;2025;169.0
2203859;Acesso_SCM>=12Mbps;2025;331.0
2203909;Acesso_SCM>=12Mbps;2025;18580.0
2204006;Acesso_SCM>=12Mbps;2025;355.0
2204105;Acesso_SCM>=12Mbps;2025;23.0
2204154;Acesso_SCM>=12Mbps;2025;29.0
2204204;Acesso_SCM>=12Mbps;2025;1298.0
2204303;Acesso_SCM>=12Mbps;2025;1328.0
2204352;Acesso_SCM>=12Mbps;2025;801.0
2204402;Acesso_SCM>=12Mbps;2025;605.0
2204501;Acesso_SCM>=12Mbps;2025;2380.0
2204550;Acesso_SCM>=12Mbps;2025;131.0
2204600;Acesso_SCM>=12Mbps;2025;466.0
2204659;Acesso_SCM>=12Mbps;2025;1847.0
2204709;Acesso_SCM>=12Mbps;2025;1456.0
2204808;Acesso_SCM>=12Mbps;2025;1240.0
2204907;Acesso_SCM>=12Mbps;2025;366.0
2205003;Acesso_SCM>=12Mbps;2025;807.0
2205102;Acesso_SCM>=12Mbps;2025;637.0
2205151;Acesso_SCM>=12Mbps;2025;887.0
2205201;Acesso_SCM>=12Mbps;2025;1056.0
2205250;Acesso_SCM>=12Mbps;2025;466.0
2205276;Acesso_SCM>=12Mbps;2025;107.0
2205300;Acesso_SCM>=12Mbps;2025;29.0
2205359;Acesso_SCM>=12Mbps;2025;261.0
2205409;Acesso_SCM>=12Mbps;2025;224.0
2205458;Acesso_SCM>=12Mbps;2025;55.0
2205508;Acesso_SCM>=12Mbps;2025;4590.0
2205516;Acesso_SCM>=12Mbps;2025;453.0
2205524;Acesso_SCM>=12Mbps;2025;48.0
2205532;Acesso_SCM>=12Mbps;2025;99.0
2205540;Acesso_SCM>=12Mbps;2025;158.0
2205557;Acesso_SCM>=12Mbps;2025;482.0
2205565;Acesso_SCM>=12Mbps;2025;540.0
2205573;Acesso_SCM>=12Mbps;2025;262.0
2205581;Acesso_SCM>=12Mbps;2025;471.0
2205599;Acesso_SCM>=12Mbps;2025;188.0
2205607;Acesso_SCM>=12Mbps;2025;595.0
2205706;Acesso_SCM>=12Mbps;2025;4923.0
2205805;Acesso_SCM>=12Mbps;2025;1145.0
2205854;Acesso_SCM>=12Mbps;2025;14.0
2205904;Acesso_SCM>=12Mbps;2025;425.0
2205953;Acesso_SCM>=12Mbps;2025;1163.0
2206001;Acesso_SCM>=12Mbps;2025;681.0
2206050;Acesso_SCM>=12Mbps;2025;420.0
2206100;Acesso_SCM>=12Mbps;2025;1274.0
2206209;Acesso_SCM>=12Mbps;2025;1573.0
2206308;Acesso_SCM>=12Mbps;2025;52.0
2206357;Acesso_SCM>=12Mbps;2025;65.0
2206407;Acesso_SCM>=12Mbps;2025;1169.0
2206506;Acesso_SCM>=12Mbps;2025;264.0
2206605;Acesso_SCM>=12Mbps;2025;324.0
2206654;Acesso_SCM>=12Mbps;2025;17.0
2206670;Acesso_SCM>=12Mbps;2025;32.0
2206696;Acesso_SCM>=12Mbps;2025;72.0
2206704;Acesso_SCM>=12Mbps;2025;978.0
2206720;Acesso_SCM>=12Mbps;2025;328.0
2206753;Acesso_SCM>=12Mbps;2025;97.0
2206803;Acesso_SCM>=12Mbps;2025;988.0
2206902;Acesso_SCM>=12Mbps;2025;233.0
2206951;Acesso_SCM>=12Mbps;2025;96.0
2207009;Acesso_SCM>=12Mbps;2025;10037.0
2207108;Acesso_SCM>=12Mbps;2025;84.0
2207207;Acesso_SCM>=12Mbps;2025;23.0
2207306;Acesso_SCM>=12Mbps;2025;337.0
2207355;Acesso_SCM>=12Mbps;2025;131.0
2207405;Acesso_SCM>=12Mbps;2025;726.0
2207504;Acesso_SCM>=12Mbps;2025;516.0
2207553;Acesso_SCM>=12Mbps;2025;850.0
2207603;Acesso_SCM>=12Mbps;2025;177.0
2207702;Acesso_SCM>=12Mbps;2025;42027.0
2207751;Acesso_SCM>=12Mbps;2025;317.0
2207777;Acesso_SCM>=12Mbps;2025;579.0
2207793;Acesso_SCM>=12Mbps;2025;186.0
2207801;Acesso_SCM>=12Mbps;2025;2131.0
2207850;Acesso_SCM>=12Mbps;2025;517.0
2207900;Acesso_SCM>=12Mbps;2025;5895.0
2207934;Acesso_SCM>=12Mbps;2025;280.0
2207959;Acesso_SCM>=12Mbps;2025;158.0
2208007;Acesso_SCM>=12Mbps;2025;24898.0
2208106;Acesso_SCM>=12Mbps;2025;1098.0
2208205;Acesso_SCM>=12Mbps;2025;1554.0
2208304;Acesso_SCM>=12Mbps;2025;1933.0
2208403;Acesso_SCM>=12Mbps;2025;13425.0
2208502;Acesso_SCM>=12Mbps;2025;1243.0
2208551;Acesso_SCM>=12Mbps;2025;279.0
2208601;Acesso_SCM>=12Mbps;2025;245.0
2208650;Acesso_SCM>=12Mbps;2025;661.0
2208700;Acesso_SCM>=12Mbps;2025;676.0
2208809;Acesso_SCM>=12Mbps;2025;3201.0
2208858;Acesso_SCM>=12Mbps;2025;187.0
2208874;Acesso_SCM>=12Mbps;2025;472.0
2208908;Acesso_SCM>=12Mbps;2025;224.0
2209005;Acesso_SCM>=12Mbps;2025;159.0
2209104;Acesso_SCM>=12Mbps;2025;1114.0
2209153;Acesso_SCM>=12Mbps;2025;134.0
2209203;Acesso_SCM>=12Mbps;2025;249.0
2209302;Acesso_SCM>=12Mbps;2025;1024.0
2209351;Acesso_SCM>=12Mbps;2025;681.0
2209377;Acesso_SCM>=12Mbps;2025;822.0
2209401;Acesso_SCM>=12Mbps;2025;270.0
2209450;Acesso_SCM>=12Mbps;2025;223.0
2209500;Acesso_SCM>=12Mbps;2025;547.0
2209559;Acesso_SCM>=12Mbps;2025;554.0
2209609;Acesso_SCM>=12Mbps;2025;107.0
2209658;Acesso_SCM>=12Mbps;2025;366.0
2209708;Acesso_SCM>=12Mbps;2025;903.0
2209757;Acesso_SCM>=12Mbps;2025;57.0
2209807;Acesso_SCM>=12Mbps;2025;739.0
2209856;Acesso_SCM>=12Mbps;2025;157.0
2209872;Acesso_SCM>=12Mbps;2025;366.0
2209906;Acesso_SCM>=12Mbps;2025;45.0
2209955;Acesso_SCM>=12Mbps;2025;524.0
2209971;Acesso_SCM>=12Mbps;2025;49.0
2210003;Acesso_SCM>=12Mbps;2025;3227.0
2210052;Acesso_SCM>=12Mbps;2025;9.0
2210102;Acesso_SCM>=12Mbps;2025;260.0
2210201;Acesso_SCM>=12Mbps;2025;147.0
2210300;Acesso_SCM>=12Mbps;2025;1007.0
2210359;Acesso_SCM>=12Mbps;2025;275.0
2210375;Acesso_SCM>=12Mbps;2025;124.0
2210383;Acesso_SCM>=12Mbps;2025;176.0
2210391;Acesso_SCM>=12Mbps;2025;140.0
2210409;Acesso_SCM>=12Mbps;2025;254.0
2210508;Acesso_SCM>=12Mbps;2025;2075.0
2210607;Acesso_SCM>=12Mbps;2025;7248.0
2210623;Acesso_SCM>=12Mbps;2025;146.0
2210631;Acesso_SCM>=12Mbps;2025;255.0
2210656;Acesso_SCM>=12Mbps;2025;567.0
2210706;Acesso_SCM>=12Mbps;2025;835.0
2210805;Acesso_SCM>=12Mbps;2025;1937.0
2210904;Acesso_SCM>=12Mbps;2025;258.0
2210938;Acesso_SCM>=12Mbps;2025;1244.0
2210953;Acesso_SCM>=12Mbps;2025;76.0
2210979;Acesso_SCM>=12Mbps;2025;115.0
2211001;Acesso_SCM>=12Mbps;2025;230656.0
2211100;Acesso_SCM>=12Mbps;2025;6368.0
2211209;Acesso_SCM>=12Mbps;2025;757.0
2211308;Acesso_SCM>=12Mbps;2025;5666.0
2211357;Acesso_SCM>=12Mbps;2025;293.0
2211407;Acesso_SCM>=12Mbps;2025;138.0
2211506;Acesso_SCM>=12Mbps;2025;205.0
2211605;Acesso_SCM>=12Mbps;2025;315.0
2211704;Acesso_SCM>=12Mbps;2025;200.0
2300101;Acesso_SCM>=12Mbps;2025;482.0
2300150;Acesso_SCM>=12Mbps;2025;2526.0
2300200;Acesso_SCM>=12Mbps;2025;17387.0
2300309;Acesso_SCM>=12Mbps;2025;6745.0
2300408;Acesso_SCM>=12Mbps;2025;406.0
2300507;Acesso_SCM>=12Mbps;2025;3040.0
2300606;Acesso_SCM>=12Mbps;2025;1210.0
2300705;Acesso_SCM>=12Mbps;2025;30.0
2300754;Acesso_SCM>=12Mbps;2025;6389.0
2300804;Acesso_SCM>=12Mbps;2025;1480.0
2300903;Acesso_SCM>=12Mbps;2025;116.0
2301000;Acesso_SCM>=12Mbps;2025;23352.0
2301109;Acesso_SCM>=12Mbps;2025;21962.0
2301208;Acesso_SCM>=12Mbps;2025;2577.0
2301257;Acesso_SCM>=12Mbps;2025;2057.0
2301307;Acesso_SCM>=12Mbps;2025;3050.0
2301406;Acesso_SCM>=12Mbps;2025;832.0
2301505;Acesso_SCM>=12Mbps;2025;326.0
2301604;Acesso_SCM>=12Mbps;2025;2999.0
2301703;Acesso_SCM>=12Mbps;2025;3348.0
2301802;Acesso_SCM>=12Mbps;2025;1127.0
2301851;Acesso_SCM>=12Mbps;2025;1481.0
2301901;Acesso_SCM>=12Mbps;2025;15761.0
2301950;Acesso_SCM>=12Mbps;2025;260.0
2302008;Acesso_SCM>=12Mbps;2025;1590.0
2302057;Acesso_SCM>=12Mbps;2025;1056.0
2302107;Acesso_SCM>=12Mbps;2025;4094.0
2302206;Acesso_SCM>=12Mbps;2025;12667.0
2302305;Acesso_SCM>=12Mbps;2025;4905.0
2302404;Acesso_SCM>=12Mbps;2025;6067.0
2302503;Acesso_SCM>=12Mbps;2025;11841.0
2302602;Acesso_SCM>=12Mbps;2025;13575.0
2302701;Acesso_SCM>=12Mbps;2025;2136.0
2302800;Acesso_SCM>=12Mbps;2025;9435.0
2302909;Acesso_SCM>=12Mbps;2025;659.0
2303006;Acesso_SCM>=12Mbps;2025;263.0
2303105;Acesso_SCM>=12Mbps;2025;1657.0
2303204;Acesso_SCM>=12Mbps;2025;2305.0
2303303;Acesso_SCM>=12Mbps;2025;1600.0
2303402;Acesso_SCM>=12Mbps;2025;2838.0
2303501;Acesso_SCM>=12Mbps;2025;14718.0
2303600;Acesso_SCM>=12Mbps;2025;1076.0
2303659;Acesso_SCM>=12Mbps;2025;1892.0
2303709;Acesso_SCM>=12Mbps;2025;71504.0
2303808;Acesso_SCM>=12Mbps;2025;3563.0
2303907;Acesso_SCM>=12Mbps;2025;1048.0
2303931;Acesso_SCM>=12Mbps;2025;756.0
2303956;Acesso_SCM>=12Mbps;2025;2375.0
2304004;Acesso_SCM>=12Mbps;2025;1856.0
2304103;Acesso_SCM>=12Mbps;2025;15697.0
2304202;Acesso_SCM>=12Mbps;2025;36482.0
2304236;Acesso_SCM>=12Mbps;2025;1448.0
2304251;Acesso_SCM>=12Mbps;2025;8920.0
2304269;Acesso_SCM>=12Mbps;2025;1148.0
2304277;Acesso_SCM>=12Mbps;2025;415.0
2304285;Acesso_SCM>=12Mbps;2025;30008.0
2304301;Acesso_SCM>=12Mbps;2025;3459.0
2304350;Acesso_SCM>=12Mbps;2025;1130.0
2304400;Acesso_SCM>=12Mbps;2025;687922.0
2304459;Acesso_SCM>=12Mbps;2025;5538.0
2304509;Acesso_SCM>=12Mbps;2025;2492.0
2304608;Acesso_SCM>=12Mbps;2025;139.0
2304657;Acesso_SCM>=12Mbps;2025;1287.0
2304707;Acesso_SCM>=12Mbps;2025;1115.0
2304806;Acesso_SCM>=12Mbps;2025;6.0
2304905;Acesso_SCM>=12Mbps;2025;934.0
2304954;Acesso_SCM>=12Mbps;2025;5171.0
2305001;Acesso_SCM>=12Mbps;2025;8390.0
2305100;Acesso_SCM>=12Mbps;2025;2076.0
2305209;Acesso_SCM>=12Mbps;2025;3339.0
2305233;Acesso_SCM>=12Mbps;2025;15885.0
2305266;Acesso_SCM>=12Mbps;2025;708.0
2305308;Acesso_SCM>=12Mbps;2025;4411.0
2305332;Acesso_SCM>=12Mbps;2025;118.0
2305357;Acesso_SCM>=12Mbps;2025;6136.0
2305407;Acesso_SCM>=12Mbps;2025;10229.0
2305506;Acesso_SCM>=12Mbps;2025;24414.0
2305605;Acesso_SCM>=12Mbps;2025;4054.0
2305654;Acesso_SCM>=12Mbps;2025;1344.0
2305704;Acesso_SCM>=12Mbps;2025;1605.0
2305803;Acesso_SCM>=12Mbps;2025;5427.0
2305902;Acesso_SCM>=12Mbps;2025;4916.0
2306009;Acesso_SCM>=12Mbps;2025;2481.0
2306108;Acesso_SCM>=12Mbps;2025;2037.0
2306207;Acesso_SCM>=12Mbps;2025;2606.0
2306256;Acesso_SCM>=12Mbps;2025;13930.0
2306306;Acesso_SCM>=12Mbps;2025;6659.0
2306405;Acesso_SCM>=12Mbps;2025;17921.0
2306504;Acesso_SCM>=12Mbps;2025;881.0
2306553;Acesso_SCM>=12Mbps;2025;10683.0
2306603;Acesso_SCM>=12Mbps;2025;1739.0
2306702;Acesso_SCM>=12Mbps;2025;1628.0
2306801;Acesso_SCM>=12Mbps;2025;1533.0
2306900;Acesso_SCM>=12Mbps;2025;6152.0
2307007;Acesso_SCM>=12Mbps;2025;2994.0
2307106;Acesso_SCM>=12Mbps;2025;6228.0
2307205;Acesso_SCM>=12Mbps;2025;719.0
2307254;Acesso_SCM>=12Mbps;2025;11752.0
2307304;Acesso_SCM>=12Mbps;2025;83768.0
2307403;Acesso_SCM>=12Mbps;2025;1747.0
2307502;Acesso_SCM>=12Mbps;2025;3061.0
2307601;Acesso_SCM>=12Mbps;2025;14548.0
2307635;Acesso_SCM>=12Mbps;2025;1833.0
2307650;Acesso_SCM>=12Mbps;2025;49460.0
2307700;Acesso_SCM>=12Mbps;2025;13682.0
2307809;Acesso_SCM>=12Mbps;2025;8820.0
2307908;Acesso_SCM>=12Mbps;2025;932.0
2308005;Acesso_SCM>=12Mbps;2025;6695.0
2308104;Acesso_SCM>=12Mbps;2025;3996.0
2308203;Acesso_SCM>=12Mbps;2025;2561.0
2308302;Acesso_SCM>=12Mbps;2025;2793.0
2308351;Acesso_SCM>=12Mbps;2025;1465.0
2308377;Acesso_SCM>=12Mbps;2025;992.0
2308401;Acesso_SCM>=12Mbps;2025;4671.0
2308500;Acesso_SCM>=12Mbps;2025;3433.0
2308609;Acesso_SCM>=12Mbps;2025;1986.0
2308708;Acesso_SCM>=12Mbps;2025;10383.0
2308807;Acesso_SCM>=12Mbps;2025;697.0
2308906;Acesso_SCM>=12Mbps;2025;4884.0
2309003;Acesso_SCM>=12Mbps;2025;571.0
2309102;Acesso_SCM>=12Mbps;2025;143.0
2309201;Acesso_SCM>=12Mbps;2025;2056.0
2309300;Acesso_SCM>=12Mbps;2025;7958.0
2309409;Acesso_SCM>=12Mbps;2025;3722.0
2309458;Acesso_SCM>=12Mbps;2025;1772.0
2309508;Acesso_SCM>=12Mbps;2025;3721.0
2309607;Acesso_SCM>=12Mbps;2025;15248.0
2309706;Acesso_SCM>=12Mbps;2025;11195.0
2309805;Acesso_SCM>=12Mbps;2025;2280.0
2309904;Acesso_SCM>=12Mbps;2025;227.0
2310001;Acesso_SCM>=12Mbps;2025;1289.0
2310100;Acesso_SCM>=12Mbps;2025;1193.0
2310209;Acesso_SCM>=12Mbps;2025;8627.0
2310258;Acesso_SCM>=12Mbps;2025;4907.0
2310308;Acesso_SCM>=12Mbps;2025;778.0
2310407;Acesso_SCM>=12Mbps;2025;241.0
2310506;Acesso_SCM>=12Mbps;2025;7195.0
2310605;Acesso_SCM>=12Mbps;2025;1274.0
2310704;Acesso_SCM>=12Mbps;2025;4298.0
2310803;Acesso_SCM>=12Mbps;2025;3085.0
2310852;Acesso_SCM>=12Mbps;2025;4634.0
2310902;Acesso_SCM>=12Mbps;2025;1985.0
2310951;Acesso_SCM>=12Mbps;2025;554.0
2311009;Acesso_SCM>=12Mbps;2025;1650.0
2311108;Acesso_SCM>=12Mbps;2025;1469.0
2311207;Acesso_SCM>=12Mbps;2025;1517.0
2311231;Acesso_SCM>=12Mbps;2025;1.0
2311264;Acesso_SCM>=12Mbps;2025;1471.0
2311306;Acesso_SCM>=12Mbps;2025;19811.0
2311355;Acesso_SCM>=12Mbps;2025;1246.0
2311405;Acesso_SCM>=12Mbps;2025;20402.0
2311504;Acesso_SCM>=12Mbps;2025;4188.0
2311603;Acesso_SCM>=12Mbps;2025;4815.0
2311702;Acesso_SCM>=12Mbps;2025;1199.0
2311801;Acesso_SCM>=12Mbps;2025;15565.0
2311900;Acesso_SCM>=12Mbps;2025;1517.0
2311959;Acesso_SCM>=12Mbps;2025;867.0
2312007;Acesso_SCM>=12Mbps;2025;2800.0
2312106;Acesso_SCM>=12Mbps;2025;2306.0
2312205;Acesso_SCM>=12Mbps;2025;5849.0
2312304;Acesso_SCM>=12Mbps;2025;4396.0
2312403;Acesso_SCM>=12Mbps;2025;8367.0
2312502;Acesso_SCM>=12Mbps;2025;6.0
2312601;Acesso_SCM>=12Mbps;2025;1777.0
2312700;Acesso_SCM>=12Mbps;2025;3944.0
2312809;Acesso_SCM>=12Mbps;2025;722.0
2312908;Acesso_SCM>=12Mbps;2025;47041.0
2313005;Acesso_SCM>=12Mbps;2025;3409.0
2313104;Acesso_SCM>=12Mbps;2025;5158.0
2313203;Acesso_SCM>=12Mbps;2025;3923.0
2313252;Acesso_SCM>=12Mbps;2025;803.0
2313302;Acesso_SCM>=12Mbps;2025;11531.0
2313351;Acesso_SCM>=12Mbps;2025;1966.0
2313401;Acesso_SCM>=12Mbps;2025;13351.0
2313500;Acesso_SCM>=12Mbps;2025;3582.0
2313559;Acesso_SCM>=12Mbps;2025;978.0
2313609;Acesso_SCM>=12Mbps;2025;5670.0
2313708;Acesso_SCM>=12Mbps;2025;747.0
2313757;Acesso_SCM>=12Mbps;2025;957.0
2313807;Acesso_SCM>=12Mbps;2025;1106.0
2313906;Acesso_SCM>=12Mbps;2025;1495.0
2313955;Acesso_SCM>=12Mbps;2025;3327.0
2314003;Acesso_SCM>=12Mbps;2025;7787.0
2314102;Acesso_SCM>=12Mbps;2025;5198.0
2400109;Acesso_SCM>=12Mbps;2025;2270.0
2400208;Acesso_SCM>=12Mbps;2025;14566.0
2400307;Acesso_SCM>=12Mbps;2025;414.0
2400406;Acesso_SCM>=12Mbps;2025;222.0
2400505;Acesso_SCM>=12Mbps;2025;484.0
2400604;Acesso_SCM>=12Mbps;2025;491.0
2400703;Acesso_SCM>=12Mbps;2025;3734.0
2400802;Acesso_SCM>=12Mbps;2025;1573.0
2400901;Acesso_SCM>=12Mbps;2025;205.0
2401008;Acesso_SCM>=12Mbps;2025;5730.0
2401107;Acesso_SCM>=12Mbps;2025;4671.0
2401206;Acesso_SCM>=12Mbps;2025;1382.0
2401305;Acesso_SCM>=12Mbps;2025;1240.0
2401404;Acesso_SCM>=12Mbps;2025;21.0
2401453;Acesso_SCM>=12Mbps;2025;7342.0
2401503;Acesso_SCM>=12Mbps;2025;530.0
2401602;Acesso_SCM>=12Mbps;2025;465.0
2401651;Acesso_SCM>=12Mbps;2025;564.0
2401701;Acesso_SCM>=12Mbps;2025;1686.0
2401800;Acesso_SCM>=12Mbps;2025;1047.0
2401859;Acesso_SCM>=12Mbps;2025;1036.0
2401909;Acesso_SCM>=12Mbps;2025;129.0
2402006;Acesso_SCM>=12Mbps;2025;18823.0
2402105;Acesso_SCM>=12Mbps;2025;2149.0
2402204;Acesso_SCM>=12Mbps;2025;5491.0
2402303;Acesso_SCM>=12Mbps;2025;2837.0
2402402;Acesso_SCM>=12Mbps;2025;2035.0
2402501;Acesso_SCM>=12Mbps;2025;2264.0
2402600;Acesso_SCM>=12Mbps;2025;16327.0
2402709;Acesso_SCM>=12Mbps;2025;2296.0
2402808;Acesso_SCM>=12Mbps;2025;1657.0
2402907;Acesso_SCM>=12Mbps;2025;888.0
2403004;Acesso_SCM>=12Mbps;2025;1609.0
2403103;Acesso_SCM>=12Mbps;2025;13088.0
2403202;Acesso_SCM>=12Mbps;2025;976.0
2403251;Acesso_SCM>=12Mbps;2025;100664.0
2403301;Acesso_SCM>=12Mbps;2025;1216.0
2403400;Acesso_SCM>=12Mbps;2025;1265.0
2403509;Acesso_SCM>=12Mbps;2025;568.0
2403608;Acesso_SCM>=12Mbps;2025;21645.0
2403707;Acesso_SCM>=12Mbps;2025;3857.0
2403756;Acesso_SCM>=12Mbps;2025;321.0
2403806;Acesso_SCM>=12Mbps;2025;2365.0
2403905;Acesso_SCM>=12Mbps;2025;513.0
2404002;Acesso_SCM>=12Mbps;2025;508.0
2404101;Acesso_SCM>=12Mbps;2025;622.0
2404200;Acesso_SCM>=12Mbps;2025;7939.0
2404309;Acesso_SCM>=12Mbps;2025;2367.0
2404408;Acesso_SCM>=12Mbps;2025;756.0
2404507;Acesso_SCM>=12Mbps;2025;4556.0
2404606;Acesso_SCM>=12Mbps;2025;833.0
2404705;Acesso_SCM>=12Mbps;2025;1249.0
2404804;Acesso_SCM>=12Mbps;2025;215.0
2404853;Acesso_SCM>=12Mbps;2025;253.0
2404903;Acesso_SCM>=12Mbps;2025;515.0
2405009;Acesso_SCM>=12Mbps;2025;1364.0
2405108;Acesso_SCM>=12Mbps;2025;1769.0
2405207;Acesso_SCM>=12Mbps;2025;835.0
2405306;Acesso_SCM>=12Mbps;2025;456.0
2405405;Acesso_SCM>=12Mbps;2025;976.0
2405504;Acesso_SCM>=12Mbps;2025;8.0
2405603;Acesso_SCM>=12Mbps;2025;1910.0
2405702;Acesso_SCM>=12Mbps;2025;2475.0
2405801;Acesso_SCM>=12Mbps;2025;7677.0
2405900;Acesso_SCM>=12Mbps;2025;102.0
2406007;Acesso_SCM>=12Mbps;2025;1188.0
2406106;Acesso_SCM>=12Mbps;2025;4442.0
2406155;Acesso_SCM>=12Mbps;2025;1962.0
2406205;Acesso_SCM>=12Mbps;2025;1327.0
2406304;Acesso_SCM>=12Mbps;2025;472.0
2406403;Acesso_SCM>=12Mbps;2025;428.0
2406502;Acesso_SCM>=12Mbps;2025;4564.0
2406601;Acesso_SCM>=12Mbps;2025;384.0
2406700;Acesso_SCM>=12Mbps;2025;1110.0
2406809;Acesso_SCM>=12Mbps;2025;1074.0
2406908;Acesso_SCM>=12Mbps;2025;474.0
2407005;Acesso_SCM>=12Mbps;2025;1599.0
2407104;Acesso_SCM>=12Mbps;2025;11988.0
2407203;Acesso_SCM>=12Mbps;2025;7377.0
2407252;Acesso_SCM>=12Mbps;2025;837.0
2407302;Acesso_SCM>=12Mbps;2025;293.0
2407401;Acesso_SCM>=12Mbps;2025;1178.0
2407500;Acesso_SCM>=12Mbps;2025;1841.0
2407609;Acesso_SCM>=12Mbps;2025;469.0
2407708;Acesso_SCM>=12Mbps;2025;861.0
2407807;Acesso_SCM>=12Mbps;2025;1954.0
2407906;Acesso_SCM>=12Mbps;2025;488.0
2408003;Acesso_SCM>=12Mbps;2025;79179.0
2408102;Acesso_SCM>=12Mbps;2025;251761.0
2408201;Acesso_SCM>=12Mbps;2025;9818.0
2408300;Acesso_SCM>=12Mbps;2025;7573.0
2408409;Acesso_SCM>=12Mbps;2025;420.0
2408508;Acesso_SCM>=12Mbps;2025;616.0
2408607;Acesso_SCM>=12Mbps;2025;123.0
2408706;Acesso_SCM>=12Mbps;2025;653.0
2408805;Acesso_SCM>=12Mbps;2025;822.0
2408904;Acesso_SCM>=12Mbps;2025;5190.0
2408953;Acesso_SCM>=12Mbps;2025;3794.0
2409100;Acesso_SCM>=12Mbps;2025;2782.0
2409209;Acesso_SCM>=12Mbps;2025;2130.0
2409308;Acesso_SCM>=12Mbps;2025;874.0
2409332;Acesso_SCM>=12Mbps;2025;742.0
2409407;Acesso_SCM>=12Mbps;2025;8620.0
2409506;Acesso_SCM>=12Mbps;2025;568.0
2409605;Acesso_SCM>=12Mbps;2025;226.0
2409704;Acesso_SCM>=12Mbps;2025;246.0
2409803;Acesso_SCM>=12Mbps;2025;219.0
2409902;Acesso_SCM>=12Mbps;2025;3772.0
2410009;Acesso_SCM>=12Mbps;2025;193.0
2410108;Acesso_SCM>=12Mbps;2025;1337.0
2410207;Acesso_SCM>=12Mbps;2025;870.0
2410256;Acesso_SCM>=12Mbps;2025;600.0
2410306;Acesso_SCM>=12Mbps;2025;2118.0
2410405;Acesso_SCM>=12Mbps;2025;1097.0
2410504;Acesso_SCM>=12Mbps;2025;789.0
2410603;Acesso_SCM>=12Mbps;2025;246.0
2410702;Acesso_SCM>=12Mbps;2025;430.0
2410801;Acesso_SCM>=12Mbps;2025;130.0
2410900;Acesso_SCM>=12Mbps;2025;659.0
2411007;Acesso_SCM>=12Mbps;2025;828.0
2411056;Acesso_SCM>=12Mbps;2025;1183.0
2411106;Acesso_SCM>=12Mbps;2025;613.0
2411205;Acesso_SCM>=12Mbps;2025;8366.0
2411403;Acesso_SCM>=12Mbps;2025;1822.0
2411429;Acesso_SCM>=12Mbps;2025;613.0
2411502;Acesso_SCM>=12Mbps;2025;4313.0
2411601;Acesso_SCM>=12Mbps;2025;705.0
2411700;Acesso_SCM>=12Mbps;2025;184.0
2411809;Acesso_SCM>=12Mbps;2025;784.0
2411908;Acesso_SCM>=12Mbps;2025;550.0
2412005;Acesso_SCM>=12Mbps;2025;28700.0
2412104;Acesso_SCM>=12Mbps;2025;1282.0
2412203;Acesso_SCM>=12Mbps;2025;11120.0
2412302;Acesso_SCM>=12Mbps;2025;917.0
2412401;Acesso_SCM>=12Mbps;2025;1324.0
2412500;Acesso_SCM>=12Mbps;2025;5787.0
2412559;Acesso_SCM>=12Mbps;2025;3162.0
2412609;Acesso_SCM>=12Mbps;2025;4294.0
2412708;Acesso_SCM>=12Mbps;2025;167.0
2412807;Acesso_SCM>=12Mbps;2025;1322.0
2412906;Acesso_SCM>=12Mbps;2025;445.0
2413003;Acesso_SCM>=12Mbps;2025;1576.0
2413102;Acesso_SCM>=12Mbps;2025;619.0
2413201;Acesso_SCM>=12Mbps;2025;144.0
2413300;Acesso_SCM>=12Mbps;2025;679.0
2413359;Acesso_SCM>=12Mbps;2025;1640.0
2413409;Acesso_SCM>=12Mbps;2025;525.0
2413508;Acesso_SCM>=12Mbps;2025;488.0
2413557;Acesso_SCM>=12Mbps;2025;175.0
2413607;Acesso_SCM>=12Mbps;2025;549.0
2413706;Acesso_SCM>=12Mbps;2025;830.0
2413805;Acesso_SCM>=12Mbps;2025;451.0
2413904;Acesso_SCM>=12Mbps;2025;835.0
2414001;Acesso_SCM>=12Mbps;2025;1168.0
2414100;Acesso_SCM>=12Mbps;2025;817.0
2414159;Acesso_SCM>=12Mbps;2025;1948.0
2414209;Acesso_SCM>=12Mbps;2025;5865.0
2414308;Acesso_SCM>=12Mbps;2025;413.0
2414407;Acesso_SCM>=12Mbps;2025;8317.0
2414456;Acesso_SCM>=12Mbps;2025;352.0
2414506;Acesso_SCM>=12Mbps;2025;1781.0
2414605;Acesso_SCM>=12Mbps;2025;2024.0
2414704;Acesso_SCM>=12Mbps;2025;1062.0
2414753;Acesso_SCM>=12Mbps;2025;225.0
2414803;Acesso_SCM>=12Mbps;2025;946.0
2414902;Acesso_SCM>=12Mbps;2025;328.0
2415008;Acesso_SCM>=12Mbps;2025;256.0
2500106;Acesso_SCM>=12Mbps;2025;701.0
2500205;Acesso_SCM>=12Mbps;2025;15.0
2500304;Acesso_SCM>=12Mbps;2025;1079.0
2500403;Acesso_SCM>=12Mbps;2025;2159.0
2500502;Acesso_SCM>=12Mbps;2025;595.0
2500536;Acesso_SCM>=12Mbps;2025;1286.0
2500577;Acesso_SCM>=12Mbps;2025;194.0
2500601;Acesso_SCM>=12Mbps;2025;1844.0
2500700;Acesso_SCM>=12Mbps;2025;3541.0
2500734;Acesso_SCM>=12Mbps;2025;84.0
2500775;Acesso_SCM>=12Mbps;2025;772.0
2500809;Acesso_SCM>=12Mbps;2025;702.0
2500908;Acesso_SCM>=12Mbps;2025;1042.0
2501005;Acesso_SCM>=12Mbps;2025;2757.0
2501104;Acesso_SCM>=12Mbps;2025;2940.0
2501153;Acesso_SCM>=12Mbps;2025;4.0
2501203;Acesso_SCM>=12Mbps;2025;1285.0
2501302;Acesso_SCM>=12Mbps;2025;1643.0
2501351;Acesso_SCM>=12Mbps;2025;326.0
2501401;Acesso_SCM>=12Mbps;2025;880.0
2501500;Acesso_SCM>=12Mbps;2025;3471.0
2501534;Acesso_SCM>=12Mbps;2025;949.0
2501575;Acesso_SCM>=12Mbps;2025;1162.0
2501609;Acesso_SCM>=12Mbps;2025;1729.0
2501708;Acesso_SCM>=12Mbps;2025;58.0
2501807;Acesso_SCM>=12Mbps;2025;13186.0
2501906;Acesso_SCM>=12Mbps;2025;28.0
2502003;Acesso_SCM>=12Mbps;2025;372.0
2502052;Acesso_SCM>=12Mbps;2025;339.0
2502102;Acesso_SCM>=12Mbps;2025;587.0
2502151;Acesso_SCM>=12Mbps;2025;797.0
2502201;Acesso_SCM>=12Mbps;2025;382.0
2502300;Acesso_SCM>=12Mbps;2025;609.0
2502409;Acesso_SCM>=12Mbps;2025;952.0
2502508;Acesso_SCM>=12Mbps;2025;172.0
2502607;Acesso_SCM>=12Mbps;2025;860.0
2502706;Acesso_SCM>=12Mbps;2025;9.0
2502805;Acesso_SCM>=12Mbps;2025;226.0
2502904;Acesso_SCM>=12Mbps;2025;637.0
2503001;Acesso_SCM>=12Mbps;2025;3653.0
2503100;Acesso_SCM>=12Mbps;2025;57.0
2503209;Acesso_SCM>=12Mbps;2025;26484.0
2503308;Acesso_SCM>=12Mbps;2025;664.0
2503407;Acesso_SCM>=12Mbps;2025;1.0
2503506;Acesso_SCM>=12Mbps;2025;312.0
2503555;Acesso_SCM>=12Mbps;2025;9.0
2503605;Acesso_SCM>=12Mbps;2025;10.0
2503704;Acesso_SCM>=12Mbps;2025;16745.0
2503753;Acesso_SCM>=12Mbps;2025;322.0
2503803;Acesso_SCM>=12Mbps;2025;541.0
2503902;Acesso_SCM>=12Mbps;2025;1313.0
2504009;Acesso_SCM>=12Mbps;2025;113162.0
2504033;Acesso_SCM>=12Mbps;2025;497.0
2504074;Acesso_SCM>=12Mbps;2025;19.0
2504108;Acesso_SCM>=12Mbps;2025;723.0
2504157;Acesso_SCM>=12Mbps;2025;567.0
2504207;Acesso_SCM>=12Mbps;2025;515.0
2504306;Acesso_SCM>=12Mbps;2025;5690.0
2504355;Acesso_SCM>=12Mbps;2025;8.0
2504405;Acesso_SCM>=12Mbps;2025;1365.0
2504504;Acesso_SCM>=12Mbps;2025;1281.0
2504603;Acesso_SCM>=12Mbps;2025;9800.0
2504702;Acesso_SCM>=12Mbps;2025;302.0
2504801;Acesso_SCM>=12Mbps;2025;761.0
2504850;Acesso_SCM>=12Mbps;2025;2.0
2504900;Acesso_SCM>=12Mbps;2025;3319.0
2505006;Acesso_SCM>=12Mbps;2025;1296.0
2505105;Acesso_SCM>=12Mbps;2025;4604.0
2505204;Acesso_SCM>=12Mbps;2025;834.0
2505238;Acesso_SCM>=12Mbps;2025;10.0
2505279;Acesso_SCM>=12Mbps;2025;108.0
2505303;Acesso_SCM>=12Mbps;2025;215.0
2505352;Acesso_SCM>=12Mbps;2025;1050.0
2505402;Acesso_SCM>=12Mbps;2025;146.0
2505501;Acesso_SCM>=12Mbps;2025;169.0
2505600;Acesso_SCM>=12Mbps;2025;657.0
2505709;Acesso_SCM>=12Mbps;2025;6.0
2505808;Acesso_SCM>=12Mbps;2025;2.0
2505907;Acesso_SCM>=12Mbps;2025;217.0
2506004;Acesso_SCM>=12Mbps;2025;5547.0
2506103;Acesso_SCM>=12Mbps;2025;78.0
2506202;Acesso_SCM>=12Mbps;2025;677.0
2506251;Acesso_SCM>=12Mbps;2025;579.0
2506301;Acesso_SCM>=12Mbps;2025;16287.0
2506400;Acesso_SCM>=12Mbps;2025;660.0
2506509;Acesso_SCM>=12Mbps;2025;258.0
2506608;Acesso_SCM>=12Mbps;2025;2.0
2506707;Acesso_SCM>=12Mbps;2025;272.0
2506806;Acesso_SCM>=12Mbps;2025;2079.0
2506905;Acesso_SCM>=12Mbps;2025;2502.0
2507002;Acesso_SCM>=12Mbps;2025;4238.0
2507101;Acesso_SCM>=12Mbps;2025;156.0
2507200;Acesso_SCM>=12Mbps;2025;1160.0
2507309;Acesso_SCM>=12Mbps;2025;685.0
2507408;Acesso_SCM>=12Mbps;2025;501.0
2507507;Acesso_SCM>=12Mbps;2025;287570.0
2507606;Acesso_SCM>=12Mbps;2025;876.0
2507705;Acesso_SCM>=12Mbps;2025;2267.0
2507804;Acesso_SCM>=12Mbps;2025;1411.0
2507903;Acesso_SCM>=12Mbps;2025;1346.0
2508000;Acesso_SCM>=12Mbps;2025;502.0
2508109;Acesso_SCM>=12Mbps;2025;159.0
2508208;Acesso_SCM>=12Mbps;2025;321.0
2508307;Acesso_SCM>=12Mbps;2025;2816.0
2508406;Acesso_SCM>=12Mbps;2025;121.0
2508505;Acesso_SCM>=12Mbps;2025;10.0
2508554;Acesso_SCM>=12Mbps;2025;50.0
2508604;Acesso_SCM>=12Mbps;2025;2041.0
2508703;Acesso_SCM>=12Mbps;2025;6.0
2508802;Acesso_SCM>=12Mbps;2025;244.0
2508901;Acesso_SCM>=12Mbps;2025;8831.0
2509008;Acesso_SCM>=12Mbps;2025;1031.0
2509057;Acesso_SCM>=12Mbps;2025;63.0
2509107;Acesso_SCM>=12Mbps;2025;1715.0
2509156;Acesso_SCM>=12Mbps;2025;1247.0
2509206;Acesso_SCM>=12Mbps;2025;1363.0
2509305;Acesso_SCM>=12Mbps;2025;202.0
2509339;Acesso_SCM>=12Mbps;2025;126.0
2509370;Acesso_SCM>=12Mbps;2025;320.0
2509396;Acesso_SCM>=12Mbps;2025;356.0
2509404;Acesso_SCM>=12Mbps;2025;1458.0
2509503;Acesso_SCM>=12Mbps;2025;765.0
2509602;Acesso_SCM>=12Mbps;2025;667.0
2509701;Acesso_SCM>=12Mbps;2025;4416.0
2509800;Acesso_SCM>=12Mbps;2025;983.0
2509909;Acesso_SCM>=12Mbps;2025;616.0
2510006;Acesso_SCM>=12Mbps;2025;512.0
2510105;Acesso_SCM>=12Mbps;2025;2513.0
2510204;Acesso_SCM>=12Mbps;2025;462.0
2510303;Acesso_SCM>=12Mbps;2025;786.0
2510402;Acesso_SCM>=12Mbps;2025;323.0
2510501;Acesso_SCM>=12Mbps;2025;472.0
2510600;Acesso_SCM>=12Mbps;2025;56.0
2510659;Acesso_SCM>=12Mbps;2025;5.0
2510709;Acesso_SCM>=12Mbps;2025;9.0
2510808;Acesso_SCM>=12Mbps;2025;31664.0
2510907;Acesso_SCM>=12Mbps;2025;192.0
2511004;Acesso_SCM>=12Mbps;2025;528.0
2511103;Acesso_SCM>=12Mbps;2025;546.0
2511202;Acesso_SCM>=12Mbps;2025;2631.0
2511301;Acesso_SCM>=12Mbps;2025;1134.0
2511400;Acesso_SCM>=12Mbps;2025;3487.0
2511509;Acesso_SCM>=12Mbps;2025;1204.0
2511608;Acesso_SCM>=12Mbps;2025;894.0
2511707;Acesso_SCM>=12Mbps;2025;78.0
2511806;Acesso_SCM>=12Mbps;2025;754.0
2511905;Acesso_SCM>=12Mbps;2025;2989.0
2512002;Acesso_SCM>=12Mbps;2025;2418.0
2512036;Acesso_SCM>=12Mbps;2025;291.0
2512077;Acesso_SCM>=12Mbps;2025;1147.0
2512101;Acesso_SCM>=12Mbps;2025;8318.0
2512200;Acesso_SCM>=12Mbps;2025;619.0
2512309;Acesso_SCM>=12Mbps;2025;3291.0
2512408;Acesso_SCM>=12Mbps;2025;1196.0
2512507;Acesso_SCM>=12Mbps;2025;2912.0
2512606;Acesso_SCM>=12Mbps;2025;36.0
2512705;Acesso_SCM>=12Mbps;2025;3802.0
2512721;Acesso_SCM>=12Mbps;2025;180.0
2512747;Acesso_SCM>=12Mbps;2025;787.0
2512754;Acesso_SCM>=12Mbps;2025;237.0
2512762;Acesso_SCM>=12Mbps;2025;344.0
2512788;Acesso_SCM>=12Mbps;2025;599.0
2512804;Acesso_SCM>=12Mbps;2025;396.0
2512903;Acesso_SCM>=12Mbps;2025;4774.0
2513000;Acesso_SCM>=12Mbps;2025;635.0
2513109;Acesso_SCM>=12Mbps;2025;854.0
2513158;Acesso_SCM>=12Mbps;2025;290.0
2513208;Acesso_SCM>=12Mbps;2025;415.0
2513307;Acesso_SCM>=12Mbps;2025;627.0
2513356;Acesso_SCM>=12Mbps;2025;328.0
2513406;Acesso_SCM>=12Mbps;2025;4069.0
2513505;Acesso_SCM>=12Mbps;2025;67.0
2513604;Acesso_SCM>=12Mbps;2025;472.0
2513653;Acesso_SCM>=12Mbps;2025;706.0
2513703;Acesso_SCM>=12Mbps;2025;25008.0
2513802;Acesso_SCM>=12Mbps;2025;107.0
2513851;Acesso_SCM>=12Mbps;2025;118.0
2513901;Acesso_SCM>=12Mbps;2025;5218.0
2513927;Acesso_SCM>=12Mbps;2025;373.0
2513943;Acesso_SCM>=12Mbps;2025;5.0
2513968;Acesso_SCM>=12Mbps;2025;1.0
2513984;Acesso_SCM>=12Mbps;2025;281.0
2514008;Acesso_SCM>=12Mbps;2025;263.0
2514107;Acesso_SCM>=12Mbps;2025;146.0
2514206;Acesso_SCM>=12Mbps;2025;437.0
2514305;Acesso_SCM>=12Mbps;2025;713.0
2514404;Acesso_SCM>=12Mbps;2025;434.0
2514453;Acesso_SCM>=12Mbps;2025;200.0
2514503;Acesso_SCM>=12Mbps;2025;2643.0
2514552;Acesso_SCM>=12Mbps;2025;195.0
2514602;Acesso_SCM>=12Mbps;2025;57.0
2514651;Acesso_SCM>=12Mbps;2025;66.0
2514701;Acesso_SCM>=12Mbps;2025;701.0
2514800;Acesso_SCM>=12Mbps;2025;5.0
2514909;Acesso_SCM>=12Mbps;2025;1384.0
2515005;Acesso_SCM>=12Mbps;2025;813.0
2515104;Acesso_SCM>=12Mbps;2025;394.0
2515203;Acesso_SCM>=12Mbps;2025;404.0
2515302;Acesso_SCM>=12Mbps;2025;3356.0
2515401;Acesso_SCM>=12Mbps;2025;1355.0
2515500;Acesso_SCM>=12Mbps;2025;2559.0
2515609;Acesso_SCM>=12Mbps;2025;7.0
2515708;Acesso_SCM>=12Mbps;2025;908.0
2515807;Acesso_SCM>=12Mbps;2025;1075.0
2515906;Acesso_SCM>=12Mbps;2025;44.0
2515930;Acesso_SCM>=12Mbps;2025;191.0
2515971;Acesso_SCM>=12Mbps;2025;388.0
2516003;Acesso_SCM>=12Mbps;2025;3909.0
2516102;Acesso_SCM>=12Mbps;2025;2705.0
2516151;Acesso_SCM>=12Mbps;2025;608.0
2516201;Acesso_SCM>=12Mbps;2025;11284.0
2516300;Acesso_SCM>=12Mbps;2025;3817.0
2516409;Acesso_SCM>=12Mbps;2025;454.0
2516508;Acesso_SCM>=12Mbps;2025;1742.0
2516607;Acesso_SCM>=12Mbps;2025;3564.0
2516706;Acesso_SCM>=12Mbps;2025;1018.0
2516755;Acesso_SCM>=12Mbps;2025;462.0
2516805;Acesso_SCM>=12Mbps;2025;1757.0
2516904;Acesso_SCM>=12Mbps;2025;2671.0
2517001;Acesso_SCM>=12Mbps;2025;58.0
2517100;Acesso_SCM>=12Mbps;2025;647.0
2517209;Acesso_SCM>=12Mbps;2025;376.0
2517407;Acesso_SCM>=12Mbps;2025;277.0
2600054;Acesso_SCM>=12Mbps;2025;8769.0
2600104;Acesso_SCM>=12Mbps;2025;4806.0
2600203;Acesso_SCM>=12Mbps;2025;1019.0
2600302;Acesso_SCM>=12Mbps;2025;3450.0
2600401;Acesso_SCM>=12Mbps;2025;422.0
2600500;Acesso_SCM>=12Mbps;2025;4257.0
2600609;Acesso_SCM>=12Mbps;2025;2358.0
2600708;Acesso_SCM>=12Mbps;2025;3868.0
2600807;Acesso_SCM>=12Mbps;2025;3407.0
2600906;Acesso_SCM>=12Mbps;2025;1915.0
2601003;Acesso_SCM>=12Mbps;2025;1189.0
2601052;Acesso_SCM>=12Mbps;2025;14.0
2601102;Acesso_SCM>=12Mbps;2025;16759.0
2601201;Acesso_SCM>=12Mbps;2025;7808.0
2601300;Acesso_SCM>=12Mbps;2025;2340.0
2601409;Acesso_SCM>=12Mbps;2025;4524.0
2601508;Acesso_SCM>=12Mbps;2025;16.0
2601607;Acesso_SCM>=12Mbps;2025;4887.0
2601706;Acesso_SCM>=12Mbps;2025;17501.0
2601805;Acesso_SCM>=12Mbps;2025;1751.0
2601904;Acesso_SCM>=12Mbps;2025;16017.0
2602001;Acesso_SCM>=12Mbps;2025;1067.0
2602100;Acesso_SCM>=12Mbps;2025;3848.0
2602209;Acesso_SCM>=12Mbps;2025;1588.0
2602308;Acesso_SCM>=12Mbps;2025;8067.0
2602407;Acesso_SCM>=12Mbps;2025;358.0
2602506;Acesso_SCM>=12Mbps;2025;7.0
2602605;Acesso_SCM>=12Mbps;2025;6815.0
2602704;Acesso_SCM>=12Mbps;2025;772.0
2602803;Acesso_SCM>=12Mbps;2025;4661.0
2602902;Acesso_SCM>=12Mbps;2025;30221.0
2603009;Acesso_SCM>=12Mbps;2025;5090.0
2603108;Acesso_SCM>=12Mbps;2025;1685.0
2603207;Acesso_SCM>=12Mbps;2025;3753.0
2603306;Acesso_SCM>=12Mbps;2025;312.0
2603405;Acesso_SCM>=12Mbps;2025;19.0
2603454;Acesso_SCM>=12Mbps;2025;23778.0
2603504;Acesso_SCM>=12Mbps;2025;3516.0
2603603;Acesso_SCM>=12Mbps;2025;1872.0
2603702;Acesso_SCM>=12Mbps;2025;2492.0
2603801;Acesso_SCM>=12Mbps;2025;726.0
2603900;Acesso_SCM>=12Mbps;2025;1222.0
2603926;Acesso_SCM>=12Mbps;2025;1045.0
2604007;Acesso_SCM>=12Mbps;2025;13059.0
2604106;Acesso_SCM>=12Mbps;2025;69720.0
2604155;Acesso_SCM>=12Mbps;2025;1045.0
2604205;Acesso_SCM>=12Mbps;2025;79.0
2604304;Acesso_SCM>=12Mbps;2025;1981.0
2604403;Acesso_SCM>=12Mbps;2025;126.0
2604502;Acesso_SCM>=12Mbps;2025;3786.0
2604601;Acesso_SCM>=12Mbps;2025;4968.0
2604700;Acesso_SCM>=12Mbps;2025;793.0
2604809;Acesso_SCM>=12Mbps;2025;241.0
2604908;Acesso_SCM>=12Mbps;2025;1686.0
2605004;Acesso_SCM>=12Mbps;2025;4143.0
2605103;Acesso_SCM>=12Mbps;2025;3927.0
2605152;Acesso_SCM>=12Mbps;2025;3179.0
2605202;Acesso_SCM>=12Mbps;2025;10282.0
2605301;Acesso_SCM>=12Mbps;2025;1640.0
2605400;Acesso_SCM>=12Mbps;2025;1534.0
2605459;Acesso_SCM>=12Mbps;2025;13837.0
2605509;Acesso_SCM>=12Mbps;2025;2100.0
2605608;Acesso_SCM>=12Mbps;2025;943.0
2605707;Acesso_SCM>=12Mbps;2025;5415.0
2605806;Acesso_SCM>=12Mbps;2025;275.0
2605905;Acesso_SCM>=12Mbps;2025;2095.0
2606002;Acesso_SCM>=12Mbps;2025;32134.0
2606101;Acesso_SCM>=12Mbps;2025;1190.0
2606200;Acesso_SCM>=12Mbps;2025;21484.0
2606309;Acesso_SCM>=12Mbps;2025;124.0
2606408;Acesso_SCM>=12Mbps;2025;20126.0
2606507;Acesso_SCM>=12Mbps;2025;2227.0
2606606;Acesso_SCM>=12Mbps;2025;2660.0
2606705;Acesso_SCM>=12Mbps;2025;694.0
2606804;Acesso_SCM>=12Mbps;2025;11626.0
2606903;Acesso_SCM>=12Mbps;2025;72.0
2607000;Acesso_SCM>=12Mbps;2025;1274.0
2607109;Acesso_SCM>=12Mbps;2025;946.0
2607208;Acesso_SCM>=12Mbps;2025;18672.0
2607307;Acesso_SCM>=12Mbps;2025;3355.0
2607406;Acesso_SCM>=12Mbps;2025;798.0
2607505;Acesso_SCM>=12Mbps;2025;382.0
2607604;Acesso_SCM>=12Mbps;2025;4434.0
2607653;Acesso_SCM>=12Mbps;2025;4640.0
2607703;Acesso_SCM>=12Mbps;2025;699.0
2607752;Acesso_SCM>=12Mbps;2025;796.0
2607802;Acesso_SCM>=12Mbps;2025;1736.0
2607901;Acesso_SCM>=12Mbps;2025;57765.0
2607950;Acesso_SCM>=12Mbps;2025;29.0
2608008;Acesso_SCM>=12Mbps;2025;1348.0
2608057;Acesso_SCM>=12Mbps;2025;1465.0
2608107;Acesso_SCM>=12Mbps;2025;626.0
2608206;Acesso_SCM>=12Mbps;2025;363.0
2608255;Acesso_SCM>=12Mbps;2025;955.0
2608305;Acesso_SCM>=12Mbps;2025;2527.0
2608404;Acesso_SCM>=12Mbps;2025;583.0
2608453;Acesso_SCM>=12Mbps;2025;2367.0
2608503;Acesso_SCM>=12Mbps;2025;145.0
2608602;Acesso_SCM>=12Mbps;2025;585.0
2608701;Acesso_SCM>=12Mbps;2025;1669.0
2608750;Acesso_SCM>=12Mbps;2025;4227.0
2608800;Acesso_SCM>=12Mbps;2025;6899.0
2608909;Acesso_SCM>=12Mbps;2025;9176.0
2609006;Acesso_SCM>=12Mbps;2025;789.0
2609105;Acesso_SCM>=12Mbps;2025;230.0
2609154;Acesso_SCM>=12Mbps;2025;494.0
2609204;Acesso_SCM>=12Mbps;2025;160.0
2609303;Acesso_SCM>=12Mbps;2025;1103.0
2609402;Acesso_SCM>=12Mbps;2025;7114.0
2609501;Acesso_SCM>=12Mbps;2025;4347.0
2609600;Acesso_SCM>=12Mbps;2025;44452.0
2609709;Acesso_SCM>=12Mbps;2025;2616.0
2609808;Acesso_SCM>=12Mbps;2025;1971.0
2609907;Acesso_SCM>=12Mbps;2025;12570.0
2610004;Acesso_SCM>=12Mbps;2025;4523.0
2610103;Acesso_SCM>=12Mbps;2025;319.0
2610202;Acesso_SCM>=12Mbps;2025;1110.0
2610301;Acesso_SCM>=12Mbps;2025;867.0
2610400;Acesso_SCM>=12Mbps;2025;685.0
2610509;Acesso_SCM>=12Mbps;2025;1394.0
2610608;Acesso_SCM>=12Mbps;2025;5830.0
2610707;Acesso_SCM>=12Mbps;2025;39767.0
2610806;Acesso_SCM>=12Mbps;2025;2413.0
2610905;Acesso_SCM>=12Mbps;2025;12008.0
2611002;Acesso_SCM>=12Mbps;2025;10669.0
2611101;Acesso_SCM>=12Mbps;2025;107935.0
2611200;Acesso_SCM>=12Mbps;2025;1475.0
2611309;Acesso_SCM>=12Mbps;2025;5561.0
2611408;Acesso_SCM>=12Mbps;2025;3851.0
2611507;Acesso_SCM>=12Mbps;2025;599.0
2611533;Acesso_SCM>=12Mbps;2025;370.0
2611606;Acesso_SCM>=12Mbps;2025;267900.0
2611705;Acesso_SCM>=12Mbps;2025;2725.0
2611804;Acesso_SCM>=12Mbps;2025;5622.0
2611903;Acesso_SCM>=12Mbps;2025;2866.0
2612000;Acesso_SCM>=12Mbps;2025;2616.0
2612109;Acesso_SCM>=12Mbps;2025;34.0
2612208;Acesso_SCM>=12Mbps;2025;9680.0
2612307;Acesso_SCM>=12Mbps;2025;1165.0
2612406;Acesso_SCM>=12Mbps;2025;3325.0
2612455;Acesso_SCM>=12Mbps;2025;869.0
2612471;Acesso_SCM>=12Mbps;2025;1013.0
2612505;Acesso_SCM>=12Mbps;2025;12015.0
2612554;Acesso_SCM>=12Mbps;2025;372.0
2612604;Acesso_SCM>=12Mbps;2025;3382.0
2612703;Acesso_SCM>=12Mbps;2025;354.0
2612802;Acesso_SCM>=12Mbps;2025;1049.0
2612901;Acesso_SCM>=12Mbps;2025;49.0
2613008;Acesso_SCM>=12Mbps;2025;5963.0
2613107;Acesso_SCM>=12Mbps;2025;1561.0
2613206;Acesso_SCM>=12Mbps;2025;1281.0
2613305;Acesso_SCM>=12Mbps;2025;1156.0
2613404;Acesso_SCM>=12Mbps;2025;5010.0
2613503;Acesso_SCM>=12Mbps;2025;2407.0
2613602;Acesso_SCM>=12Mbps;2025;4168.0
2613701;Acesso_SCM>=12Mbps;2025;16966.0
2613800;Acesso_SCM>=12Mbps;2025;893.0
2613909;Acesso_SCM>=12Mbps;2025;19535.0
2614006;Acesso_SCM>=12Mbps;2025;2191.0
2614105;Acesso_SCM>=12Mbps;2025;4154.0
2614204;Acesso_SCM>=12Mbps;2025;4796.0
2614303;Acesso_SCM>=12Mbps;2025;273.0
2614402;Acesso_SCM>=12Mbps;2025;382.0
2614501;Acesso_SCM>=12Mbps;2025;6890.0
2614600;Acesso_SCM>=12Mbps;2025;3957.0
2614709;Acesso_SCM>=12Mbps;2025;1986.0
2614808;Acesso_SCM>=12Mbps;2025;4038.0
2614857;Acesso_SCM>=12Mbps;2025;6885.0
2615003;Acesso_SCM>=12Mbps;2025;2613.0
2615102;Acesso_SCM>=12Mbps;2025;209.0
2615201;Acesso_SCM>=12Mbps;2025;536.0
2615300;Acesso_SCM>=12Mbps;2025;10478.0
2615409;Acesso_SCM>=12Mbps;2025;4708.0
2615508;Acesso_SCM>=12Mbps;2025;1017.0
2615607;Acesso_SCM>=12Mbps;2025;4296.0
2615706;Acesso_SCM>=12Mbps;2025;743.0
2615805;Acesso_SCM>=12Mbps;2025;1707.0
2615904;Acesso_SCM>=12Mbps;2025;544.0
2616001;Acesso_SCM>=12Mbps;2025;3291.0
2616100;Acesso_SCM>=12Mbps;2025;1244.0
2616183;Acesso_SCM>=12Mbps;2025;195.0
2616209;Acesso_SCM>=12Mbps;2025;1060.0
2616308;Acesso_SCM>=12Mbps;2025;996.0
2616407;Acesso_SCM>=12Mbps;2025;25431.0
2616506;Acesso_SCM>=12Mbps;2025;76.0
2700102;Acesso_SCM>=12Mbps;2025;2446.0
2700201;Acesso_SCM>=12Mbps;2025;202.0
2700300;Acesso_SCM>=12Mbps;2025;34251.0
2700409;Acesso_SCM>=12Mbps;2025;2407.0
2700508;Acesso_SCM>=12Mbps;2025;991.0
2700607;Acesso_SCM>=12Mbps;2025;797.0
2700706;Acesso_SCM>=12Mbps;2025;1572.0
2700805;Acesso_SCM>=12Mbps;2025;104.0
2700904;Acesso_SCM>=12Mbps;2025;177.0
2701001;Acesso_SCM>=12Mbps;2025;563.0
2701100;Acesso_SCM>=12Mbps;2025;917.0
2701209;Acesso_SCM>=12Mbps;2025;684.0
2701308;Acesso_SCM>=12Mbps;2025;1065.0
2701357;Acesso_SCM>=12Mbps;2025;16.0
2701407;Acesso_SCM>=12Mbps;2025;1153.0
2701506;Acesso_SCM>=12Mbps;2025;61.0
2701605;Acesso_SCM>=12Mbps;2025;1673.0
2701704;Acesso_SCM>=12Mbps;2025;117.0
2701803;Acesso_SCM>=12Mbps;2025;295.0
2701902;Acesso_SCM>=12Mbps;2025;18.0
2702009;Acesso_SCM>=12Mbps;2025;529.0
2702108;Acesso_SCM>=12Mbps;2025;453.0
2702207;Acesso_SCM>=12Mbps;2025;764.0
2702306;Acesso_SCM>=12Mbps;2025;68.0
2702355;Acesso_SCM>=12Mbps;2025;236.0
2702405;Acesso_SCM>=12Mbps;2025;6901.0
2702504;Acesso_SCM>=12Mbps;2025;443.0
2702553;Acesso_SCM>=12Mbps;2025;356.0
2702603;Acesso_SCM>=12Mbps;2025;460.0
2702702;Acesso_SCM>=12Mbps;2025;4.0
2702801;Acesso_SCM>=12Mbps;2025;541.0
2702900;Acesso_SCM>=12Mbps;2025;1258.0
2703007;Acesso_SCM>=12Mbps;2025;31.0
2703106;Acesso_SCM>=12Mbps;2025;3287.0
2703205;Acesso_SCM>=12Mbps;2025;13.0
2703304;Acesso_SCM>=12Mbps;2025;1023.0
2703403;Acesso_SCM>=12Mbps;2025;285.0
2703502;Acesso_SCM>=12Mbps;2025;296.0
2703601;Acesso_SCM>=12Mbps;2025;1380.0
2703700;Acesso_SCM>=12Mbps;2025;362.0
2703759;Acesso_SCM>=12Mbps;2025;16.0
2703809;Acesso_SCM>=12Mbps;2025;159.0
2703908;Acesso_SCM>=12Mbps;2025;48.0
2704005;Acesso_SCM>=12Mbps;2025;388.0
2704104;Acesso_SCM>=12Mbps;2025;55.0
2704203;Acesso_SCM>=12Mbps;2025;2939.0
2704302;Acesso_SCM>=12Mbps;2025;206758.0
2704401;Acesso_SCM>=12Mbps;2025;1551.0
2704500;Acesso_SCM>=12Mbps;2025;6376.0
2704609;Acesso_SCM>=12Mbps;2025;859.0
2704708;Acesso_SCM>=12Mbps;2025;11071.0
2704807;Acesso_SCM>=12Mbps;2025;443.0
2704906;Acesso_SCM>=12Mbps;2025;29.0
2705002;Acesso_SCM>=12Mbps;2025;1882.0
2705101;Acesso_SCM>=12Mbps;2025;1416.0
2705200;Acesso_SCM>=12Mbps;2025;1452.0
2705309;Acesso_SCM>=12Mbps;2025;292.0
2705408;Acesso_SCM>=12Mbps;2025;252.0
2705507;Acesso_SCM>=12Mbps;2025;789.0
2705606;Acesso_SCM>=12Mbps;2025;299.0
2705705;Acesso_SCM>=12Mbps;2025;3603.0
2705804;Acesso_SCM>=12Mbps;2025;200.0
2705903;Acesso_SCM>=12Mbps;2025;56.0
2706000;Acesso_SCM>=12Mbps;2025;742.0
2706109;Acesso_SCM>=12Mbps;2025;519.0
2706208;Acesso_SCM>=12Mbps;2025;449.0
2706307;Acesso_SCM>=12Mbps;2025;5627.0
2706406;Acesso_SCM>=12Mbps;2025;209.0
2706422;Acesso_SCM>=12Mbps;2025;846.0
2706448;Acesso_SCM>=12Mbps;2025;1987.0
2706505;Acesso_SCM>=12Mbps;2025;1259.0
2706604;Acesso_SCM>=12Mbps;2025;11.0
2706703;Acesso_SCM>=12Mbps;2025;82.0
2706802;Acesso_SCM>=12Mbps;2025;35.0
2706901;Acesso_SCM>=12Mbps;2025;3124.0
2707008;Acesso_SCM>=12Mbps;2025;9.0
2707107;Acesso_SCM>=12Mbps;2025;2684.0
2707206;Acesso_SCM>=12Mbps;2025;476.0
2707305;Acesso_SCM>=12Mbps;2025;757.0
2707404;Acesso_SCM>=12Mbps;2025;703.0
2707503;Acesso_SCM>=12Mbps;2025;94.0
2707602;Acesso_SCM>=12Mbps;2025;128.0
2707701;Acesso_SCM>=12Mbps;2025;9101.0
2707800;Acesso_SCM>=12Mbps;2025;115.0
2707909;Acesso_SCM>=12Mbps;2025;137.0
2708006;Acesso_SCM>=12Mbps;2025;3491.0
2708105;Acesso_SCM>=12Mbps;2025;1143.0
2708204;Acesso_SCM>=12Mbps;2025;9.0
2708303;Acesso_SCM>=12Mbps;2025;1626.0
2708402;Acesso_SCM>=12Mbps;2025;1249.0
2708501;Acesso_SCM>=12Mbps;2025;1055.0
2708600;Acesso_SCM>=12Mbps;2025;4044.0
2708709;Acesso_SCM>=12Mbps;2025;1107.0
2708808;Acesso_SCM>=12Mbps;2025;139.0
2708907;Acesso_SCM>=12Mbps;2025;287.0
2708956;Acesso_SCM>=12Mbps;2025;264.0
2709004;Acesso_SCM>=12Mbps;2025;276.0
2709103;Acesso_SCM>=12Mbps;2025;796.0
2709152;Acesso_SCM>=12Mbps;2025;2354.0
2709202;Acesso_SCM>=12Mbps;2025;1089.0
2709301;Acesso_SCM>=12Mbps;2025;6083.0
2709400;Acesso_SCM>=12Mbps;2025;617.0
2800100;Acesso_SCM>=12Mbps;2025;49.0
2800209;Acesso_SCM>=12Mbps;2025;1777.0
2800308;Acesso_SCM>=12Mbps;2025;199304.0
2800407;Acesso_SCM>=12Mbps;2025;901.0
2800506;Acesso_SCM>=12Mbps;2025;4268.0
2800605;Acesso_SCM>=12Mbps;2025;8837.0
2800670;Acesso_SCM>=12Mbps;2025;1882.0
2800704;Acesso_SCM>=12Mbps;2025;183.0
2801009;Acesso_SCM>=12Mbps;2025;3589.0
2801108;Acesso_SCM>=12Mbps;2025;484.0
2801207;Acesso_SCM>=12Mbps;2025;3408.0
2801306;Acesso_SCM>=12Mbps;2025;4222.0
2801405;Acesso_SCM>=12Mbps;2025;3042.0
2801504;Acesso_SCM>=12Mbps;2025;1600.0
2801603;Acesso_SCM>=12Mbps;2025;346.0
2801702;Acesso_SCM>=12Mbps;2025;887.0
2801900;Acesso_SCM>=12Mbps;2025;636.0
2802007;Acesso_SCM>=12Mbps;2025;173.0
2802106;Acesso_SCM>=12Mbps;2025;6267.0
2802205;Acesso_SCM>=12Mbps;2025;788.0
2802304;Acesso_SCM>=12Mbps;2025;1479.0
2802403;Acesso_SCM>=12Mbps;2025;1766.0
2802502;Acesso_SCM>=12Mbps;2025;463.0
2802601;Acesso_SCM>=12Mbps;2025;574.0
2802700;Acesso_SCM>=12Mbps;2025;126.0
2802809;Acesso_SCM>=12Mbps;2025;920.0
2802908;Acesso_SCM>=12Mbps;2025;24339.0
2803005;Acesso_SCM>=12Mbps;2025;1760.0
2803104;Acesso_SCM>=12Mbps;2025;870.0
2803203;Acesso_SCM>=12Mbps;2025;10113.0
2803302;Acesso_SCM>=12Mbps;2025;2407.0
2803401;Acesso_SCM>=12Mbps;2025;951.0
2803500;Acesso_SCM>=12Mbps;2025;28377.0
2803609;Acesso_SCM>=12Mbps;2025;5981.0
2803708;Acesso_SCM>=12Mbps;2025;884.0
2803807;Acesso_SCM>=12Mbps;2025;558.0
2803906;Acesso_SCM>=12Mbps;2025;1536.0
2804003;Acesso_SCM>=12Mbps;2025;1732.0
2804102;Acesso_SCM>=12Mbps;2025;671.0
2804201;Acesso_SCM>=12Mbps;2025;616.0
2804300;Acesso_SCM>=12Mbps;2025;594.0
2804409;Acesso_SCM>=12Mbps;2025;313.0
2804458;Acesso_SCM>=12Mbps;2025;315.0
2804508;Acesso_SCM>=12Mbps;2025;8108.0
2804607;Acesso_SCM>=12Mbps;2025;5483.0
2804706;Acesso_SCM>=12Mbps;2025;1159.0
2804805;Acesso_SCM>=12Mbps;2025;46050.0
2804904;Acesso_SCM>=12Mbps;2025;604.0
2805000;Acesso_SCM>=12Mbps;2025;269.0
2805109;Acesso_SCM>=12Mbps;2025;1635.0
2805208;Acesso_SCM>=12Mbps;2025;609.0
2805307;Acesso_SCM>=12Mbps;2025;839.0
2805406;Acesso_SCM>=12Mbps;2025;1339.0
2805505;Acesso_SCM>=12Mbps;2025;4600.0
2805604;Acesso_SCM>=12Mbps;2025;864.0
2805703;Acesso_SCM>=12Mbps;2025;2405.0
2805802;Acesso_SCM>=12Mbps;2025;2135.0
2805901;Acesso_SCM>=12Mbps;2025;517.0
2806008;Acesso_SCM>=12Mbps;2025;4277.0
2806107;Acesso_SCM>=12Mbps;2025;1764.0
2806206;Acesso_SCM>=12Mbps;2025;5074.0
2806305;Acesso_SCM>=12Mbps;2025;405.0
2806404;Acesso_SCM>=12Mbps;2025;58.0
2806503;Acesso_SCM>=12Mbps;2025;307.0
2806602;Acesso_SCM>=12Mbps;2025;862.0
2806701;Acesso_SCM>=12Mbps;2025;21965.0
2806800;Acesso_SCM>=12Mbps;2025;733.0
2806909;Acesso_SCM>=12Mbps;2025;1022.0
2807006;Acesso_SCM>=12Mbps;2025;288.0
2807105;Acesso_SCM>=12Mbps;2025;11123.0
2807204;Acesso_SCM>=12Mbps;2025;693.0
2807303;Acesso_SCM>=12Mbps;2025;117.0
2807402;Acesso_SCM>=12Mbps;2025;4919.0
2807501;Acesso_SCM>=12Mbps;2025;2079.0
2807600;Acesso_SCM>=12Mbps;2025;911.0
2900108;Acesso_SCM>=12Mbps;2025;1132.0
2900207;Acesso_SCM>=12Mbps;2025;1451.0
2900306;Acesso_SCM>=12Mbps;2025;630.0
2900355;Acesso_SCM>=12Mbps;2025;550.0
2900405;Acesso_SCM>=12Mbps;2025;747.0
2900504;Acesso_SCM>=12Mbps;2025;187.0
2900603;Acesso_SCM>=12Mbps;2025;465.0
2900702;Acesso_SCM>=12Mbps;2025;35206.0
2900801;Acesso_SCM>=12Mbps;2025;271.0
2900900;Acesso_SCM>=12Mbps;2025;37.0
2901007;Acesso_SCM>=12Mbps;2025;6974.0
2901106;Acesso_SCM>=12Mbps;2025;723.0
2901155;Acesso_SCM>=12Mbps;2025;1499.0
2901205;Acesso_SCM>=12Mbps;2025;690.0
2901304;Acesso_SCM>=12Mbps;2025;108.0
2901353;Acesso_SCM>=12Mbps;2025;779.0
2901403;Acesso_SCM>=12Mbps;2025;899.0
2901502;Acesso_SCM>=12Mbps;2025;2013.0
2901601;Acesso_SCM>=12Mbps;2025;510.0
2901700;Acesso_SCM>=12Mbps;2025;393.0
2901809;Acesso_SCM>=12Mbps;2025;226.0
2901908;Acesso_SCM>=12Mbps;2025;1087.0
2901957;Acesso_SCM>=12Mbps;2025;19.0
2902005;Acesso_SCM>=12Mbps;2025;498.0
2902054;Acesso_SCM>=12Mbps;2025;1976.0
2902104;Acesso_SCM>=12Mbps;2025;3490.0
2902203;Acesso_SCM>=12Mbps;2025;245.0
2902252;Acesso_SCM>=12Mbps;2025;1494.0
2902302;Acesso_SCM>=12Mbps;2025;1446.0
2902401;Acesso_SCM>=12Mbps;2025;533.0
2902500;Acesso_SCM>=12Mbps;2025;1163.0
2902609;Acesso_SCM>=12Mbps;2025;2660.0
2902658;Acesso_SCM>=12Mbps;2025;44.0
2902708;Acesso_SCM>=12Mbps;2025;9182.0
2902807;Acesso_SCM>=12Mbps;2025;3225.0
2902906;Acesso_SCM>=12Mbps;2025;580.0
2903003;Acesso_SCM>=12Mbps;2025;2928.0
2903102;Acesso_SCM>=12Mbps;2025;342.0
2903201;Acesso_SCM>=12Mbps;2025;29729.0
2903235;Acesso_SCM>=12Mbps;2025;2421.0
2903276;Acesso_SCM>=12Mbps;2025;216.0
2903300;Acesso_SCM>=12Mbps;2025;35.0
2903409;Acesso_SCM>=12Mbps;2025;1228.0
2903508;Acesso_SCM>=12Mbps;2025;3495.0
2903607;Acesso_SCM>=12Mbps;2025;1663.0
2903706;Acesso_SCM>=12Mbps;2025;573.0
2903805;Acesso_SCM>=12Mbps;2025;486.0
2903904;Acesso_SCM>=12Mbps;2025;2791.0
2903953;Acesso_SCM>=12Mbps;2025;384.0
2904001;Acesso_SCM>=12Mbps;2025;121.0
2904050;Acesso_SCM>=12Mbps;2025;4701.0
2904100;Acesso_SCM>=12Mbps;2025;1637.0
2904209;Acesso_SCM>=12Mbps;2025;557.0
2904308;Acesso_SCM>=12Mbps;2025;564.0
2904407;Acesso_SCM>=12Mbps;2025;184.0
2904506;Acesso_SCM>=12Mbps;2025;237.0
2904605;Acesso_SCM>=12Mbps;2025;7155.0
2904704;Acesso_SCM>=12Mbps;2025;1161.0
2904753;Acesso_SCM>=12Mbps;2025;300.0
2904803;Acesso_SCM>=12Mbps;2025;119.0
2904852;Acesso_SCM>=12Mbps;2025;353.0
2904902;Acesso_SCM>=12Mbps;2025;1114.0
2905008;Acesso_SCM>=12Mbps;2025;7598.0
2905107;Acesso_SCM>=12Mbps;2025;705.0
2905156;Acesso_SCM>=12Mbps;2025;97.0
2905206;Acesso_SCM>=12Mbps;2025;7282.0
2905305;Acesso_SCM>=12Mbps;2025;947.0
2905404;Acesso_SCM>=12Mbps;2025;3902.0
2905503;Acesso_SCM>=12Mbps;2025;2582.0
2905602;Acesso_SCM>=12Mbps;2025;7101.0
2905701;Acesso_SCM>=12Mbps;2025;61376.0
2905800;Acesso_SCM>=12Mbps;2025;2561.0
2905909;Acesso_SCM>=12Mbps;2025;1674.0
2906006;Acesso_SCM>=12Mbps;2025;10047.0
2906105;Acesso_SCM>=12Mbps;2025;1631.0
2906204;Acesso_SCM>=12Mbps;2025;1809.0
2906303;Acesso_SCM>=12Mbps;2025;4071.0
2906402;Acesso_SCM>=12Mbps;2025;709.0
2906501;Acesso_SCM>=12Mbps;2025;20239.0
2906600;Acesso_SCM>=12Mbps;2025;15.0
2906709;Acesso_SCM>=12Mbps;2025;1375.0
2906808;Acesso_SCM>=12Mbps;2025;1038.0
2906824;Acesso_SCM>=12Mbps;2025;194.0
2906857;Acesso_SCM>=12Mbps;2025;1397.0
2906873;Acesso_SCM>=12Mbps;2025;8802.0
2906899;Acesso_SCM>=12Mbps;2025;324.0
2906907;Acesso_SCM>=12Mbps;2025;1874.0
2907004;Acesso_SCM>=12Mbps;2025;399.0
2907103;Acesso_SCM>=12Mbps;2025;2332.0
2907202;Acesso_SCM>=12Mbps;2025;16377.0
2907301;Acesso_SCM>=12Mbps;2025;2117.0
2907400;Acesso_SCM>=12Mbps;2025;312.0
2907509;Acesso_SCM>=12Mbps;2025;6133.0
2907558;Acesso_SCM>=12Mbps;2025;140.0
2907608;Acesso_SCM>=12Mbps;2025;766.0
2907707;Acesso_SCM>=12Mbps;2025;956.0
2907806;Acesso_SCM>=12Mbps;2025;3952.0
2907905;Acesso_SCM>=12Mbps;2025;1321.0
2908002;Acesso_SCM>=12Mbps;2025;152.0
2908101;Acesso_SCM>=12Mbps;2025;315.0
2908200;Acesso_SCM>=12Mbps;2025;727.0
2908309;Acesso_SCM>=12Mbps;2025;1311.0
2908408;Acesso_SCM>=12Mbps;2025;4147.0
2908507;Acesso_SCM>=12Mbps;2025;7382.0
2908606;Acesso_SCM>=12Mbps;2025;719.0
2908705;Acesso_SCM>=12Mbps;2025;1564.0
2908804;Acesso_SCM>=12Mbps;2025;252.0
2908903;Acesso_SCM>=12Mbps;2025;3625.0
2909000;Acesso_SCM>=12Mbps;2025;11.0
2909109;Acesso_SCM>=12Mbps;2025;215.0
2909208;Acesso_SCM>=12Mbps;2025;1862.0
2909307;Acesso_SCM>=12Mbps;2025;3142.0
2909406;Acesso_SCM>=12Mbps;2025;1054.0
2909505;Acesso_SCM>=12Mbps;2025;279.0
2909604;Acesso_SCM>=12Mbps;2025;543.0
2909703;Acesso_SCM>=12Mbps;2025;804.0
2909802;Acesso_SCM>=12Mbps;2025;14181.0
2909901;Acesso_SCM>=12Mbps;2025;1779.0
2910008;Acesso_SCM>=12Mbps;2025;97.0
2910057;Acesso_SCM>=12Mbps;2025;9457.0
2910107;Acesso_SCM>=12Mbps;2025;710.0
2910206;Acesso_SCM>=12Mbps;2025;77.0
2910305;Acesso_SCM>=12Mbps;2025;764.0
2910404;Acesso_SCM>=12Mbps;2025;65.0
2910503;Acesso_SCM>=12Mbps;2025;3413.0
2910602;Acesso_SCM>=12Mbps;2025;1202.0
2910701;Acesso_SCM>=12Mbps;2025;5238.0
2910727;Acesso_SCM>=12Mbps;2025;15547.0
2910750;Acesso_SCM>=12Mbps;2025;3179.0
2910776;Acesso_SCM>=12Mbps;2025;153.0
2910800;Acesso_SCM>=12Mbps;2025;91080.0
2910859;Acesso_SCM>=12Mbps;2025;2877.0
2910909;Acesso_SCM>=12Mbps;2025;16.0
2911006;Acesso_SCM>=12Mbps;2025;439.0
2911105;Acesso_SCM>=12Mbps;2025;2644.0
2911204;Acesso_SCM>=12Mbps;2025;4063.0
2911253;Acesso_SCM>=12Mbps;2025;825.0
2911303;Acesso_SCM>=12Mbps;2025;699.0
2911402;Acesso_SCM>=12Mbps;2025;1469.0
2911501;Acesso_SCM>=12Mbps;2025;417.0
2911600;Acesso_SCM>=12Mbps;2025;1305.0
2911659;Acesso_SCM>=12Mbps;2025;314.0
2911709;Acesso_SCM>=12Mbps;2025;22935.0
2911808;Acesso_SCM>=12Mbps;2025;2716.0
2911857;Acesso_SCM>=12Mbps;2025;1555.0
2911907;Acesso_SCM>=12Mbps;2025;3353.0
2912004;Acesso_SCM>=12Mbps;2025;555.0
2912103;Acesso_SCM>=12Mbps;2025;1212.0
2912202;Acesso_SCM>=12Mbps;2025;1179.0
2912301;Acesso_SCM>=12Mbps;2025;914.0
2912400;Acesso_SCM>=12Mbps;2025;1607.0
2912509;Acesso_SCM>=12Mbps;2025;455.0
2912608;Acesso_SCM>=12Mbps;2025;76.0
2912707;Acesso_SCM>=12Mbps;2025;784.0
2912806;Acesso_SCM>=12Mbps;2025;958.0
2912905;Acesso_SCM>=12Mbps;2025;255.0
2913002;Acesso_SCM>=12Mbps;2025;257.0
2913101;Acesso_SCM>=12Mbps;2025;1735.0
2913200;Acesso_SCM>=12Mbps;2025;206.0
2913309;Acesso_SCM>=12Mbps;2025;850.0
2913408;Acesso_SCM>=12Mbps;2025;204.0
2913457;Acesso_SCM>=12Mbps;2025;578.0
2913507;Acesso_SCM>=12Mbps;2025;709.0
2913606;Acesso_SCM>=12Mbps;2025;52000.0
2913705;Acesso_SCM>=12Mbps;2025;3741.0
2913804;Acesso_SCM>=12Mbps;2025;450.0
2913903;Acesso_SCM>=12Mbps;2025;3371.0
2914000;Acesso_SCM>=12Mbps;2025;6049.0
2914109;Acesso_SCM>=12Mbps;2025;705.0
2914208;Acesso_SCM>=12Mbps;2025;13.0
2914307;Acesso_SCM>=12Mbps;2025;1237.0
2914406;Acesso_SCM>=12Mbps;2025;1989.0
2914505;Acesso_SCM>=12Mbps;2025;2570.0
2914604;Acesso_SCM>=12Mbps;2025;19547.0
2914653;Acesso_SCM>=12Mbps;2025;3732.0
2914703;Acesso_SCM>=12Mbps;2025;14297.0
2914802;Acesso_SCM>=12Mbps;2025;48495.0
2914901;Acesso_SCM>=12Mbps;2025;4651.0
2915007;Acesso_SCM>=12Mbps;2025;1372.0
2915106;Acesso_SCM>=12Mbps;2025;1364.0
2915205;Acesso_SCM>=12Mbps;2025;467.0
2915304;Acesso_SCM>=12Mbps;2025;204.0
2915353;Acesso_SCM>=12Mbps;2025;903.0
2915403;Acesso_SCM>=12Mbps;2025;68.0
2915502;Acesso_SCM>=12Mbps;2025;2444.0
2915601;Acesso_SCM>=12Mbps;2025;3117.0
2915700;Acesso_SCM>=12Mbps;2025;1246.0
2915809;Acesso_SCM>=12Mbps;2025;173.0
2915908;Acesso_SCM>=12Mbps;2025;583.0
2916005;Acesso_SCM>=12Mbps;2025;630.0
2916104;Acesso_SCM>=12Mbps;2025;543.0
2916203;Acesso_SCM>=12Mbps;2025;1443.0
2916302;Acesso_SCM>=12Mbps;2025;71.0
2916401;Acesso_SCM>=12Mbps;2025;3236.0
2916500;Acesso_SCM>=12Mbps;2025;304.0
2916609;Acesso_SCM>=12Mbps;2025;45.0
2916708;Acesso_SCM>=12Mbps;2025;609.0
2916807;Acesso_SCM>=12Mbps;2025;1476.0
2916856;Acesso_SCM>=12Mbps;2025;2857.0
2916906;Acesso_SCM>=12Mbps;2025;142.0
2917003;Acesso_SCM>=12Mbps;2025;2616.0
2917102;Acesso_SCM>=12Mbps;2025;1012.0
2917201;Acesso_SCM>=12Mbps;2025;355.0
2917300;Acesso_SCM>=12Mbps;2025;857.0
2917334;Acesso_SCM>=12Mbps;2025;314.0
2917359;Acesso_SCM>=12Mbps;2025;177.0
2917409;Acesso_SCM>=12Mbps;2025;1424.0
2917508;Acesso_SCM>=12Mbps;2025;24115.0
2917607;Acesso_SCM>=12Mbps;2025;4154.0
2917706;Acesso_SCM>=12Mbps;2025;1497.0
2917805;Acesso_SCM>=12Mbps;2025;2206.0
2917904;Acesso_SCM>=12Mbps;2025;101.0
2918001;Acesso_SCM>=12Mbps;2025;26942.0
2918100;Acesso_SCM>=12Mbps;2025;6455.0
2918209;Acesso_SCM>=12Mbps;2025;1556.0
2918308;Acesso_SCM>=12Mbps;2025;933.0
2918357;Acesso_SCM>=12Mbps;2025;3143.0
2918407;Acesso_SCM>=12Mbps;2025;44203.0
2918456;Acesso_SCM>=12Mbps;2025;389.0
2918506;Acesso_SCM>=12Mbps;2025;2082.0
2918555;Acesso_SCM>=12Mbps;2025;677.0
2918605;Acesso_SCM>=12Mbps;2025;744.0
2918704;Acesso_SCM>=12Mbps;2025;68.0
2918753;Acesso_SCM>=12Mbps;2025;581.0
2918803;Acesso_SCM>=12Mbps;2025;3903.0
2918902;Acesso_SCM>=12Mbps;2025;657.0
2919009;Acesso_SCM>=12Mbps;2025;74.0
2919058;Acesso_SCM>=12Mbps;2025;30.0
2919108;Acesso_SCM>=12Mbps;2025;115.0
2919157;Acesso_SCM>=12Mbps;2025;4519.0
2919207;Acesso_SCM>=12Mbps;2025;42142.0
2919306;Acesso_SCM>=12Mbps;2025;210.0
2919405;Acesso_SCM>=12Mbps;2025;3323.0
2919504;Acesso_SCM>=12Mbps;2025;7014.0
2919553;Acesso_SCM>=12Mbps;2025;29344.0
2919603;Acesso_SCM>=12Mbps;2025;1195.0
2919702;Acesso_SCM>=12Mbps;2025;2192.0
2919801;Acesso_SCM>=12Mbps;2025;4845.0
2919900;Acesso_SCM>=12Mbps;2025;1136.0
2919926;Acesso_SCM>=12Mbps;2025;1336.0
2919959;Acesso_SCM>=12Mbps;2025;210.0
2920007;Acesso_SCM>=12Mbps;2025;1451.0
2920106;Acesso_SCM>=12Mbps;2025;2468.0
2920205;Acesso_SCM>=12Mbps;2025;1782.0
2920304;Acesso_SCM>=12Mbps;2025;21.0
2920403;Acesso_SCM>=12Mbps;2025;596.0
2920452;Acesso_SCM>=12Mbps;2025;167.0
2920502;Acesso_SCM>=12Mbps;2025;737.0
2920601;Acesso_SCM>=12Mbps;2025;2571.0
2920700;Acesso_SCM>=12Mbps;2025;5370.0
2920809;Acesso_SCM>=12Mbps;2025;276.0
2920908;Acesso_SCM>=12Mbps;2025;1099.0
2921005;Acesso_SCM>=12Mbps;2025;4192.0
2921054;Acesso_SCM>=12Mbps;2025;1010.0
2921104;Acesso_SCM>=12Mbps;2025;133.0
2921203;Acesso_SCM>=12Mbps;2025;3762.0
2921302;Acesso_SCM>=12Mbps;2025;736.0
2921401;Acesso_SCM>=12Mbps;2025;2864.0
2921450;Acesso_SCM>=12Mbps;2025;432.0
2921500;Acesso_SCM>=12Mbps;2025;2496.0
2921609;Acesso_SCM>=12Mbps;2025;16.0
2921708;Acesso_SCM>=12Mbps;2025;5059.0
2921807;Acesso_SCM>=12Mbps;2025;2858.0
2921906;Acesso_SCM>=12Mbps;2025;1149.0
2922003;Acesso_SCM>=12Mbps;2025;3190.0
2922052;Acesso_SCM>=12Mbps;2025;526.0
2922102;Acesso_SCM>=12Mbps;2025;721.0
2922201;Acesso_SCM>=12Mbps;2025;863.0
2922250;Acesso_SCM>=12Mbps;2025;60.0
2922300;Acesso_SCM>=12Mbps;2025;2292.0
2922409;Acesso_SCM>=12Mbps;2025;2521.0
2922508;Acesso_SCM>=12Mbps;2025;5287.0
2922607;Acesso_SCM>=12Mbps;2025;726.0
2922656;Acesso_SCM>=12Mbps;2025;170.0
2922706;Acesso_SCM>=12Mbps;2025;1608.0
2922730;Acesso_SCM>=12Mbps;2025;990.0
2922755;Acesso_SCM>=12Mbps;2025;11.0
2922805;Acesso_SCM>=12Mbps;2025;297.0
2922854;Acesso_SCM>=12Mbps;2025;278.0
2922904;Acesso_SCM>=12Mbps;2025;944.0
2923001;Acesso_SCM>=12Mbps;2025;2897.0
2923035;Acesso_SCM>=12Mbps;2025;135.0
2923050;Acesso_SCM>=12Mbps;2025;1833.0
2923100;Acesso_SCM>=12Mbps;2025;1973.0
2923209;Acesso_SCM>=12Mbps;2025;1054.0
2923308;Acesso_SCM>=12Mbps;2025;119.0
2923357;Acesso_SCM>=12Mbps;2025;3774.0
2923407;Acesso_SCM>=12Mbps;2025;1808.0
2923506;Acesso_SCM>=12Mbps;2025;1144.0
2923605;Acesso_SCM>=12Mbps;2025;433.0
2923704;Acesso_SCM>=12Mbps;2025;370.0
2923803;Acesso_SCM>=12Mbps;2025;5015.0
2923902;Acesso_SCM>=12Mbps;2025;1977.0
2924009;Acesso_SCM>=12Mbps;2025;28959.0
2924058;Acesso_SCM>=12Mbps;2025;1010.0
2924108;Acesso_SCM>=12Mbps;2025;62.0
2924207;Acesso_SCM>=12Mbps;2025;29.0
2924306;Acesso_SCM>=12Mbps;2025;423.0
2924405;Acesso_SCM>=12Mbps;2025;687.0
2924504;Acesso_SCM>=12Mbps;2025;1080.0
2924603;Acesso_SCM>=12Mbps;2025;2094.0
2924652;Acesso_SCM>=12Mbps;2025;542.0
2924678;Acesso_SCM>=12Mbps;2025;176.0
2924702;Acesso_SCM>=12Mbps;2025;2698.0
2924801;Acesso_SCM>=12Mbps;2025;1151.0
2924900;Acesso_SCM>=12Mbps;2025;27.0
2925006;Acesso_SCM>=12Mbps;2025;602.0
2925105;Acesso_SCM>=12Mbps;2025;4908.0
2925204;Acesso_SCM>=12Mbps;2025;2477.0
2925253;Acesso_SCM>=12Mbps;2025;3371.0
2925303;Acesso_SCM>=12Mbps;2025;43900.0
2925402;Acesso_SCM>=12Mbps;2025;1006.0
2925501;Acesso_SCM>=12Mbps;2025;2542.0
2925600;Acesso_SCM>=12Mbps;2025;1577.0
2925709;Acesso_SCM>=12Mbps;2025;2581.0
2925758;Acesso_SCM>=12Mbps;2025;4627.0
2925808;Acesso_SCM>=12Mbps;2025;2134.0
2925907;Acesso_SCM>=12Mbps;2025;395.0
2925931;Acesso_SCM>=12Mbps;2025;1546.0
2925956;Acesso_SCM>=12Mbps;2025;291.0
2926004;Acesso_SCM>=12Mbps;2025;3593.0
2926103;Acesso_SCM>=12Mbps;2025;1837.0
2926202;Acesso_SCM>=12Mbps;2025;1561.0
2926301;Acesso_SCM>=12Mbps;2025;7138.0
2926400;Acesso_SCM>=12Mbps;2025;1879.0
2926509;Acesso_SCM>=12Mbps;2025;1454.0
2926608;Acesso_SCM>=12Mbps;2025;6754.0
2926657;Acesso_SCM>=12Mbps;2025;807.0
2926707;Acesso_SCM>=12Mbps;2025;1255.0
2926806;Acesso_SCM>=12Mbps;2025;375.0
2926905;Acesso_SCM>=12Mbps;2025;663.0
2927002;Acesso_SCM>=12Mbps;2025;4169.0
2927101;Acesso_SCM>=12Mbps;2025;2179.0
2927200;Acesso_SCM>=12Mbps;2025;4358.0
2927309;Acesso_SCM>=12Mbps;2025;847.0
2927408;Acesso_SCM>=12Mbps;2025;481122.0
2927507;Acesso_SCM>=12Mbps;2025;1779.0
2927606;Acesso_SCM>=12Mbps;2025;1332.0
2927705;Acesso_SCM>=12Mbps;2025;4640.0
2927804;Acesso_SCM>=12Mbps;2025;169.0
2927903;Acesso_SCM>=12Mbps;2025;725.0
2928000;Acesso_SCM>=12Mbps;2025;7442.0
2928059;Acesso_SCM>=12Mbps;2025;1810.0
2928109;Acesso_SCM>=12Mbps;2025;4000.0
2928208;Acesso_SCM>=12Mbps;2025;3799.0
2928307;Acesso_SCM>=12Mbps;2025;598.0
2928406;Acesso_SCM>=12Mbps;2025;1978.0
2928505;Acesso_SCM>=12Mbps;2025;303.0
2928604;Acesso_SCM>=12Mbps;2025;7708.0
2928703;Acesso_SCM>=12Mbps;2025;29381.0
2928802;Acesso_SCM>=12Mbps;2025;2294.0
2928901;Acesso_SCM>=12Mbps;2025;3688.0
2928950;Acesso_SCM>=12Mbps;2025;222.0
2929008;Acesso_SCM>=12Mbps;2025;576.0
2929057;Acesso_SCM>=12Mbps;2025;1449.0
2929107;Acesso_SCM>=12Mbps;2025;1636.0
2929206;Acesso_SCM>=12Mbps;2025;3148.0
2929255;Acesso_SCM>=12Mbps;2025;2534.0
2929305;Acesso_SCM>=12Mbps;2025;1394.0
2929354;Acesso_SCM>=12Mbps;2025;85.0
2929370;Acesso_SCM>=12Mbps;2025;2026.0
2929404;Acesso_SCM>=12Mbps;2025;978.0
2929503;Acesso_SCM>=12Mbps;2025;6325.0
2929602;Acesso_SCM>=12Mbps;2025;2128.0
2929701;Acesso_SCM>=12Mbps;2025;968.0
2929750;Acesso_SCM>=12Mbps;2025;2375.0
2929800;Acesso_SCM>=12Mbps;2025;2186.0
2929909;Acesso_SCM>=12Mbps;2025;5764.0
2930006;Acesso_SCM>=12Mbps;2025;20.0
2930105;Acesso_SCM>=12Mbps;2025;16880.0
2930154;Acesso_SCM>=12Mbps;2025;4128.0
2930204;Acesso_SCM>=12Mbps;2025;2688.0
2930303;Acesso_SCM>=12Mbps;2025;2306.0
2930402;Acesso_SCM>=12Mbps;2025;1222.0
2930501;Acesso_SCM>=12Mbps;2025;6431.0
2930600;Acesso_SCM>=12Mbps;2025;4258.0
2930709;Acesso_SCM>=12Mbps;2025;14020.0
2930758;Acesso_SCM>=12Mbps;2025;48.0
2930766;Acesso_SCM>=12Mbps;2025;1003.0
2930774;Acesso_SCM>=12Mbps;2025;2033.0
2930808;Acesso_SCM>=12Mbps;2025;1886.0
2930907;Acesso_SCM>=12Mbps;2025;377.0
2931004;Acesso_SCM>=12Mbps;2025;727.0
2931053;Acesso_SCM>=12Mbps;2025;787.0
2931103;Acesso_SCM>=12Mbps;2025;742.0
2931202;Acesso_SCM>=12Mbps;2025;582.0
2931301;Acesso_SCM>=12Mbps;2025;478.0
2931350;Acesso_SCM>=12Mbps;2025;26057.0
2931400;Acesso_SCM>=12Mbps;2025;1116.0
2931509;Acesso_SCM>=12Mbps;2025;1072.0
2931608;Acesso_SCM>=12Mbps;2025;749.0
2931707;Acesso_SCM>=12Mbps;2025;1561.0
2931806;Acesso_SCM>=12Mbps;2025;1787.0
2931905;Acesso_SCM>=12Mbps;2025;4575.0
2932002;Acesso_SCM>=12Mbps;2025;672.0
2932101;Acesso_SCM>=12Mbps;2025;1254.0
2932200;Acesso_SCM>=12Mbps;2025;2008.0
2932309;Acesso_SCM>=12Mbps;2025;1702.0
2932408;Acesso_SCM>=12Mbps;2025;1985.0
2932457;Acesso_SCM>=12Mbps;2025;1002.0
2932507;Acesso_SCM>=12Mbps;2025;4023.0
2932606;Acesso_SCM>=12Mbps;2025;504.0
2932705;Acesso_SCM>=12Mbps;2025;1435.0
2932804;Acesso_SCM>=12Mbps;2025;2919.0
2932903;Acesso_SCM>=12Mbps;2025;16237.0
2933000;Acesso_SCM>=12Mbps;2025;4196.0
2933059;Acesso_SCM>=12Mbps;2025;861.0
2933109;Acesso_SCM>=12Mbps;2025;1047.0
2933158;Acesso_SCM>=12Mbps;2025;813.0
2933174;Acesso_SCM>=12Mbps;2025;849.0
2933208;Acesso_SCM>=12Mbps;2025;2966.0
2933257;Acesso_SCM>=12Mbps;2025;63.0
2933307;Acesso_SCM>=12Mbps;2025;83491.0
2933406;Acesso_SCM>=12Mbps;2025;1222.0
2933455;Acesso_SCM>=12Mbps;2025;343.0
2933505;Acesso_SCM>=12Mbps;2025;747.0
2933604;Acesso_SCM>=12Mbps;2025;3563.0
3100104;Acesso_SCM>=12Mbps;2025;1221.0
3100203;Acesso_SCM>=12Mbps;2025;8083.0
3100302;Acesso_SCM>=12Mbps;2025;1040.0
3100401;Acesso_SCM>=12Mbps;2025;1245.0
3100500;Acesso_SCM>=12Mbps;2025;1001.0
3100609;Acesso_SCM>=12Mbps;2025;1372.0
3100708;Acesso_SCM>=12Mbps;2025;361.0
3100807;Acesso_SCM>=12Mbps;2025;1014.0
3100906;Acesso_SCM>=12Mbps;2025;1702.0
3101003;Acesso_SCM>=12Mbps;2025;1079.0
3101102;Acesso_SCM>=12Mbps;2025;3506.0
3101201;Acesso_SCM>=12Mbps;2025;1745.0
3101300;Acesso_SCM>=12Mbps;2025;539.0
3101409;Acesso_SCM>=12Mbps;2025;517.0
3101508;Acesso_SCM>=12Mbps;2025;10292.0
3101607;Acesso_SCM>=12Mbps;2025;35025.0
3101631;Acesso_SCM>=12Mbps;2025;1727.0
3101706;Acesso_SCM>=12Mbps;2025;7369.0
3101805;Acesso_SCM>=12Mbps;2025;769.0
3101904;Acesso_SCM>=12Mbps;2025;2956.0
3102001;Acesso_SCM>=12Mbps;2025;2520.0
3102050;Acesso_SCM>=12Mbps;2025;2241.0
3102100;Acesso_SCM>=12Mbps;2025;2435.0
3102209;Acesso_SCM>=12Mbps;2025;1094.0
3102308;Acesso_SCM>=12Mbps;2025;4346.0
3102407;Acesso_SCM>=12Mbps;2025;991.0
3102506;Acesso_SCM>=12Mbps;2025;629.0
3102605;Acesso_SCM>=12Mbps;2025;12921.0
3102704;Acesso_SCM>=12Mbps;2025;1450.0
3102803;Acesso_SCM>=12Mbps;2025;2094.0
3102852;Acesso_SCM>=12Mbps;2025;1295.0
3102902;Acesso_SCM>=12Mbps;2025;2817.0
3103009;Acesso_SCM>=12Mbps;2025;1121.0
3103108;Acesso_SCM>=12Mbps;2025;291.0
3103207;Acesso_SCM>=12Mbps;2025;335.0
3103306;Acesso_SCM>=12Mbps;2025;93.0
3103405;Acesso_SCM>=12Mbps;2025;4210.0
3103504;Acesso_SCM>=12Mbps;2025;29454.0
3103603;Acesso_SCM>=12Mbps;2025;982.0
3103702;Acesso_SCM>=12Mbps;2025;376.0
3103751;Acesso_SCM>=12Mbps;2025;1616.0
3103801;Acesso_SCM>=12Mbps;2025;589.0
3103900;Acesso_SCM>=12Mbps;2025;2568.0
3104007;Acesso_SCM>=12Mbps;2025;33830.0
3104106;Acesso_SCM>=12Mbps;2025;1944.0
3104205;Acesso_SCM>=12Mbps;2025;15469.0
3104304;Acesso_SCM>=12Mbps;2025;4170.0
3104403;Acesso_SCM>=12Mbps;2025;467.0
3104452;Acesso_SCM>=12Mbps;2025;20.0
3104502;Acesso_SCM>=12Mbps;2025;3174.0
3104601;Acesso_SCM>=12Mbps;2025;2422.0
3104700;Acesso_SCM>=12Mbps;2025;1105.0
3104809;Acesso_SCM>=12Mbps;2025;1012.0
3104908;Acesso_SCM>=12Mbps;2025;5095.0
3105004;Acesso_SCM>=12Mbps;2025;1696.0
3105103;Acesso_SCM>=12Mbps;2025;5448.0
3105202;Acesso_SCM>=12Mbps;2025;369.0
3105301;Acesso_SCM>=12Mbps;2025;839.0
3105400;Acesso_SCM>=12Mbps;2025;9110.0
3105509;Acesso_SCM>=12Mbps;2025;538.0
3105608;Acesso_SCM>=12Mbps;2025;43880.0
3105707;Acesso_SCM>=12Mbps;2025;1510.0
3105905;Acesso_SCM>=12Mbps;2025;6467.0
3106002;Acesso_SCM>=12Mbps;2025;1599.0
3106101;Acesso_SCM>=12Mbps;2025;132.0
3106200;Acesso_SCM>=12Mbps;2025;950942.0
3106309;Acesso_SCM>=12Mbps;2025;5278.0
3106408;Acesso_SCM>=12Mbps;2025;1480.0
3106507;Acesso_SCM>=12Mbps;2025;162.0
3106606;Acesso_SCM>=12Mbps;2025;126.0
3106655;Acesso_SCM>=12Mbps;2025;283.0
3106705;Acesso_SCM>=12Mbps;2025;119010.0
3106804;Acesso_SCM>=12Mbps;2025;190.0
3106903;Acesso_SCM>=12Mbps;2025;5666.0
3107000;Acesso_SCM>=12Mbps;2025;614.0
3107109;Acesso_SCM>=12Mbps;2025;10444.0
3107208;Acesso_SCM>=12Mbps;2025;851.0
3107307;Acesso_SCM>=12Mbps;2025;5912.0
3107406;Acesso_SCM>=12Mbps;2025;16363.0
3107505;Acesso_SCM>=12Mbps;2025;2506.0
3107604;Acesso_SCM>=12Mbps;2025;1030.0
3107703;Acesso_SCM>=12Mbps;2025;1110.0
3107802;Acesso_SCM>=12Mbps;2025;1921.0
3107901;Acesso_SCM>=12Mbps;2025;1975.0
3108008;Acesso_SCM>=12Mbps;2025;4810.0
3108107;Acesso_SCM>=12Mbps;2025;866.0
3108206;Acesso_SCM>=12Mbps;2025;220.0
3108255;Acesso_SCM>=12Mbps;2025;504.0
3108305;Acesso_SCM>=12Mbps;2025;4366.0
3108404;Acesso_SCM>=12Mbps;2025;3600.0
3108503;Acesso_SCM>=12Mbps;2025;360.0
3108552;Acesso_SCM>=12Mbps;2025;3499.0
3108602;Acesso_SCM>=12Mbps;2025;5697.0
3108701;Acesso_SCM>=12Mbps;2025;785.0
3108800;Acesso_SCM>=12Mbps;2025;128.0
3108909;Acesso_SCM>=12Mbps;2025;4782.0
3109006;Acesso_SCM>=12Mbps;2025;16307.0
3109105;Acesso_SCM>=12Mbps;2025;3601.0
3109204;Acesso_SCM>=12Mbps;2025;961.0
3109253;Acesso_SCM>=12Mbps;2025;322.0
3109303;Acesso_SCM>=12Mbps;2025;5683.0
3109402;Acesso_SCM>=12Mbps;2025;5133.0
3109451;Acesso_SCM>=12Mbps;2025;2014.0
3109501;Acesso_SCM>=12Mbps;2025;2148.0
3109600;Acesso_SCM>=12Mbps;2025;932.0
3109709;Acesso_SCM>=12Mbps;2025;2985.0
3109808;Acesso_SCM>=12Mbps;2025;344.0
3109907;Acesso_SCM>=12Mbps;2025;2279.0
3110004;Acesso_SCM>=12Mbps;2025;8939.0
3110103;Acesso_SCM>=12Mbps;2025;1583.0
3110202;Acesso_SCM>=12Mbps;2025;295.0
3110301;Acesso_SCM>=12Mbps;2025;2568.0
3110400;Acesso_SCM>=12Mbps;2025;548.0
3110509;Acesso_SCM>=12Mbps;2025;7275.0
3110608;Acesso_SCM>=12Mbps;2025;10862.0
3110707;Acesso_SCM>=12Mbps;2025;2787.0
3110806;Acesso_SCM>=12Mbps;2025;119.0
3110905;Acesso_SCM>=12Mbps;2025;2949.0
3111002;Acesso_SCM>=12Mbps;2025;5826.0
3111101;Acesso_SCM>=12Mbps;2025;4044.0
3111150;Acesso_SCM>=12Mbps;2025;33.0
3111200;Acesso_SCM>=12Mbps;2025;13911.0
3111309;Acesso_SCM>=12Mbps;2025;1516.0
3111408;Acesso_SCM>=12Mbps;2025;1833.0
3111507;Acesso_SCM>=12Mbps;2025;3920.0
3111606;Acesso_SCM>=12Mbps;2025;3264.0
3111705;Acesso_SCM>=12Mbps;2025;760.0
3111804;Acesso_SCM>=12Mbps;2025;2038.0
3111903;Acesso_SCM>=12Mbps;2025;1208.0
3112000;Acesso_SCM>=12Mbps;2025;3150.0
3112059;Acesso_SCM>=12Mbps;2025;899.0
3112109;Acesso_SCM>=12Mbps;2025;1429.0
3112208;Acesso_SCM>=12Mbps;2025;1226.0
3112307;Acesso_SCM>=12Mbps;2025;4605.0
3112406;Acesso_SCM>=12Mbps;2025;277.0
3112505;Acesso_SCM>=12Mbps;2025;2630.0
3112604;Acesso_SCM>=12Mbps;2025;3627.0
3112653;Acesso_SCM>=12Mbps;2025;728.0
3112703;Acesso_SCM>=12Mbps;2025;2318.0
3112802;Acesso_SCM>=12Mbps;2025;3850.0
3112901;Acesso_SCM>=12Mbps;2025;2202.0
3113008;Acesso_SCM>=12Mbps;2025;600.0
3113107;Acesso_SCM>=12Mbps;2025;568.0
3113206;Acesso_SCM>=12Mbps;2025;2640.0
3113305;Acesso_SCM>=12Mbps;2025;7901.0
3113404;Acesso_SCM>=12Mbps;2025;29666.0
3113503;Acesso_SCM>=12Mbps;2025;214.0
3113602;Acesso_SCM>=12Mbps;2025;1446.0
3113701;Acesso_SCM>=12Mbps;2025;2155.0
3113800;Acesso_SCM>=12Mbps;2025;171.0
3113909;Acesso_SCM>=12Mbps;2025;2285.0
3114006;Acesso_SCM>=12Mbps;2025;3492.0
3114105;Acesso_SCM>=12Mbps;2025;2885.0
3114204;Acesso_SCM>=12Mbps;2025;6001.0
3114303;Acesso_SCM>=12Mbps;2025;9168.0
3114402;Acesso_SCM>=12Mbps;2025;5576.0
3114501;Acesso_SCM>=12Mbps;2025;2680.0
3114550;Acesso_SCM>=12Mbps;2025;1052.0
3114600;Acesso_SCM>=12Mbps;2025;923.0
3114709;Acesso_SCM>=12Mbps;2025;1026.0
3114808;Acesso_SCM>=12Mbps;2025;1070.0
3114907;Acesso_SCM>=12Mbps;2025;570.0
3115003;Acesso_SCM>=12Mbps;2025;90.0
3115102;Acesso_SCM>=12Mbps;2025;3635.0
3115201;Acesso_SCM>=12Mbps;2025;944.0
3115300;Acesso_SCM>=12Mbps;2025;19133.0
3115359;Acesso_SCM>=12Mbps;2025;1620.0
3115409;Acesso_SCM>=12Mbps;2025;244.0
3115458;Acesso_SCM>=12Mbps;2025;600.0
3115474;Acesso_SCM>=12Mbps;2025;158.0
3115508;Acesso_SCM>=12Mbps;2025;6555.0
3115607;Acesso_SCM>=12Mbps;2025;212.0
3115706;Acesso_SCM>=12Mbps;2025;802.0
3115805;Acesso_SCM>=12Mbps;2025;1816.0
3115904;Acesso_SCM>=12Mbps;2025;1126.0
3116001;Acesso_SCM>=12Mbps;2025;1355.0
3116100;Acesso_SCM>=12Mbps;2025;259.0
3116159;Acesso_SCM>=12Mbps;2025;994.0
3116209;Acesso_SCM>=12Mbps;2025;215.0
3116308;Acesso_SCM>=12Mbps;2025;1089.0
3116407;Acesso_SCM>=12Mbps;2025;757.0
3116506;Acesso_SCM>=12Mbps;2025;863.0
3116605;Acesso_SCM>=12Mbps;2025;10599.0
3116704;Acesso_SCM>=12Mbps;2025;1631.0
3116803;Acesso_SCM>=12Mbps;2025;558.0
3116902;Acesso_SCM>=12Mbps;2025;278.0
3117009;Acesso_SCM>=12Mbps;2025;1111.0
3117108;Acesso_SCM>=12Mbps;2025;1987.0
3117207;Acesso_SCM>=12Mbps;2025;820.0
3117306;Acesso_SCM>=12Mbps;2025;7635.0
3117405;Acesso_SCM>=12Mbps;2025;845.0
3117504;Acesso_SCM>=12Mbps;2025;8436.0
3117603;Acesso_SCM>=12Mbps;2025;1842.0
3117702;Acesso_SCM>=12Mbps;2025;4078.0
3117801;Acesso_SCM>=12Mbps;2025;2223.0
3117836;Acesso_SCM>=12Mbps;2025;329.0
3117876;Acesso_SCM>=12Mbps;2025;2708.0
3117900;Acesso_SCM>=12Mbps;2025;1399.0
3118007;Acesso_SCM>=12Mbps;2025;17156.0
3118106;Acesso_SCM>=12Mbps;2025;1108.0
3118205;Acesso_SCM>=12Mbps;2025;1980.0
3118304;Acesso_SCM>=12Mbps;2025;46888.0
3118403;Acesso_SCM>=12Mbps;2025;5508.0
3118502;Acesso_SCM>=12Mbps;2025;729.0
3118601;Acesso_SCM>=12Mbps;2025;214179.0
3118700;Acesso_SCM>=12Mbps;2025;877.0
3118809;Acesso_SCM>=12Mbps;2025;1532.0
3118908;Acesso_SCM>=12Mbps;2025;2012.0
3119005;Acesso_SCM>=12Mbps;2025;841.0
3119104;Acesso_SCM>=12Mbps;2025;4155.0
3119203;Acesso_SCM>=12Mbps;2025;575.0
3119302;Acesso_SCM>=12Mbps;2025;5474.0
3119401;Acesso_SCM>=12Mbps;2025;19863.0
3119500;Acesso_SCM>=12Mbps;2025;1145.0
3119609;Acesso_SCM>=12Mbps;2025;704.0
3119708;Acesso_SCM>=12Mbps;2025;926.0
3119807;Acesso_SCM>=12Mbps;2025;671.0
3119906;Acesso_SCM>=12Mbps;2025;1442.0
3119955;Acesso_SCM>=12Mbps;2025;1702.0
3120003;Acesso_SCM>=12Mbps;2025;9.0
3120102;Acesso_SCM>=12Mbps;2025;891.0
3120151;Acesso_SCM>=12Mbps;2025;246.0
3120201;Acesso_SCM>=12Mbps;2025;3581.0
3120300;Acesso_SCM>=12Mbps;2025;648.0
3120409;Acesso_SCM>=12Mbps;2025;399.0
3120508;Acesso_SCM>=12Mbps;2025;1857.0
3120607;Acesso_SCM>=12Mbps;2025;649.0
3120706;Acesso_SCM>=12Mbps;2025;1137.0
3120805;Acesso_SCM>=12Mbps;2025;3741.0
3120839;Acesso_SCM>=12Mbps;2025;397.0
3120870;Acesso_SCM>=12Mbps;2025;1329.0
3120904;Acesso_SCM>=12Mbps;2025;20873.0
3121001;Acesso_SCM>=12Mbps;2025;1054.0
3121100;Acesso_SCM>=12Mbps;2025;1680.0
3121209;Acesso_SCM>=12Mbps;2025;1598.0
3121258;Acesso_SCM>=12Mbps;2025;1793.0
3121308;Acesso_SCM>=12Mbps;2025;982.0
3121407;Acesso_SCM>=12Mbps;2025;229.0
3121506;Acesso_SCM>=12Mbps;2025;357.0
3121605;Acesso_SCM>=12Mbps;2025;14447.0
3121704;Acesso_SCM>=12Mbps;2025;381.0
3121803;Acesso_SCM>=12Mbps;2025;458.0
3121902;Acesso_SCM>=12Mbps;2025;171.0
3122009;Acesso_SCM>=12Mbps;2025;5351.0
3122108;Acesso_SCM>=12Mbps;2025;916.0
3122207;Acesso_SCM>=12Mbps;2025;1704.0
3122306;Acesso_SCM>=12Mbps;2025;85087.0
3122355;Acesso_SCM>=12Mbps;2025;409.0
3122405;Acesso_SCM>=12Mbps;2025;1601.0
3122454;Acesso_SCM>=12Mbps;2025;380.0
3122470;Acesso_SCM>=12Mbps;2025;116.0
3122504;Acesso_SCM>=12Mbps;2025;1237.0
3122603;Acesso_SCM>=12Mbps;2025;1519.0
3122702;Acesso_SCM>=12Mbps;2025;2545.0
3122801;Acesso_SCM>=12Mbps;2025;972.0
3122900;Acesso_SCM>=12Mbps;2025;1432.0
3123007;Acesso_SCM>=12Mbps;2025;2883.0
3123106;Acesso_SCM>=12Mbps;2025;185.0
3123205;Acesso_SCM>=12Mbps;2025;3462.0
3123304;Acesso_SCM>=12Mbps;2025;117.0
3123403;Acesso_SCM>=12Mbps;2025;26.0
3123502;Acesso_SCM>=12Mbps;2025;154.0
3123528;Acesso_SCM>=12Mbps;2025;2087.0
3123601;Acesso_SCM>=12Mbps;2025;7238.0
3123700;Acesso_SCM>=12Mbps;2025;1276.0
3123809;Acesso_SCM>=12Mbps;2025;752.0
3123858;Acesso_SCM>=12Mbps;2025;211.0
3123908;Acesso_SCM>=12Mbps;2025;3786.0
3124005;Acesso_SCM>=12Mbps;2025;995.0
3124104;Acesso_SCM>=12Mbps;2025;21473.0
3124203;Acesso_SCM>=12Mbps;2025;8722.0
3124302;Acesso_SCM>=12Mbps;2025;858.0
3124401;Acesso_SCM>=12Mbps;2025;643.0
3124500;Acesso_SCM>=12Mbps;2025;716.0
3124609;Acesso_SCM>=12Mbps;2025;76.0
3124708;Acesso_SCM>=12Mbps;2025;672.0
3124807;Acesso_SCM>=12Mbps;2025;501.0
3124906;Acesso_SCM>=12Mbps;2025;864.0
3125002;Acesso_SCM>=12Mbps;2025;817.0
3125101;Acesso_SCM>=12Mbps;2025;24106.0
3125200;Acesso_SCM>=12Mbps;2025;565.0
3125309;Acesso_SCM>=12Mbps;2025;1526.0
3125408;Acesso_SCM>=12Mbps;2025;1109.0
3125507;Acesso_SCM>=12Mbps;2025;681.0
3125606;Acesso_SCM>=12Mbps;2025;524.0
3125705;Acesso_SCM>=12Mbps;2025;1074.0
3125804;Acesso_SCM>=12Mbps;2025;229.0
3125903;Acesso_SCM>=12Mbps;2025;1474.0
3125952;Acesso_SCM>=12Mbps;2025;1092.0
3126000;Acesso_SCM>=12Mbps;2025;3341.0
3126109;Acesso_SCM>=12Mbps;2025;23851.0
3126208;Acesso_SCM>=12Mbps;2025;357.0
3126307;Acesso_SCM>=12Mbps;2025;473.0
3126406;Acesso_SCM>=12Mbps;2025;852.0
3126505;Acesso_SCM>=12Mbps;2025;100.0
3126604;Acesso_SCM>=12Mbps;2025;311.0
3126703;Acesso_SCM>=12Mbps;2025;4515.0
3126752;Acesso_SCM>=12Mbps;2025;718.0
3126802;Acesso_SCM>=12Mbps;2025;283.0
3126901;Acesso_SCM>=12Mbps;2025;1346.0
3126950;Acesso_SCM>=12Mbps;2025;167.0
3127008;Acesso_SCM>=12Mbps;2025;3091.0
3127057;Acesso_SCM>=12Mbps;2025;573.0
3127073;Acesso_SCM>=12Mbps;2025;207.0
3127107;Acesso_SCM>=12Mbps;2025;19745.0
3127206;Acesso_SCM>=12Mbps;2025;1392.0
3127305;Acesso_SCM>=12Mbps;2025;999.0
3127339;Acesso_SCM>=12Mbps;2025;59.0
3127354;Acesso_SCM>=12Mbps;2025;189.0
3127370;Acesso_SCM>=12Mbps;2025;752.0
3127388;Acesso_SCM>=12Mbps;2025;1295.0
3127404;Acesso_SCM>=12Mbps;2025;1175.0
3127503;Acesso_SCM>=12Mbps;2025;1020.0
3127602;Acesso_SCM>=12Mbps;2025;2353.0
3127701;Acesso_SCM>=12Mbps;2025;99272.0
3127800;Acesso_SCM>=12Mbps;2025;1454.0
3127909;Acesso_SCM>=12Mbps;2025;13.0
3128006;Acesso_SCM>=12Mbps;2025;7424.0
3128105;Acesso_SCM>=12Mbps;2025;2428.0
3128204;Acesso_SCM>=12Mbps;2025;1230.0
3128253;Acesso_SCM>=12Mbps;2025;1457.0
3128303;Acesso_SCM>=12Mbps;2025;2699.0
3128402;Acesso_SCM>=12Mbps;2025;1124.0
3128501;Acesso_SCM>=12Mbps;2025;962.0
3128600;Acesso_SCM>=12Mbps;2025;693.0
3128709;Acesso_SCM>=12Mbps;2025;18986.0
3128808;Acesso_SCM>=12Mbps;2025;2361.0
3128907;Acesso_SCM>=12Mbps;2025;2221.0
3129004;Acesso_SCM>=12Mbps;2025;1398.0
3129103;Acesso_SCM>=12Mbps;2025;977.0
3129202;Acesso_SCM>=12Mbps;2025;1855.0
3129301;Acesso_SCM>=12Mbps;2025;1627.0
3129400;Acesso_SCM>=12Mbps;2025;1053.0
3129509;Acesso_SCM>=12Mbps;2025;5829.0
3129608;Acesso_SCM>=12Mbps;2025;628.0
3129657;Acesso_SCM>=12Mbps;2025;10.0
3129707;Acesso_SCM>=12Mbps;2025;1592.0
3129806;Acesso_SCM>=12Mbps;2025;47284.0
3129905;Acesso_SCM>=12Mbps;2025;393.0
3130002;Acesso_SCM>=12Mbps;2025;625.0
3130051;Acesso_SCM>=12Mbps;2025;284.0
3130101;Acesso_SCM>=12Mbps;2025;16791.0
3130200;Acesso_SCM>=12Mbps;2025;3842.0
3130309;Acesso_SCM>=12Mbps;2025;1419.0
3130408;Acesso_SCM>=12Mbps;2025;2188.0
3130507;Acesso_SCM>=12Mbps;2025;2517.0
3130556;Acesso_SCM>=12Mbps;2025;1599.0
3130606;Acesso_SCM>=12Mbps;2025;1339.0
3130655;Acesso_SCM>=12Mbps;2025;210.0
3130705;Acesso_SCM>=12Mbps;2025;604.0
3130804;Acesso_SCM>=12Mbps;2025;208.0
3130903;Acesso_SCM>=12Mbps;2025;3798.0
3131000;Acesso_SCM>=12Mbps;2025;1299.0
3131109;Acesso_SCM>=12Mbps;2025;1397.0
3131158;Acesso_SCM>=12Mbps;2025;841.0
3131208;Acesso_SCM>=12Mbps;2025;4306.0
3131307;Acesso_SCM>=12Mbps;2025;70587.0
3131406;Acesso_SCM>=12Mbps;2025;571.0
3131505;Acesso_SCM>=12Mbps;2025;1143.0
3131604;Acesso_SCM>=12Mbps;2025;1503.0
3131703;Acesso_SCM>=12Mbps;2025;37464.0
3131802;Acesso_SCM>=12Mbps;2025;489.0
3131901;Acesso_SCM>=12Mbps;2025;13605.0
3132008;Acesso_SCM>=12Mbps;2025;238.0
3132107;Acesso_SCM>=12Mbps;2025;1272.0
3132206;Acesso_SCM>=12Mbps;2025;1439.0
3132305;Acesso_SCM>=12Mbps;2025;1715.0
3132404;Acesso_SCM>=12Mbps;2025;37094.0
3132503;Acesso_SCM>=12Mbps;2025;3011.0
3132602;Acesso_SCM>=12Mbps;2025;694.0
3132701;Acesso_SCM>=12Mbps;2025;1156.0
3132800;Acesso_SCM>=12Mbps;2025;624.0
3132909;Acesso_SCM>=12Mbps;2025;2963.0
3133006;Acesso_SCM>=12Mbps;2025;3200.0
3133105;Acesso_SCM>=12Mbps;2025;4585.0
3133204;Acesso_SCM>=12Mbps;2025;1068.0
3133303;Acesso_SCM>=12Mbps;2025;2111.0
3133402;Acesso_SCM>=12Mbps;2025;2381.0
3133501;Acesso_SCM>=12Mbps;2025;6084.0
3133600;Acesso_SCM>=12Mbps;2025;5578.0
3133709;Acesso_SCM>=12Mbps;2025;2209.0
3133758;Acesso_SCM>=12Mbps;2025;3633.0
3133808;Acesso_SCM>=12Mbps;2025;35678.0
3133907;Acesso_SCM>=12Mbps;2025;1102.0
3134004;Acesso_SCM>=12Mbps;2025;1359.0
3134103;Acesso_SCM>=12Mbps;2025;756.0
3134202;Acesso_SCM>=12Mbps;2025;33166.0
3134301;Acesso_SCM>=12Mbps;2025;1272.0
3134400;Acesso_SCM>=12Mbps;2025;9952.0
3134509;Acesso_SCM>=12Mbps;2025;1250.0
3134608;Acesso_SCM>=12Mbps;2025;3113.0
3134707;Acesso_SCM>=12Mbps;2025;1574.0
3134806;Acesso_SCM>=12Mbps;2025;1775.0
3134905;Acesso_SCM>=12Mbps;2025;6762.0
3135001;Acesso_SCM>=12Mbps;2025;325.0
3135050;Acesso_SCM>=12Mbps;2025;8730.0
3135076;Acesso_SCM>=12Mbps;2025;328.0
3135100;Acesso_SCM>=12Mbps;2025;12881.0
3135209;Acesso_SCM>=12Mbps;2025;8378.0
3135308;Acesso_SCM>=12Mbps;2025;787.0
3135357;Acesso_SCM>=12Mbps;2025;13.0
3135407;Acesso_SCM>=12Mbps;2025;1397.0
3135456;Acesso_SCM>=12Mbps;2025;80.0
3135506;Acesso_SCM>=12Mbps;2025;1885.0
3135605;Acesso_SCM>=12Mbps;2025;1180.0
3135704;Acesso_SCM>=12Mbps;2025;1449.0
3135803;Acesso_SCM>=12Mbps;2025;2230.0
3135902;Acesso_SCM>=12Mbps;2025;193.0
3136009;Acesso_SCM>=12Mbps;2025;1751.0
3136108;Acesso_SCM>=12Mbps;2025;381.0
3136207;Acesso_SCM>=12Mbps;2025;25695.0
3136306;Acesso_SCM>=12Mbps;2025;4732.0
3136405;Acesso_SCM>=12Mbps;2025;462.0
3136504;Acesso_SCM>=12Mbps;2025;1138.0
3136520;Acesso_SCM>=12Mbps;2025;393.0
3136553;Acesso_SCM>=12Mbps;2025;36.0
3136579;Acesso_SCM>=12Mbps;2025;200.0
3136603;Acesso_SCM>=12Mbps;2025;1621.0
3136652;Acesso_SCM>=12Mbps;2025;12339.0
3136702;Acesso_SCM>=12Mbps;2025;228414.0
3136801;Acesso_SCM>=12Mbps;2025;43.0
3136900;Acesso_SCM>=12Mbps;2025;2229.0
3136959;Acesso_SCM>=12Mbps;2025;19.0
3137007;Acesso_SCM>=12Mbps;2025;701.0
3137106;Acesso_SCM>=12Mbps;2025;891.0
3137205;Acesso_SCM>=12Mbps;2025;17376.0
3137304;Acesso_SCM>=12Mbps;2025;129.0
3137403;Acesso_SCM>=12Mbps;2025;2421.0
3137502;Acesso_SCM>=12Mbps;2025;5951.0
3137536;Acesso_SCM>=12Mbps;2025;616.0
3137601;Acesso_SCM>=12Mbps;2025;32364.0
3137700;Acesso_SCM>=12Mbps;2025;4056.0
3137809;Acesso_SCM>=12Mbps;2025;4483.0
3137908;Acesso_SCM>=12Mbps;2025;1076.0
3138005;Acesso_SCM>=12Mbps;2025;414.0
3138104;Acesso_SCM>=12Mbps;2025;1022.0
3138203;Acesso_SCM>=12Mbps;2025;35220.0
3138302;Acesso_SCM>=12Mbps;2025;412.0
3138351;Acesso_SCM>=12Mbps;2025;746.0
3138401;Acesso_SCM>=12Mbps;2025;14763.0
3138500;Acesso_SCM>=12Mbps;2025;1305.0
3138609;Acesso_SCM>=12Mbps;2025;4950.0
3138625;Acesso_SCM>=12Mbps;2025;1115.0
3138658;Acesso_SCM>=12Mbps;2025;11.0
3138674;Acesso_SCM>=12Mbps;2025;906.0
3138682;Acesso_SCM>=12Mbps;2025;265.0
3138708;Acesso_SCM>=12Mbps;2025;440.0
3138807;Acesso_SCM>=12Mbps;2025;4461.0
3138906;Acesso_SCM>=12Mbps;2025;515.0
3139003;Acesso_SCM>=12Mbps;2025;11919.0
3139102;Acesso_SCM>=12Mbps;2025;1522.0
3139201;Acesso_SCM>=12Mbps;2025;2144.0
3139250;Acesso_SCM>=12Mbps;2025;13.0
3139300;Acesso_SCM>=12Mbps;2025;95.0
3139409;Acesso_SCM>=12Mbps;2025;27228.0
3139508;Acesso_SCM>=12Mbps;2025;6010.0
3139607;Acesso_SCM>=12Mbps;2025;4118.0
3139706;Acesso_SCM>=12Mbps;2025;1582.0
3139805;Acesso_SCM>=12Mbps;2025;5150.0
3139904;Acesso_SCM>=12Mbps;2025;2008.0
3140001;Acesso_SCM>=12Mbps;2025;21853.0
3140100;Acesso_SCM>=12Mbps;2025;138.0
3140159;Acesso_SCM>=12Mbps;2025;4616.0
3140209;Acesso_SCM>=12Mbps;2025;331.0
3140308;Acesso_SCM>=12Mbps;2025;517.0
3140407;Acesso_SCM>=12Mbps;2025;67.0
3140506;Acesso_SCM>=12Mbps;2025;5040.0
3140530;Acesso_SCM>=12Mbps;2025;3076.0
3140555;Acesso_SCM>=12Mbps;2025;152.0
3140605;Acesso_SCM>=12Mbps;2025;179.0
3140704;Acesso_SCM>=12Mbps;2025;14551.0
3140803;Acesso_SCM>=12Mbps;2025;4571.0
3140852;Acesso_SCM>=12Mbps;2025;844.0
3140902;Acesso_SCM>=12Mbps;2025;2575.0
3141009;Acesso_SCM>=12Mbps;2025;384.0
3141108;Acesso_SCM>=12Mbps;2025;9418.0
3141207;Acesso_SCM>=12Mbps;2025;1195.0
3141306;Acesso_SCM>=12Mbps;2025;453.0
3141405;Acesso_SCM>=12Mbps;2025;4261.0
3141504;Acesso_SCM>=12Mbps;2025;191.0
3141603;Acesso_SCM>=12Mbps;2025;2205.0
3141702;Acesso_SCM>=12Mbps;2025;412.0
3141801;Acesso_SCM>=12Mbps;2025;731.0
3141900;Acesso_SCM>=12Mbps;2025;558.0
3142007;Acesso_SCM>=12Mbps;2025;2299.0
3142106;Acesso_SCM>=12Mbps;2025;2620.0
3142205;Acesso_SCM>=12Mbps;2025;2310.0
3142254;Acesso_SCM>=12Mbps;2025;137.0
3142304;Acesso_SCM>=12Mbps;2025;1370.0
3142403;Acesso_SCM>=12Mbps;2025;2990.0
3142502;Acesso_SCM>=12Mbps;2025;117.0
3142601;Acesso_SCM>=12Mbps;2025;2460.0
3142700;Acesso_SCM>=12Mbps;2025;53.0
3142809;Acesso_SCM>=12Mbps;2025;4118.0
3142908;Acesso_SCM>=12Mbps;2025;936.0
3143005;Acesso_SCM>=12Mbps;2025;2055.0
3143104;Acesso_SCM>=12Mbps;2025;7678.0
3143153;Acesso_SCM>=12Mbps;2025;265.0
3143203;Acesso_SCM>=12Mbps;2025;6488.0
3143302;Acesso_SCM>=12Mbps;2025;116108.0
3143401;Acesso_SCM>=12Mbps;2025;7695.0
3143450;Acesso_SCM>=12Mbps;2025;63.0
3143500;Acesso_SCM>=12Mbps;2025;3745.0
3143609;Acesso_SCM>=12Mbps;2025;93.0
3143708;Acesso_SCM>=12Mbps;2025;1117.0
3143807;Acesso_SCM>=12Mbps;2025;2415.0
3143906;Acesso_SCM>=12Mbps;2025;52240.0
3144003;Acesso_SCM>=12Mbps;2025;4720.0
3144102;Acesso_SCM>=12Mbps;2025;6359.0
3144201;Acesso_SCM>=12Mbps;2025;382.0
3144300;Acesso_SCM>=12Mbps;2025;4471.0
3144359;Acesso_SCM>=12Mbps;2025;928.0
3144375;Acesso_SCM>=12Mbps;2025;333.0
3144409;Acesso_SCM>=12Mbps;2025;1218.0
3144508;Acesso_SCM>=12Mbps;2025;2512.0
3144607;Acesso_SCM>=12Mbps;2025;5498.0
3144656;Acesso_SCM>=12Mbps;2025;707.0
3144672;Acesso_SCM>=12Mbps;2025;136.0
3144706;Acesso_SCM>=12Mbps;2025;3533.0
3144805;Acesso_SCM>=12Mbps;2025;46357.0
3144904;Acesso_SCM>=12Mbps;2025;582.0
3145000;Acesso_SCM>=12Mbps;2025;3534.0
3145059;Acesso_SCM>=12Mbps;2025;533.0
3145109;Acesso_SCM>=12Mbps;2025;3461.0
3145208;Acesso_SCM>=12Mbps;2025;39898.0
3145307;Acesso_SCM>=12Mbps;2025;2797.0
3145356;Acesso_SCM>=12Mbps;2025;758.0
3145372;Acesso_SCM>=12Mbps;2025;118.0
3145406;Acesso_SCM>=12Mbps;2025;386.0
3145455;Acesso_SCM>=12Mbps;2025;661.0
3145505;Acesso_SCM>=12Mbps;2025;225.0
3145604;Acesso_SCM>=12Mbps;2025;13164.0
3145703;Acesso_SCM>=12Mbps;2025;118.0
3145802;Acesso_SCM>=12Mbps;2025;916.0
3145851;Acesso_SCM>=12Mbps;2025;1182.0
3145877;Acesso_SCM>=12Mbps;2025;930.0
3145901;Acesso_SCM>=12Mbps;2025;13797.0
3146008;Acesso_SCM>=12Mbps;2025;7823.0
3146107;Acesso_SCM>=12Mbps;2025;26599.0
3146206;Acesso_SCM>=12Mbps;2025;384.0
3146255;Acesso_SCM>=12Mbps;2025;79.0
3146305;Acesso_SCM>=12Mbps;2025;1114.0
3146404;Acesso_SCM>=12Mbps;2025;507.0
3146503;Acesso_SCM>=12Mbps;2025;2327.0
3146552;Acesso_SCM>=12Mbps;2025;303.0
3146602;Acesso_SCM>=12Mbps;2025;86.0
3146701;Acesso_SCM>=12Mbps;2025;820.0
3146750;Acesso_SCM>=12Mbps;2025;1175.0
3146909;Acesso_SCM>=12Mbps;2025;3077.0
3147006;Acesso_SCM>=12Mbps;2025;26790.0
3147105;Acesso_SCM>=12Mbps;2025;37409.0
3147204;Acesso_SCM>=12Mbps;2025;4343.0
3147303;Acesso_SCM>=12Mbps;2025;6976.0
3147402;Acesso_SCM>=12Mbps;2025;4815.0
3147501;Acesso_SCM>=12Mbps;2025;344.0
3147600;Acesso_SCM>=12Mbps;2025;4853.0
3147709;Acesso_SCM>=12Mbps;2025;432.0
3147808;Acesso_SCM>=12Mbps;2025;274.0
3147907;Acesso_SCM>=12Mbps;2025;29648.0
3147956;Acesso_SCM>=12Mbps;2025;461.0
3148004;Acesso_SCM>=12Mbps;2025;63512.0
3148103;Acesso_SCM>=12Mbps;2025;25359.0
3148202;Acesso_SCM>=12Mbps;2025;458.0
3148301;Acesso_SCM>=12Mbps;2025;153.0
3148400;Acesso_SCM>=12Mbps;2025;111.0
3148509;Acesso_SCM>=12Mbps;2025;325.0
3148608;Acesso_SCM>=12Mbps;2025;2790.0
3148707;Acesso_SCM>=12Mbps;2025;3647.0
3148756;Acesso_SCM>=12Mbps;2025;433.0
3148806;Acesso_SCM>=12Mbps;2025;90.0
3148905;Acesso_SCM>=12Mbps;2025;955.0
3149002;Acesso_SCM>=12Mbps;2025;309.0
3149101;Acesso_SCM>=12Mbps;2025;2598.0
3149150;Acesso_SCM>=12Mbps;2025;69.0
3149200;Acesso_SCM>=12Mbps;2025;805.0
3149309;Acesso_SCM>=12Mbps;2025;20362.0
3149408;Acesso_SCM>=12Mbps;2025;203.0
3149507;Acesso_SCM>=12Mbps;2025;1238.0
3149606;Acesso_SCM>=12Mbps;2025;1325.0
3149705;Acesso_SCM>=12Mbps;2025;4949.0
3149804;Acesso_SCM>=12Mbps;2025;2650.0
3149903;Acesso_SCM>=12Mbps;2025;6490.0
3149952;Acesso_SCM>=12Mbps;2025;488.0
3150000;Acesso_SCM>=12Mbps;2025;424.0
3150109;Acesso_SCM>=12Mbps;2025;600.0
3150158;Acesso_SCM>=12Mbps;2025;1574.0
3150208;Acesso_SCM>=12Mbps;2025;1232.0
3150307;Acesso_SCM>=12Mbps;2025;997.0
3150406;Acesso_SCM>=12Mbps;2025;324.0
3150505;Acesso_SCM>=12Mbps;2025;1216.0
3150539;Acesso_SCM>=12Mbps;2025;6.0
3150570;Acesso_SCM>=12Mbps;2025;144.0
3150604;Acesso_SCM>=12Mbps;2025;531.0
3150703;Acesso_SCM>=12Mbps;2025;1736.0
3150802;Acesso_SCM>=12Mbps;2025;1064.0
3150901;Acesso_SCM>=12Mbps;2025;1958.0
3151008;Acesso_SCM>=12Mbps;2025;3341.0
3151107;Acesso_SCM>=12Mbps;2025;389.0
3151206;Acesso_SCM>=12Mbps;2025;17340.0
3151305;Acesso_SCM>=12Mbps;2025;1108.0
3151404;Acesso_SCM>=12Mbps;2025;8503.0
3151503;Acesso_SCM>=12Mbps;2025;6296.0
3151602;Acesso_SCM>=12Mbps;2025;3088.0
3151701;Acesso_SCM>=12Mbps;2025;2064.0
3151800;Acesso_SCM>=12Mbps;2025;75918.0
3151909;Acesso_SCM>=12Mbps;2025;1309.0
3152006;Acesso_SCM>=12Mbps;2025;8963.0
3152105;Acesso_SCM>=12Mbps;2025;19685.0
3152131;Acesso_SCM>=12Mbps;2025;202.0
3152170;Acesso_SCM>=12Mbps;2025;530.0
3152204;Acesso_SCM>=12Mbps;2025;5045.0
3152303;Acesso_SCM>=12Mbps;2025;916.0
3152402;Acesso_SCM>=12Mbps;2025;1644.0
3152501;Acesso_SCM>=12Mbps;2025;50120.0
3152600;Acesso_SCM>=12Mbps;2025;1424.0
3152709;Acesso_SCM>=12Mbps;2025;2652.0
3152808;Acesso_SCM>=12Mbps;2025;6895.0
3152907;Acesso_SCM>=12Mbps;2025;1403.0
3153004;Acesso_SCM>=12Mbps;2025;181.0
3153103;Acesso_SCM>=12Mbps;2025;562.0
3153202;Acesso_SCM>=12Mbps;2025;456.0
3153301;Acesso_SCM>=12Mbps;2025;600.0
3153400;Acesso_SCM>=12Mbps;2025;3857.0
3153509;Acesso_SCM>=12Mbps;2025;2387.0
3153608;Acesso_SCM>=12Mbps;2025;1850.0
3153707;Acesso_SCM>=12Mbps;2025;555.0
3153806;Acesso_SCM>=12Mbps;2025;521.0
3153905;Acesso_SCM>=12Mbps;2025;2285.0
3154002;Acesso_SCM>=12Mbps;2025;4644.0
3154101;Acesso_SCM>=12Mbps;2025;1211.0
3154150;Acesso_SCM>=12Mbps;2025;1723.0
3154200;Acesso_SCM>=12Mbps;2025;2787.0
3154309;Acesso_SCM>=12Mbps;2025;3351.0
3154408;Acesso_SCM>=12Mbps;2025;581.0
3154457;Acesso_SCM>=12Mbps;2025;152.0
3154507;Acesso_SCM>=12Mbps;2025;619.0
3154606;Acesso_SCM>=12Mbps;2025;85936.0
3154705;Acesso_SCM>=12Mbps;2025;1299.0
3154804;Acesso_SCM>=12Mbps;2025;2868.0
3154903;Acesso_SCM>=12Mbps;2025;3184.0
3155009;Acesso_SCM>=12Mbps;2025;1023.0
3155108;Acesso_SCM>=12Mbps;2025;441.0
3155207;Acesso_SCM>=12Mbps;2025;1540.0
3155306;Acesso_SCM>=12Mbps;2025;474.0
3155405;Acesso_SCM>=12Mbps;2025;2515.0
3155504;Acesso_SCM>=12Mbps;2025;3794.0
3155603;Acesso_SCM>=12Mbps;2025;2247.0
3155702;Acesso_SCM>=12Mbps;2025;4115.0
3155801;Acesso_SCM>=12Mbps;2025;2879.0
3155900;Acesso_SCM>=12Mbps;2025;1545.0
3156007;Acesso_SCM>=12Mbps;2025;571.0
3156106;Acesso_SCM>=12Mbps;2025;1304.0
3156205;Acesso_SCM>=12Mbps;2025;750.0
3156304;Acesso_SCM>=12Mbps;2025;1492.0
3156403;Acesso_SCM>=12Mbps;2025;278.0
3156452;Acesso_SCM>=12Mbps;2025;915.0
3156502;Acesso_SCM>=12Mbps;2025;565.0
3156601;Acesso_SCM>=12Mbps;2025;1306.0
3156700;Acesso_SCM>=12Mbps;2025;34785.0
3156809;Acesso_SCM>=12Mbps;2025;708.0
3156908;Acesso_SCM>=12Mbps;2025;8514.0
3157005;Acesso_SCM>=12Mbps;2025;8150.0
3157104;Acesso_SCM>=12Mbps;2025;212.0
3157203;Acesso_SCM>=12Mbps;2025;9502.0
3157252;Acesso_SCM>=12Mbps;2025;187.0
3157278;Acesso_SCM>=12Mbps;2025;701.0
3157302;Acesso_SCM>=12Mbps;2025;342.0
3157336;Acesso_SCM>=12Mbps;2025;2915.0
3157377;Acesso_SCM>=12Mbps;2025;382.0
3157401;Acesso_SCM>=12Mbps;2025;1568.0
3157500;Acesso_SCM>=12Mbps;2025;1415.0
3157609;Acesso_SCM>=12Mbps;2025;755.0
3157658;Acesso_SCM>=12Mbps;2025;719.0
3157708;Acesso_SCM>=12Mbps;2025;4566.0
3157807;Acesso_SCM>=12Mbps;2025;73647.0
3157906;Acesso_SCM>=12Mbps;2025;977.0
3158003;Acesso_SCM>=12Mbps;2025;2863.0
3158102;Acesso_SCM>=12Mbps;2025;17.0
3158201;Acesso_SCM>=12Mbps;2025;138.0
3158300;Acesso_SCM>=12Mbps;2025;686.0
3158409;Acesso_SCM>=12Mbps;2025;761.0
3158508;Acesso_SCM>=12Mbps;2025;1157.0
3158607;Acesso_SCM>=12Mbps;2025;283.0
3158706;Acesso_SCM>=12Mbps;2025;432.0
3158805;Acesso_SCM>=12Mbps;2025;1382.0
3158904;Acesso_SCM>=12Mbps;2025;1605.0
3158953;Acesso_SCM>=12Mbps;2025;9833.0
3159001;Acesso_SCM>=12Mbps;2025;868.0
3159100;Acesso_SCM>=12Mbps;2025;943.0
3159209;Acesso_SCM>=12Mbps;2025;1333.0
3159308;Acesso_SCM>=12Mbps;2025;1667.0
3159357;Acesso_SCM>=12Mbps;2025;1997.0
3159407;Acesso_SCM>=12Mbps;2025;495.0
3159506;Acesso_SCM>=12Mbps;2025;344.0
3159605;Acesso_SCM>=12Mbps;2025;15018.0
3159704;Acesso_SCM>=12Mbps;2025;519.0
3159803;Acesso_SCM>=12Mbps;2025;5185.0
3159902;Acesso_SCM>=12Mbps;2025;4898.0
3160009;Acesso_SCM>=12Mbps;2025;647.0
3160108;Acesso_SCM>=12Mbps;2025;198.0
3160207;Acesso_SCM>=12Mbps;2025;236.0
3160306;Acesso_SCM>=12Mbps;2025;1676.0
3160405;Acesso_SCM>=12Mbps;2025;9147.0
3160454;Acesso_SCM>=12Mbps;2025;384.0
3160504;Acesso_SCM>=12Mbps;2025;259.0
3160603;Acesso_SCM>=12Mbps;2025;387.0
3160702;Acesso_SCM>=12Mbps;2025;12082.0
3160801;Acesso_SCM>=12Mbps;2025;793.0
3160900;Acesso_SCM>=12Mbps;2025;1313.0
3160959;Acesso_SCM>=12Mbps;2025;1304.0
3161007;Acesso_SCM>=12Mbps;2025;2760.0
3161056;Acesso_SCM>=12Mbps;2025;82.0
3161106;Acesso_SCM>=12Mbps;2025;5955.0
3161205;Acesso_SCM>=12Mbps;2025;1801.0
3161304;Acesso_SCM>=12Mbps;2025;1301.0
3161403;Acesso_SCM>=12Mbps;2025;729.0
3161502;Acesso_SCM>=12Mbps;2025;2320.0
3161601;Acesso_SCM>=12Mbps;2025;752.0
3161650;Acesso_SCM>=12Mbps;2025;600.0
3161700;Acesso_SCM>=12Mbps;2025;1722.0
3161809;Acesso_SCM>=12Mbps;2025;2594.0
3161908;Acesso_SCM>=12Mbps;2025;3610.0
3162005;Acesso_SCM>=12Mbps;2025;7553.0
3162104;Acesso_SCM>=12Mbps;2025;13335.0
3162203;Acesso_SCM>=12Mbps;2025;1087.0
3162252;Acesso_SCM>=12Mbps;2025;199.0
3162302;Acesso_SCM>=12Mbps;2025;360.0
3162401;Acesso_SCM>=12Mbps;2025;1411.0
3162450;Acesso_SCM>=12Mbps;2025;233.0
3162500;Acesso_SCM>=12Mbps;2025;35167.0
3162559;Acesso_SCM>=12Mbps;2025;1579.0
3162575;Acesso_SCM>=12Mbps;2025;359.0
3162609;Acesso_SCM>=12Mbps;2025;108.0
3162658;Acesso_SCM>=12Mbps;2025;110.0
3162708;Acesso_SCM>=12Mbps;2025;2999.0
3162807;Acesso_SCM>=12Mbps;2025;2522.0
3162906;Acesso_SCM>=12Mbps;2025;7576.0
3162922;Acesso_SCM>=12Mbps;2025;8309.0
3162948;Acesso_SCM>=12Mbps;2025;1595.0
3162955;Acesso_SCM>=12Mbps;2025;9043.0
3163003;Acesso_SCM>=12Mbps;2025;91.0
3163102;Acesso_SCM>=12Mbps;2025;1332.0
3163201;Acesso_SCM>=12Mbps;2025;748.0
3163300;Acesso_SCM>=12Mbps;2025;625.0
3163409;Acesso_SCM>=12Mbps;2025;380.0
3163508;Acesso_SCM>=12Mbps;2025;123.0
3163607;Acesso_SCM>=12Mbps;2025;585.0
3163706;Acesso_SCM>=12Mbps;2025;19873.0
3163805;Acesso_SCM>=12Mbps;2025;1523.0
3163904;Acesso_SCM>=12Mbps;2025;879.0
3164001;Acesso_SCM>=12Mbps;2025;1617.0
3164100;Acesso_SCM>=12Mbps;2025;108.0
3164209;Acesso_SCM>=12Mbps;2025;643.0
3164308;Acesso_SCM>=12Mbps;2025;448.0
3164407;Acesso_SCM>=12Mbps;2025;1359.0
3164431;Acesso_SCM>=12Mbps;2025;485.0
3164472;Acesso_SCM>=12Mbps;2025;1263.0
3164506;Acesso_SCM>=12Mbps;2025;436.0
3164605;Acesso_SCM>=12Mbps;2025;1046.0
3164704;Acesso_SCM>=12Mbps;2025;24322.0
3164803;Acesso_SCM>=12Mbps;2025;212.0
3164902;Acesso_SCM>=12Mbps;2025;541.0
3165008;Acesso_SCM>=12Mbps;2025;3185.0
3165107;Acesso_SCM>=12Mbps;2025;2200.0
3165206;Acesso_SCM>=12Mbps;2025;1410.0
3165305;Acesso_SCM>=12Mbps;2025;685.0
3165404;Acesso_SCM>=12Mbps;2025;1675.0
3165503;Acesso_SCM>=12Mbps;2025;1435.0
3165537;Acesso_SCM>=12Mbps;2025;25235.0
3165552;Acesso_SCM>=12Mbps;2025;584.0
3165560;Acesso_SCM>=12Mbps;2025;277.0
3165578;Acesso_SCM>=12Mbps;2025;2488.0
3165602;Acesso_SCM>=12Mbps;2025;575.0
3165701;Acesso_SCM>=12Mbps;2025;302.0
3165800;Acesso_SCM>=12Mbps;2025;24.0
3165909;Acesso_SCM>=12Mbps;2025;1109.0
3166006;Acesso_SCM>=12Mbps;2025;1277.0
3166105;Acesso_SCM>=12Mbps;2025;438.0
3166204;Acesso_SCM>=12Mbps;2025;1964.0
3166303;Acesso_SCM>=12Mbps;2025;1808.0
3166402;Acesso_SCM>=12Mbps;2025;440.0
3166501;Acesso_SCM>=12Mbps;2025;289.0
3166600;Acesso_SCM>=12Mbps;2025;29.0
3166709;Acesso_SCM>=12Mbps;2025;473.0
3166808;Acesso_SCM>=12Mbps;2025;2933.0
3166907;Acesso_SCM>=12Mbps;2025;1869.0
3166956;Acesso_SCM>=12Mbps;2025;327.0
3167004;Acesso_SCM>=12Mbps;2025;371.0
3167103;Acesso_SCM>=12Mbps;2025;4297.0
3167202;Acesso_SCM>=12Mbps;2025;78328.0
3167301;Acesso_SCM>=12Mbps;2025;120.0
3167400;Acesso_SCM>=12Mbps;2025;1262.0
3167509;Acesso_SCM>=12Mbps;2025;67.0
3167608;Acesso_SCM>=12Mbps;2025;4941.0
3167707;Acesso_SCM>=12Mbps;2025;446.0
3167806;Acesso_SCM>=12Mbps;2025;1325.0
3167905;Acesso_SCM>=12Mbps;2025;325.0
3168002;Acesso_SCM>=12Mbps;2025;7647.0
3168051;Acesso_SCM>=12Mbps;2025;568.0
3168101;Acesso_SCM>=12Mbps;2025;411.0
3168200;Acesso_SCM>=12Mbps;2025;288.0
3168309;Acesso_SCM>=12Mbps;2025;677.0
3168408;Acesso_SCM>=12Mbps;2025;380.0
3168507;Acesso_SCM>=12Mbps;2025;690.0
3168606;Acesso_SCM>=12Mbps;2025;22757.0
3168705;Acesso_SCM>=12Mbps;2025;23498.0
3168804;Acesso_SCM>=12Mbps;2025;3729.0
3168903;Acesso_SCM>=12Mbps;2025;792.0
3169000;Acesso_SCM>=12Mbps;2025;2362.0
3169059;Acesso_SCM>=12Mbps;2025;211.0
3169109;Acesso_SCM>=12Mbps;2025;2836.0
3169208;Acesso_SCM>=12Mbps;2025;3552.0
3169307;Acesso_SCM>=12Mbps;2025;24663.0
3169356;Acesso_SCM>=12Mbps;2025;10906.0
3169406;Acesso_SCM>=12Mbps;2025;7278.0
3169505;Acesso_SCM>=12Mbps;2025;741.0
3169604;Acesso_SCM>=12Mbps;2025;6229.0
3169703;Acesso_SCM>=12Mbps;2025;3465.0
3169802;Acesso_SCM>=12Mbps;2025;1174.0
3169901;Acesso_SCM>=12Mbps;2025;27494.0
3170008;Acesso_SCM>=12Mbps;2025;188.0
3170057;Acesso_SCM>=12Mbps;2025;3716.0
3170107;Acesso_SCM>=12Mbps;2025;141299.0
3170206;Acesso_SCM>=12Mbps;2025;294291.0
3170305;Acesso_SCM>=12Mbps;2025;61.0
3170404;Acesso_SCM>=12Mbps;2025;30429.0
3170438;Acesso_SCM>=12Mbps;2025;876.0
3170479;Acesso_SCM>=12Mbps;2025;419.0
3170503;Acesso_SCM>=12Mbps;2025;3846.0
3170529;Acesso_SCM>=12Mbps;2025;453.0
3170578;Acesso_SCM>=12Mbps;2025;7.0
3170602;Acesso_SCM>=12Mbps;2025;351.0
3170651;Acesso_SCM>=12Mbps;2025;413.0
3170701;Acesso_SCM>=12Mbps;2025;47669.0
3170750;Acesso_SCM>=12Mbps;2025;1787.0
3170800;Acesso_SCM>=12Mbps;2025;5304.0
3170909;Acesso_SCM>=12Mbps;2025;1636.0
3171006;Acesso_SCM>=12Mbps;2025;2267.0
3171030;Acesso_SCM>=12Mbps;2025;444.0
3171071;Acesso_SCM>=12Mbps;2025;801.0
3171105;Acesso_SCM>=12Mbps;2025;556.0
3171154;Acesso_SCM>=12Mbps;2025;145.0
3171204;Acesso_SCM>=12Mbps;2025;38202.0
3171303;Acesso_SCM>=12Mbps;2025;25032.0
3171402;Acesso_SCM>=12Mbps;2025;571.0
3171501;Acesso_SCM>=12Mbps;2025;223.0
3171600;Acesso_SCM>=12Mbps;2025;348.0
3171709;Acesso_SCM>=12Mbps;2025;1732.0
3171808;Acesso_SCM>=12Mbps;2025;1694.0
3171907;Acesso_SCM>=12Mbps;2025;752.0
3172004;Acesso_SCM>=12Mbps;2025;11873.0
3172103;Acesso_SCM>=12Mbps;2025;32.0
3172202;Acesso_SCM>=12Mbps;2025;254.0
3200102;Acesso_SCM>=12Mbps;2025;3340.0
3200136;Acesso_SCM>=12Mbps;2025;1127.0
3200169;Acesso_SCM>=12Mbps;2025;1219.0
3200201;Acesso_SCM>=12Mbps;2025;8763.0
3200300;Acesso_SCM>=12Mbps;2025;4415.0
3200359;Acesso_SCM>=12Mbps;2025;1011.0
3200409;Acesso_SCM>=12Mbps;2025;8325.0
3200508;Acesso_SCM>=12Mbps;2025;1040.0
3200607;Acesso_SCM>=12Mbps;2025;21244.0
3200706;Acesso_SCM>=12Mbps;2025;3794.0
3200805;Acesso_SCM>=12Mbps;2025;6849.0
3200904;Acesso_SCM>=12Mbps;2025;4792.0
3201001;Acesso_SCM>=12Mbps;2025;2302.0
3201100;Acesso_SCM>=12Mbps;2025;3362.0
3201159;Acesso_SCM>=12Mbps;2025;2385.0
3201209;Acesso_SCM>=12Mbps;2025;63700.0
3201308;Acesso_SCM>=12Mbps;2025;90628.0
3201407;Acesso_SCM>=12Mbps;2025;14984.0
3201506;Acesso_SCM>=12Mbps;2025;36260.0
3201605;Acesso_SCM>=12Mbps;2025;5694.0
3201704;Acesso_SCM>=12Mbps;2025;1219.0
3201803;Acesso_SCM>=12Mbps;2025;907.0
3201902;Acesso_SCM>=12Mbps;2025;9687.0
3202009;Acesso_SCM>=12Mbps;2025;1728.0
3202108;Acesso_SCM>=12Mbps;2025;857.0
3202207;Acesso_SCM>=12Mbps;2025;2338.0
3202256;Acesso_SCM>=12Mbps;2025;590.0
3202306;Acesso_SCM>=12Mbps;2025;8389.0
3202405;Acesso_SCM>=12Mbps;2025;41617.0
3202454;Acesso_SCM>=12Mbps;2025;8967.0
3202504;Acesso_SCM>=12Mbps;2025;2651.0
3202553;Acesso_SCM>=12Mbps;2025;2562.0
3202603;Acesso_SCM>=12Mbps;2025;3678.0
3202652;Acesso_SCM>=12Mbps;2025;3551.0
3202702;Acesso_SCM>=12Mbps;2025;2483.0
3202801;Acesso_SCM>=12Mbps;2025;10812.0
3202900;Acesso_SCM>=12Mbps;2025;1894.0
3203007;Acesso_SCM>=12Mbps;2025;6324.0
3203056;Acesso_SCM>=12Mbps;2025;3228.0
3203106;Acesso_SCM>=12Mbps;2025;2402.0
3203130;Acesso_SCM>=12Mbps;2025;4881.0
3203163;Acesso_SCM>=12Mbps;2025;2214.0
3203205;Acesso_SCM>=12Mbps;2025;48651.0
3203304;Acesso_SCM>=12Mbps;2025;1027.0
3203320;Acesso_SCM>=12Mbps;2025;14210.0
3203346;Acesso_SCM>=12Mbps;2025;4404.0
3203353;Acesso_SCM>=12Mbps;2025;3601.0
3203403;Acesso_SCM>=12Mbps;2025;3666.0
3203502;Acesso_SCM>=12Mbps;2025;2644.0
3203601;Acesso_SCM>=12Mbps;2025;2129.0
3203700;Acesso_SCM>=12Mbps;2025;3248.0
3203809;Acesso_SCM>=12Mbps;2025;3388.0
3203908;Acesso_SCM>=12Mbps;2025;6964.0
3204005;Acesso_SCM>=12Mbps;2025;2942.0
3204054;Acesso_SCM>=12Mbps;2025;1427.0
3204104;Acesso_SCM>=12Mbps;2025;3642.0
3204203;Acesso_SCM>=12Mbps;2025;9661.0
3204252;Acesso_SCM>=12Mbps;2025;1454.0
3204302;Acesso_SCM>=12Mbps;2025;2341.0
3204351;Acesso_SCM>=12Mbps;2025;2055.0
3204401;Acesso_SCM>=12Mbps;2025;2709.0
3204500;Acesso_SCM>=12Mbps;2025;1558.0
3204559;Acesso_SCM>=12Mbps;2025;10476.0
3204609;Acesso_SCM>=12Mbps;2025;7321.0
3204658;Acesso_SCM>=12Mbps;2025;1090.0
3204708;Acesso_SCM>=12Mbps;2025;3861.0
3204807;Acesso_SCM>=12Mbps;2025;3290.0
3204906;Acesso_SCM>=12Mbps;2025;31205.0
3204955;Acesso_SCM>=12Mbps;2025;2011.0
3205002;Acesso_SCM>=12Mbps;2025;132237.0
3205010;Acesso_SCM>=12Mbps;2025;6896.0
3205036;Acesso_SCM>=12Mbps;2025;6163.0
3205069;Acesso_SCM>=12Mbps;2025;5329.0
3205101;Acesso_SCM>=12Mbps;2025;7487.0
3205150;Acesso_SCM>=12Mbps;2025;466.0
3205176;Acesso_SCM>=12Mbps;2025;392.0
3205200;Acesso_SCM>=12Mbps;2025;161527.0
3205309;Acesso_SCM>=12Mbps;2025;137946.0
3300100;Acesso_SCM>=12Mbps;2025;53561.0
3300159;Acesso_SCM>=12Mbps;2025;2014.0
3300209;Acesso_SCM>=12Mbps;2025;42566.0
3300225;Acesso_SCM>=12Mbps;2025;2192.0
3300233;Acesso_SCM>=12Mbps;2025;29662.0
3300258;Acesso_SCM>=12Mbps;2025;16831.0
3300308;Acesso_SCM>=12Mbps;2025;30294.0
3300407;Acesso_SCM>=12Mbps;2025;39505.0
3300456;Acesso_SCM>=12Mbps;2025;75133.0
3300506;Acesso_SCM>=12Mbps;2025;9903.0
3300605;Acesso_SCM>=12Mbps;2025;11371.0
3300704;Acesso_SCM>=12Mbps;2025;87628.0
3300803;Acesso_SCM>=12Mbps;2025;17118.0
3300902;Acesso_SCM>=12Mbps;2025;2705.0
3300936;Acesso_SCM>=12Mbps;2025;1053.0
3300951;Acesso_SCM>=12Mbps;2025;2720.0
3301009;Acesso_SCM>=12Mbps;2025;109627.0
3301108;Acesso_SCM>=12Mbps;2025;6510.0
3301157;Acesso_SCM>=12Mbps;2025;3047.0
3301207;Acesso_SCM>=12Mbps;2025;5498.0
3301306;Acesso_SCM>=12Mbps;2025;11214.0
3301405;Acesso_SCM>=12Mbps;2025;7207.0
3301504;Acesso_SCM>=12Mbps;2025;7212.0
3301603;Acesso_SCM>=12Mbps;2025;3032.0
3301702;Acesso_SCM>=12Mbps;2025;156106.0
3301801;Acesso_SCM>=12Mbps;2025;200.0
3301850;Acesso_SCM>=12Mbps;2025;11128.0
3301876;Acesso_SCM>=12Mbps;2025;12085.0
3301900;Acesso_SCM>=12Mbps;2025;21866.0
3302007;Acesso_SCM>=12Mbps;2025;33605.0
3302056;Acesso_SCM>=12Mbps;2025;2740.0
3302106;Acesso_SCM>=12Mbps;2025;5350.0
3302205;Acesso_SCM>=12Mbps;2025;31131.0
3302254;Acesso_SCM>=12Mbps;2025;8325.0
3302270;Acesso_SCM>=12Mbps;2025;4540.0
3302304;Acesso_SCM>=12Mbps;2025;912.0
3302403;Acesso_SCM>=12Mbps;2025;55354.0
3302452;Acesso_SCM>=12Mbps;2025;2515.0
3302502;Acesso_SCM>=12Mbps;2025;44889.0
3302601;Acesso_SCM>=12Mbps;2025;19077.0
3302700;Acesso_SCM>=12Mbps;2025;48801.0
3302809;Acesso_SCM>=12Mbps;2025;1406.0
3302858;Acesso_SCM>=12Mbps;2025;28879.0
3302908;Acesso_SCM>=12Mbps;2025;8082.0
3303005;Acesso_SCM>=12Mbps;2025;3101.0
3303104;Acesso_SCM>=12Mbps;2025;5616.0
3303203;Acesso_SCM>=12Mbps;2025;38871.0
3303302;Acesso_SCM>=12Mbps;2025;194554.0
3303401;Acesso_SCM>=12Mbps;2025;79361.0
3303500;Acesso_SCM>=12Mbps;2025;117670.0
3303609;Acesso_SCM>=12Mbps;2025;13598.0
3303708;Acesso_SCM>=12Mbps;2025;10835.0
3303807;Acesso_SCM>=12Mbps;2025;20435.0
3303856;Acesso_SCM>=12Mbps;2025;6958.0
3303906;Acesso_SCM>=12Mbps;2025;101325.0
3303955;Acesso_SCM>=12Mbps;2025;5606.0
3304003;Acesso_SCM>=12Mbps;2025;3822.0
3304102;Acesso_SCM>=12Mbps;2025;6236.0
3304110;Acesso_SCM>=12Mbps;2025;6270.0
3304128;Acesso_SCM>=12Mbps;2025;3313.0
3304144;Acesso_SCM>=12Mbps;2025;18224.0
3304151;Acesso_SCM>=12Mbps;2025;7755.0
3304201;Acesso_SCM>=12Mbps;2025;47986.0
3304300;Acesso_SCM>=12Mbps;2025;7954.0
3304409;Acesso_SCM>=12Mbps;2025;1211.0
3304508;Acesso_SCM>=12Mbps;2025;1441.0
3304524;Acesso_SCM>=12Mbps;2025;64532.0
3304557;Acesso_SCM>=12Mbps;2025;1766038.0
3304607;Acesso_SCM>=12Mbps;2025;1733.0
3304706;Acesso_SCM>=12Mbps;2025;4126.0
3304755;Acesso_SCM>=12Mbps;2025;7409.0
3304805;Acesso_SCM>=12Mbps;2025;6035.0
3304904;Acesso_SCM>=12Mbps;2025;99427.0
3305000;Acesso_SCM>=12Mbps;2025;5545.0
3305109;Acesso_SCM>=12Mbps;2025;53445.0
3305133;Acesso_SCM>=12Mbps;2025;581.0
3305158;Acesso_SCM>=12Mbps;2025;1050.0
3305208;Acesso_SCM>=12Mbps;2025;30083.0
3305307;Acesso_SCM>=12Mbps;2025;1473.0
3305406;Acesso_SCM>=12Mbps;2025;4143.0
3305505;Acesso_SCM>=12Mbps;2025;26365.0
3305554;Acesso_SCM>=12Mbps;2025;21265.0
3305604;Acesso_SCM>=12Mbps;2025;4239.0
3305703;Acesso_SCM>=12Mbps;2025;3112.0
3305752;Acesso_SCM>=12Mbps;2025;13517.0
3305802;Acesso_SCM>=12Mbps;2025;60867.0
3305901;Acesso_SCM>=12Mbps;2025;513.0
3306008;Acesso_SCM>=12Mbps;2025;23547.0
3306107;Acesso_SCM>=12Mbps;2025;22007.0
3306156;Acesso_SCM>=12Mbps;2025;2510.0
3306206;Acesso_SCM>=12Mbps;2025;11779.0
3306305;Acesso_SCM>=12Mbps;2025;105141.0
3500105;Acesso_SCM>=12Mbps;2025;12426.0
3500204;Acesso_SCM>=12Mbps;2025;1912.0
3500303;Acesso_SCM>=12Mbps;2025;5677.0
3500402;Acesso_SCM>=12Mbps;2025;2892.0
3500501;Acesso_SCM>=12Mbps;2025;4830.0
3500550;Acesso_SCM>=12Mbps;2025;2456.0
3500600;Acesso_SCM>=12Mbps;2025;1146.0
3500709;Acesso_SCM>=12Mbps;2025;12614.0
3500758;Acesso_SCM>=12Mbps;2025;1259.0
3500808;Acesso_SCM>=12Mbps;2025;623.0
3500907;Acesso_SCM>=12Mbps;2025;685.0
3501004;Acesso_SCM>=12Mbps;2025;5318.0
3501103;Acesso_SCM>=12Mbps;2025;561.0
3501152;Acesso_SCM>=12Mbps;2025;4166.0
3501202;Acesso_SCM>=12Mbps;2025;559.0
3501301;Acesso_SCM>=12Mbps;2025;6386.0
3501400;Acesso_SCM>=12Mbps;2025;786.0
3501509;Acesso_SCM>=12Mbps;2025;866.0
3501608;Acesso_SCM>=12Mbps;2025;103578.0
3501707;Acesso_SCM>=12Mbps;2025;10355.0
3501806;Acesso_SCM>=12Mbps;2025;826.0
3501905;Acesso_SCM>=12Mbps;2025;26424.0
3502002;Acesso_SCM>=12Mbps;2025;507.0
3502101;Acesso_SCM>=12Mbps;2025;18243.0
3502200;Acesso_SCM>=12Mbps;2025;7239.0
3502309;Acesso_SCM>=12Mbps;2025;2053.0
3502408;Acesso_SCM>=12Mbps;2025;987.0
3502507;Acesso_SCM>=12Mbps;2025;11803.0
3502606;Acesso_SCM>=12Mbps;2025;143.0
3502705;Acesso_SCM>=12Mbps;2025;2157.0
3502754;Acesso_SCM>=12Mbps;2025;6161.0
3502804;Acesso_SCM>=12Mbps;2025;83473.0
3502903;Acesso_SCM>=12Mbps;2025;7222.0
3503000;Acesso_SCM>=12Mbps;2025;1701.0
3503109;Acesso_SCM>=12Mbps;2025;2106.0
3503158;Acesso_SCM>=12Mbps;2025;723.0
3503208;Acesso_SCM>=12Mbps;2025;103611.0
3503307;Acesso_SCM>=12Mbps;2025;54035.0
3503356;Acesso_SCM>=12Mbps;2025;458.0
3503406;Acesso_SCM>=12Mbps;2025;3219.0
3503505;Acesso_SCM>=12Mbps;2025;878.0
3503604;Acesso_SCM>=12Mbps;2025;1892.0
3503703;Acesso_SCM>=12Mbps;2025;1569.0
3503802;Acesso_SCM>=12Mbps;2025;14022.0
3503901;Acesso_SCM>=12Mbps;2025;27657.0
3503950;Acesso_SCM>=12Mbps;2025;189.0
3504008;Acesso_SCM>=12Mbps;2025;23373.0
3504107;Acesso_SCM>=12Mbps;2025;69591.0
3504206;Acesso_SCM>=12Mbps;2025;847.0
3504305;Acesso_SCM>=12Mbps;2025;1368.0
3504404;Acesso_SCM>=12Mbps;2025;843.0
3504503;Acesso_SCM>=12Mbps;2025;35508.0
3504602;Acesso_SCM>=12Mbps;2025;12252.0
3504701;Acesso_SCM>=12Mbps;2025;532.0
3504800;Acesso_SCM>=12Mbps;2025;4106.0
3504909;Acesso_SCM>=12Mbps;2025;2717.0
3505005;Acesso_SCM>=12Mbps;2025;820.0
3505104;Acesso_SCM>=12Mbps;2025;1219.0
3505203;Acesso_SCM>=12Mbps;2025;10936.0
3505302;Acesso_SCM>=12Mbps;2025;13757.0
3505351;Acesso_SCM>=12Mbps;2025;300.0
3505401;Acesso_SCM>=12Mbps;2025;1550.0
3505500;Acesso_SCM>=12Mbps;2025;52357.0
3505609;Acesso_SCM>=12Mbps;2025;10214.0
3505708;Acesso_SCM>=12Mbps;2025;124793.0
3505807;Acesso_SCM>=12Mbps;2025;6967.0
3505906;Acesso_SCM>=12Mbps;2025;22070.0
3506003;Acesso_SCM>=12Mbps;2025;172046.0
3506102;Acesso_SCM>=12Mbps;2025;28249.0
3506201;Acesso_SCM>=12Mbps;2025;169.0
3506300;Acesso_SCM>=12Mbps;2025;2389.0
3506359;Acesso_SCM>=12Mbps;2025;40410.0
3506409;Acesso_SCM>=12Mbps;2025;640.0
3506508;Acesso_SCM>=12Mbps;2025;36433.0
3506607;Acesso_SCM>=12Mbps;2025;8673.0
3506706;Acesso_SCM>=12Mbps;2025;1557.0
3506805;Acesso_SCM>=12Mbps;2025;3498.0
3506904;Acesso_SCM>=12Mbps;2025;2778.0
3507001;Acesso_SCM>=12Mbps;2025;29378.0
3507100;Acesso_SCM>=12Mbps;2025;8027.0
3507159;Acesso_SCM>=12Mbps;2025;451.0
3507209;Acesso_SCM>=12Mbps;2025;244.0
3507308;Acesso_SCM>=12Mbps;2025;1333.0
3507407;Acesso_SCM>=12Mbps;2025;3840.0
3507456;Acesso_SCM>=12Mbps;2025;867.0
3507506;Acesso_SCM>=12Mbps;2025;60478.0
3507605;Acesso_SCM>=12Mbps;2025;71634.0
3507704;Acesso_SCM>=12Mbps;2025;1386.0
3507753;Acesso_SCM>=12Mbps;2025;301.0
3507803;Acesso_SCM>=12Mbps;2025;8972.0
3507902;Acesso_SCM>=12Mbps;2025;7927.0
3508009;Acesso_SCM>=12Mbps;2025;5746.0
3508108;Acesso_SCM>=12Mbps;2025;2806.0
3508207;Acesso_SCM>=12Mbps;2025;1326.0
3508306;Acesso_SCM>=12Mbps;2025;1253.0
3508405;Acesso_SCM>=12Mbps;2025;8620.0
3508504;Acesso_SCM>=12Mbps;2025;25369.0
3508603;Acesso_SCM>=12Mbps;2025;9770.0
3508702;Acesso_SCM>=12Mbps;2025;4785.0
3508801;Acesso_SCM>=12Mbps;2025;4641.0
3508900;Acesso_SCM>=12Mbps;2025;554.0
3509007;Acesso_SCM>=12Mbps;2025;21546.0
3509106;Acesso_SCM>=12Mbps;2025;396.0
3509205;Acesso_SCM>=12Mbps;2025;19903.0
3509254;Acesso_SCM>=12Mbps;2025;2926.0
3509304;Acesso_SCM>=12Mbps;2025;2956.0
3509403;Acesso_SCM>=12Mbps;2025;8369.0
3509452;Acesso_SCM>=12Mbps;2025;2249.0
3509502;Acesso_SCM>=12Mbps;2025;466133.0
3509601;Acesso_SCM>=12Mbps;2025;18473.0
3509700;Acesso_SCM>=12Mbps;2025;13492.0
3509809;Acesso_SCM>=12Mbps;2025;990.0
3509908;Acesso_SCM>=12Mbps;2025;2004.0
3509957;Acesso_SCM>=12Mbps;2025;1459.0
3510005;Acesso_SCM>=12Mbps;2025;5240.0
3510104;Acesso_SCM>=12Mbps;2025;600.0
3510153;Acesso_SCM>=12Mbps;2025;1329.0
3510203;Acesso_SCM>=12Mbps;2025;9880.0
3510302;Acesso_SCM>=12Mbps;2025;6908.0
3510401;Acesso_SCM>=12Mbps;2025;18524.0
3510500;Acesso_SCM>=12Mbps;2025;67961.0
3510609;Acesso_SCM>=12Mbps;2025;100367.0
3510708;Acesso_SCM>=12Mbps;2025;2830.0
3510807;Acesso_SCM>=12Mbps;2025;5578.0
3510906;Acesso_SCM>=12Mbps;2025;824.0
3511003;Acesso_SCM>=12Mbps;2025;4386.0
3511102;Acesso_SCM>=12Mbps;2025;41002.0
3511201;Acesso_SCM>=12Mbps;2025;1669.0
3511300;Acesso_SCM>=12Mbps;2025;4735.0
3511409;Acesso_SCM>=12Mbps;2025;5365.0
3511508;Acesso_SCM>=12Mbps;2025;17591.0
3511607;Acesso_SCM>=12Mbps;2025;5747.0
3511706;Acesso_SCM>=12Mbps;2025;4955.0
3511904;Acesso_SCM>=12Mbps;2025;1507.0
3512001;Acesso_SCM>=12Mbps;2025;3346.0
3512100;Acesso_SCM>=12Mbps;2025;1718.0
3512209;Acesso_SCM>=12Mbps;2025;7369.0
3512308;Acesso_SCM>=12Mbps;2025;5339.0
3512407;Acesso_SCM>=12Mbps;2025;10646.0
3512506;Acesso_SCM>=12Mbps;2025;614.0
3512605;Acesso_SCM>=12Mbps;2025;1136.0
3512704;Acesso_SCM>=12Mbps;2025;1078.0
3512803;Acesso_SCM>=12Mbps;2025;14726.0
3512902;Acesso_SCM>=12Mbps;2025;536.0
3513009;Acesso_SCM>=12Mbps;2025;97884.0
3513108;Acesso_SCM>=12Mbps;2025;13660.0
3513207;Acesso_SCM>=12Mbps;2025;1745.0
3513306;Acesso_SCM>=12Mbps;2025;92.0
3513405;Acesso_SCM>=12Mbps;2025;15724.0
3513504;Acesso_SCM>=12Mbps;2025;26998.0
3513603;Acesso_SCM>=12Mbps;2025;4439.0
3513702;Acesso_SCM>=12Mbps;2025;7886.0
3513801;Acesso_SCM>=12Mbps;2025;106064.0
3513850;Acesso_SCM>=12Mbps;2025;150.0
3513900;Acesso_SCM>=12Mbps;2025;2231.0
3514007;Acesso_SCM>=12Mbps;2025;2286.0
3514106;Acesso_SCM>=12Mbps;2025;10239.0
3514205;Acesso_SCM>=12Mbps;2025;212.0
3514304;Acesso_SCM>=12Mbps;2025;1806.0
3514403;Acesso_SCM>=12Mbps;2025;14074.0
3514502;Acesso_SCM>=12Mbps;2025;4082.0
3514601;Acesso_SCM>=12Mbps;2025;1970.0
3514700;Acesso_SCM>=12Mbps;2025;1500.0
3514809;Acesso_SCM>=12Mbps;2025;2302.0
3514908;Acesso_SCM>=12Mbps;2025;4670.0
3514924;Acesso_SCM>=12Mbps;2025;633.0
3514957;Acesso_SCM>=12Mbps;2025;413.0
3515004;Acesso_SCM>=12Mbps;2025;49201.0
3515103;Acesso_SCM>=12Mbps;2025;16409.0
3515129;Acesso_SCM>=12Mbps;2025;518.0
3515152;Acesso_SCM>=12Mbps;2025;5327.0
3515186;Acesso_SCM>=12Mbps;2025;14651.0
3515194;Acesso_SCM>=12Mbps;2025;1310.0
3515202;Acesso_SCM>=12Mbps;2025;986.0
3515301;Acesso_SCM>=12Mbps;2025;314.0
3515350;Acesso_SCM>=12Mbps;2025;1599.0
3515400;Acesso_SCM>=12Mbps;2025;4206.0
3515509;Acesso_SCM>=12Mbps;2025;16489.0
3515608;Acesso_SCM>=12Mbps;2025;427.0
3515657;Acesso_SCM>=12Mbps;2025;344.0
3515707;Acesso_SCM>=12Mbps;2025;41183.0
3515806;Acesso_SCM>=12Mbps;2025;262.0
3515905;Acesso_SCM>=12Mbps;2025;115.0
3516002;Acesso_SCM>=12Mbps;2025;2534.0
3516101;Acesso_SCM>=12Mbps;2025;630.0
3516200;Acesso_SCM>=12Mbps;2025;138752.0
3516309;Acesso_SCM>=12Mbps;2025;40044.0
3516408;Acesso_SCM>=12Mbps;2025;32583.0
3516507;Acesso_SCM>=12Mbps;2025;761.0
3516606;Acesso_SCM>=12Mbps;2025;1881.0
3516705;Acesso_SCM>=12Mbps;2025;19542.0
3516804;Acesso_SCM>=12Mbps;2025;168.0
3516853;Acesso_SCM>=12Mbps;2025;1605.0
3516903;Acesso_SCM>=12Mbps;2025;959.0
3517000;Acesso_SCM>=12Mbps;2025;641.0
3517109;Acesso_SCM>=12Mbps;2025;409.0
3517208;Acesso_SCM>=12Mbps;2025;1681.0
3517307;Acesso_SCM>=12Mbps;2025;444.0
3517406;Acesso_SCM>=12Mbps;2025;14558.0
3517505;Acesso_SCM>=12Mbps;2025;4915.0
3517604;Acesso_SCM>=12Mbps;2025;647.0
3517703;Acesso_SCM>=12Mbps;2025;5337.0
3517802;Acesso_SCM>=12Mbps;2025;941.0
3517901;Acesso_SCM>=12Mbps;2025;2961.0
3518008;Acesso_SCM>=12Mbps;2025;318.0
3518107;Acesso_SCM>=12Mbps;2025;2059.0
3518206;Acesso_SCM>=12Mbps;2025;8336.0
3518305;Acesso_SCM>=12Mbps;2025;13656.0
3518404;Acesso_SCM>=12Mbps;2025;41725.0
3518503;Acesso_SCM>=12Mbps;2025;4321.0
3518602;Acesso_SCM>=12Mbps;2025;6030.0
3518701;Acesso_SCM>=12Mbps;2025;128444.0
3518800;Acesso_SCM>=12Mbps;2025;366572.0
3518859;Acesso_SCM>=12Mbps;2025;1295.0
3518909;Acesso_SCM>=12Mbps;2025;324.0
3519006;Acesso_SCM>=12Mbps;2025;2935.0
3519055;Acesso_SCM>=12Mbps;2025;3940.0
3519071;Acesso_SCM>=12Mbps;2025;97035.0
3519105;Acesso_SCM>=12Mbps;2025;2570.0
3519204;Acesso_SCM>=12Mbps;2025;1874.0
3519253;Acesso_SCM>=12Mbps;2025;895.0
3519303;Acesso_SCM>=12Mbps;2025;7088.0
3519402;Acesso_SCM>=12Mbps;2025;1451.0
3519501;Acesso_SCM>=12Mbps;2025;1558.0
3519600;Acesso_SCM>=12Mbps;2025;22617.0
3519709;Acesso_SCM>=12Mbps;2025;33559.0
3519808;Acesso_SCM>=12Mbps;2025;280.0
3519907;Acesso_SCM>=12Mbps;2025;927.0
3520004;Acesso_SCM>=12Mbps;2025;7540.0
3520103;Acesso_SCM>=12Mbps;2025;5551.0
3520202;Acesso_SCM>=12Mbps;2025;2721.0
3520301;Acesso_SCM>=12Mbps;2025;10415.0
3520400;Acesso_SCM>=12Mbps;2025;18656.0
3520426;Acesso_SCM>=12Mbps;2025;9849.0
3520442;Acesso_SCM>=12Mbps;2025;5715.0
3520509;Acesso_SCM>=12Mbps;2025;107823.0
3520608;Acesso_SCM>=12Mbps;2025;1396.0
3520707;Acesso_SCM>=12Mbps;2025;28.0
3520806;Acesso_SCM>=12Mbps;2025;561.0
3520905;Acesso_SCM>=12Mbps;2025;3139.0
3521002;Acesso_SCM>=12Mbps;2025;12452.0
3521101;Acesso_SCM>=12Mbps;2025;2588.0
3521150;Acesso_SCM>=12Mbps;2025;83.0
3521200;Acesso_SCM>=12Mbps;2025;1073.0
3521309;Acesso_SCM>=12Mbps;2025;3486.0
3521408;Acesso_SCM>=12Mbps;2025;5961.0
3521507;Acesso_SCM>=12Mbps;2025;529.0
3521606;Acesso_SCM>=12Mbps;2025;842.0
3521705;Acesso_SCM>=12Mbps;2025;2657.0
3521804;Acesso_SCM>=12Mbps;2025;6445.0
3521903;Acesso_SCM>=12Mbps;2025;3121.0
3522000;Acesso_SCM>=12Mbps;2025;1112.0
3522109;Acesso_SCM>=12Mbps;2025;64943.0
3522158;Acesso_SCM>=12Mbps;2025;152.0
3522208;Acesso_SCM>=12Mbps;2025;31651.0
3522307;Acesso_SCM>=12Mbps;2025;47530.0
3522406;Acesso_SCM>=12Mbps;2025;26489.0
3522505;Acesso_SCM>=12Mbps;2025;41412.0
3522604;Acesso_SCM>=12Mbps;2025;21323.0
3522653;Acesso_SCM>=12Mbps;2025;475.0
3522703;Acesso_SCM>=12Mbps;2025;4791.0
3522802;Acesso_SCM>=12Mbps;2025;3230.0
3522901;Acesso_SCM>=12Mbps;2025;3693.0
3523008;Acesso_SCM>=12Mbps;2025;934.0
3523107;Acesso_SCM>=12Mbps;2025;63864.0
3523206;Acesso_SCM>=12Mbps;2025;9240.0
3523305;Acesso_SCM>=12Mbps;2025;1422.0
3523404;Acesso_SCM>=12Mbps;2025;40384.0
3523503;Acesso_SCM>=12Mbps;2025;3488.0
3523602;Acesso_SCM>=12Mbps;2025;961.0
3523701;Acesso_SCM>=12Mbps;2025;1798.0
3523800;Acesso_SCM>=12Mbps;2025;1264.0
3523909;Acesso_SCM>=12Mbps;2025;64220.0
3524006;Acesso_SCM>=12Mbps;2025;29503.0
3524105;Acesso_SCM>=12Mbps;2025;11517.0
3524204;Acesso_SCM>=12Mbps;2025;832.0
3524303;Acesso_SCM>=12Mbps;2025;23668.0
3524402;Acesso_SCM>=12Mbps;2025;73144.0
3524501;Acesso_SCM>=12Mbps;2025;1534.0
3524600;Acesso_SCM>=12Mbps;2025;2854.0
3524709;Acesso_SCM>=12Mbps;2025;24030.0
3524808;Acesso_SCM>=12Mbps;2025;10677.0
3524907;Acesso_SCM>=12Mbps;2025;1664.0
3525003;Acesso_SCM>=12Mbps;2025;31811.0
3525102;Acesso_SCM>=12Mbps;2025;15286.0
3525201;Acesso_SCM>=12Mbps;2025;10779.0
3525300;Acesso_SCM>=12Mbps;2025;56900.0
3525409;Acesso_SCM>=12Mbps;2025;58.0
3525508;Acesso_SCM>=12Mbps;2025;3591.0
3525607;Acesso_SCM>=12Mbps;2025;665.0
3525706;Acesso_SCM>=12Mbps;2025;10989.0
3525805;Acesso_SCM>=12Mbps;2025;553.0
3525854;Acesso_SCM>=12Mbps;2025;949.0
3525904;Acesso_SCM>=12Mbps;2025;174662.0
3526001;Acesso_SCM>=12Mbps;2025;1966.0
3526100;Acesso_SCM>=12Mbps;2025;6044.0
3526209;Acesso_SCM>=12Mbps;2025;12744.0
3526308;Acesso_SCM>=12Mbps;2025;806.0
3526407;Acesso_SCM>=12Mbps;2025;9944.0
3526506;Acesso_SCM>=12Mbps;2025;549.0
3526605;Acesso_SCM>=12Mbps;2025;1568.0
3526704;Acesso_SCM>=12Mbps;2025;35604.0
3526803;Acesso_SCM>=12Mbps;2025;23715.0
3526902;Acesso_SCM>=12Mbps;2025;100634.0
3527009;Acesso_SCM>=12Mbps;2025;2373.0
3527108;Acesso_SCM>=12Mbps;2025;26764.0
3527207;Acesso_SCM>=12Mbps;2025;28412.0
3527256;Acesso_SCM>=12Mbps;2025;153.0
3527306;Acesso_SCM>=12Mbps;2025;17624.0
3527405;Acesso_SCM>=12Mbps;2025;5532.0
3527504;Acesso_SCM>=12Mbps;2025;746.0
3527603;Acesso_SCM>=12Mbps;2025;3609.0
3527702;Acesso_SCM>=12Mbps;2025;760.0
3527801;Acesso_SCM>=12Mbps;2025;1089.0
3527900;Acesso_SCM>=12Mbps;2025;328.0
3528007;Acesso_SCM>=12Mbps;2025;5465.0
3528106;Acesso_SCM>=12Mbps;2025;742.0
3528205;Acesso_SCM>=12Mbps;2025;712.0
3528304;Acesso_SCM>=12Mbps;2025;321.0
3528403;Acesso_SCM>=12Mbps;2025;18084.0
3528502;Acesso_SCM>=12Mbps;2025;22985.0
3528601;Acesso_SCM>=12Mbps;2025;2513.0
3528700;Acesso_SCM>=12Mbps;2025;1490.0
3528809;Acesso_SCM>=12Mbps;2025;1741.0
3528858;Acesso_SCM>=12Mbps;2025;317.0
3528908;Acesso_SCM>=12Mbps;2025;1056.0
3529005;Acesso_SCM>=12Mbps;2025;74081.0
3529104;Acesso_SCM>=12Mbps;2025;85.0
3529203;Acesso_SCM>=12Mbps;2025;6266.0
3529302;Acesso_SCM>=12Mbps;2025;25568.0
3529401;Acesso_SCM>=12Mbps;2025;107691.0
3529500;Acesso_SCM>=12Mbps;2025;1936.0
3529609;Acesso_SCM>=12Mbps;2025;216.0
3529658;Acesso_SCM>=12Mbps;2025;46.0
3529708;Acesso_SCM>=12Mbps;2025;2731.0
3529807;Acesso_SCM>=12Mbps;2025;3680.0
3529906;Acesso_SCM>=12Mbps;2025;4732.0
3530003;Acesso_SCM>=12Mbps;2025;340.0
3530102;Acesso_SCM>=12Mbps;2025;5198.0
3530201;Acesso_SCM>=12Mbps;2025;2013.0
3530300;Acesso_SCM>=12Mbps;2025;25042.0
3530409;Acesso_SCM>=12Mbps;2025;701.0
3530508;Acesso_SCM>=12Mbps;2025;22511.0
3530607;Acesso_SCM>=12Mbps;2025;155350.0
3530706;Acesso_SCM>=12Mbps;2025;49547.0
3530805;Acesso_SCM>=12Mbps;2025;35432.0
3530904;Acesso_SCM>=12Mbps;2025;1463.0
3531001;Acesso_SCM>=12Mbps;2025;268.0
3531100;Acesso_SCM>=12Mbps;2025;38859.0
3531209;Acesso_SCM>=12Mbps;2025;2454.0
3531308;Acesso_SCM>=12Mbps;2025;9183.0
3531407;Acesso_SCM>=12Mbps;2025;2475.0
3531506;Acesso_SCM>=12Mbps;2025;4537.0
3531605;Acesso_SCM>=12Mbps;2025;904.0
3531704;Acesso_SCM>=12Mbps;2025;716.0
3531803;Acesso_SCM>=12Mbps;2025;21410.0
3531902;Acesso_SCM>=12Mbps;2025;6457.0
3532009;Acesso_SCM>=12Mbps;2025;3587.0
3532058;Acesso_SCM>=12Mbps;2025;721.0
3532108;Acesso_SCM>=12Mbps;2025;568.0
3532157;Acesso_SCM>=12Mbps;2025;248.0
3532207;Acesso_SCM>=12Mbps;2025;1107.0
3532306;Acesso_SCM>=12Mbps;2025;1032.0
3532405;Acesso_SCM>=12Mbps;2025;5006.0
3532504;Acesso_SCM>=12Mbps;2025;3800.0
3532603;Acesso_SCM>=12Mbps;2025;847.0
3532702;Acesso_SCM>=12Mbps;2025;999.0
3532801;Acesso_SCM>=12Mbps;2025;2110.0
3532827;Acesso_SCM>=12Mbps;2025;588.0
3532843;Acesso_SCM>=12Mbps;2025;23.0
3532868;Acesso_SCM>=12Mbps;2025;216.0
3532900;Acesso_SCM>=12Mbps;2025;3179.0
3533007;Acesso_SCM>=12Mbps;2025;4813.0
3533106;Acesso_SCM>=12Mbps;2025;549.0
3533205;Acesso_SCM>=12Mbps;2025;1151.0
3533254;Acesso_SCM>=12Mbps;2025;1455.0
3533304;Acesso_SCM>=12Mbps;2025;158.0
3533403;Acesso_SCM>=12Mbps;2025;24730.0
3533502;Acesso_SCM>=12Mbps;2025;13211.0
3533601;Acesso_SCM>=12Mbps;2025;1754.0
3533700;Acesso_SCM>=12Mbps;2025;652.0
3533809;Acesso_SCM>=12Mbps;2025;436.0
3533908;Acesso_SCM>=12Mbps;2025;16823.0
3534005;Acesso_SCM>=12Mbps;2025;1334.0
3534104;Acesso_SCM>=12Mbps;2025;1821.0
3534203;Acesso_SCM>=12Mbps;2025;855.0
3534302;Acesso_SCM>=12Mbps;2025;12251.0
3534401;Acesso_SCM>=12Mbps;2025;253859.0
3534500;Acesso_SCM>=12Mbps;2025;446.0
3534609;Acesso_SCM>=12Mbps;2025;7278.0
3534708;Acesso_SCM>=12Mbps;2025;41294.0
3534757;Acesso_SCM>=12Mbps;2025;839.0
3534807;Acesso_SCM>=12Mbps;2025;1546.0
3534906;Acesso_SCM>=12Mbps;2025;2304.0
3535002;Acesso_SCM>=12Mbps;2025;1263.0
3535101;Acesso_SCM>=12Mbps;2025;1380.0
3535200;Acesso_SCM>=12Mbps;2025;1608.0
3535309;Acesso_SCM>=12Mbps;2025;3019.0
3535408;Acesso_SCM>=12Mbps;2025;3086.0
3535507;Acesso_SCM>=12Mbps;2025;3659.0
3535606;Acesso_SCM>=12Mbps;2025;5744.0
3535705;Acesso_SCM>=12Mbps;2025;546.0
3535804;Acesso_SCM>=12Mbps;2025;5903.0
3535903;Acesso_SCM>=12Mbps;2025;61.0
3536000;Acesso_SCM>=12Mbps;2025;1996.0
3536109;Acesso_SCM>=12Mbps;2025;4018.0
3536208;Acesso_SCM>=12Mbps;2025;3766.0
3536257;Acesso_SCM>=12Mbps;2025;404.0
3536307;Acesso_SCM>=12Mbps;2025;5235.0
3536406;Acesso_SCM>=12Mbps;2025;1456.0
3536505;Acesso_SCM>=12Mbps;2025;48914.0
3536570;Acesso_SCM>=12Mbps;2025;628.0
3536604;Acesso_SCM>=12Mbps;2025;376.0
3536703;Acesso_SCM>=12Mbps;2025;16942.0
3536802;Acesso_SCM>=12Mbps;2025;1101.0
3536901;Acesso_SCM>=12Mbps;2025;224.0
3537008;Acesso_SCM>=12Mbps;2025;1772.0
3537107;Acesso_SCM>=12Mbps;2025;16127.0
3537156;Acesso_SCM>=12Mbps;2025;333.0
3537206;Acesso_SCM>=12Mbps;2025;1524.0
3537305;Acesso_SCM>=12Mbps;2025;16797.0
3537404;Acesso_SCM>=12Mbps;2025;5037.0
3537503;Acesso_SCM>=12Mbps;2025;2967.0
3537602;Acesso_SCM>=12Mbps;2025;32947.0
3537701;Acesso_SCM>=12Mbps;2025;1202.0
3537800;Acesso_SCM>=12Mbps;2025;16168.0
3537909;Acesso_SCM>=12Mbps;2025;4085.0
3538006;Acesso_SCM>=12Mbps;2025;46659.0
3538105;Acesso_SCM>=12Mbps;2025;2843.0
3538204;Acesso_SCM>=12Mbps;2025;5633.0
3538303;Acesso_SCM>=12Mbps;2025;474.0
3538501;Acesso_SCM>=12Mbps;2025;2892.0
3538600;Acesso_SCM>=12Mbps;2025;11210.0
3538709;Acesso_SCM>=12Mbps;2025;173249.0
3538808;Acesso_SCM>=12Mbps;2025;8718.0
3538907;Acesso_SCM>=12Mbps;2025;7053.0
3539004;Acesso_SCM>=12Mbps;2025;3318.0
3539103;Acesso_SCM>=12Mbps;2025;2081.0
3539202;Acesso_SCM>=12Mbps;2025;9513.0
3539301;Acesso_SCM>=12Mbps;2025;30169.0
3539400;Acesso_SCM>=12Mbps;2025;5355.0
3539509;Acesso_SCM>=12Mbps;2025;8199.0
3539608;Acesso_SCM>=12Mbps;2025;1303.0
3539707;Acesso_SCM>=12Mbps;2025;784.0
3539806;Acesso_SCM>=12Mbps;2025;33091.0
3539905;Acesso_SCM>=12Mbps;2025;349.0
3540002;Acesso_SCM>=12Mbps;2025;8505.0
3540101;Acesso_SCM>=12Mbps;2025;338.0
3540200;Acesso_SCM>=12Mbps;2025;7075.0
3540259;Acesso_SCM>=12Mbps;2025;750.0
3540309;Acesso_SCM>=12Mbps;2025;267.0
3540408;Acesso_SCM>=12Mbps;2025;53.0
3540507;Acesso_SCM>=12Mbps;2025;4593.0
3540606;Acesso_SCM>=12Mbps;2025;14335.0
3540705;Acesso_SCM>=12Mbps;2025;18515.0
3540754;Acesso_SCM>=12Mbps;2025;5309.0
3540804;Acesso_SCM>=12Mbps;2025;4575.0
3540853;Acesso_SCM>=12Mbps;2025;286.0
3540903;Acesso_SCM>=12Mbps;2025;2520.0
3541000;Acesso_SCM>=12Mbps;2025;193964.0
3541059;Acesso_SCM>=12Mbps;2025;1514.0
3541109;Acesso_SCM>=12Mbps;2025;1093.0
3541208;Acesso_SCM>=12Mbps;2025;3331.0
3541307;Acesso_SCM>=12Mbps;2025;13998.0
3541406;Acesso_SCM>=12Mbps;2025;91611.0
3541505;Acesso_SCM>=12Mbps;2025;8456.0
3541604;Acesso_SCM>=12Mbps;2025;13843.0
3541653;Acesso_SCM>=12Mbps;2025;616.0
3541703;Acesso_SCM>=12Mbps;2025;967.0
3541802;Acesso_SCM>=12Mbps;2025;943.0
3541901;Acesso_SCM>=12Mbps;2025;1180.0
3542008;Acesso_SCM>=12Mbps;2025;1209.0
3542107;Acesso_SCM>=12Mbps;2025;2773.0
3542206;Acesso_SCM>=12Mbps;2025;5494.0
3542305;Acesso_SCM>=12Mbps;2025;1033.0
3542404;Acesso_SCM>=12Mbps;2025;8151.0
3542503;Acesso_SCM>=12Mbps;2025;721.0
3542602;Acesso_SCM>=12Mbps;2025;26693.0
3542701;Acesso_SCM>=12Mbps;2025;1368.0
3542800;Acesso_SCM>=12Mbps;2025;180.0
3542909;Acesso_SCM>=12Mbps;2025;3417.0
3543006;Acesso_SCM>=12Mbps;2025;191.0
3543105;Acesso_SCM>=12Mbps;2025;1507.0
3543204;Acesso_SCM>=12Mbps;2025;780.0
3543238;Acesso_SCM>=12Mbps;2025;512.0
3543253;Acesso_SCM>=12Mbps;2025;1825.0
3543303;Acesso_SCM>=12Mbps;2025;34490.0
3543402;Acesso_SCM>=12Mbps;2025;301343.0
3543501;Acesso_SCM>=12Mbps;2025;1353.0
3543600;Acesso_SCM>=12Mbps;2025;1446.0
3543709;Acesso_SCM>=12Mbps;2025;1998.0
3543808;Acesso_SCM>=12Mbps;2025;1349.0
3543907;Acesso_SCM>=12Mbps;2025;64334.0
3544004;Acesso_SCM>=12Mbps;2025;7316.0
3544103;Acesso_SCM>=12Mbps;2025;9046.0
3544202;Acesso_SCM>=12Mbps;2025;229.0
3544251;Acesso_SCM>=12Mbps;2025;1582.0
3544301;Acesso_SCM>=12Mbps;2025;2653.0
3544400;Acesso_SCM>=12Mbps;2025;292.0
3544509;Acesso_SCM>=12Mbps;2025;1172.0
3544608;Acesso_SCM>=12Mbps;2025;335.0
3544707;Acesso_SCM>=12Mbps;2025;411.0
3544806;Acesso_SCM>=12Mbps;2025;2187.0
3544905;Acesso_SCM>=12Mbps;2025;3098.0
3545001;Acesso_SCM>=12Mbps;2025;4228.0
3545100;Acesso_SCM>=12Mbps;2025;483.0
3545159;Acesso_SCM>=12Mbps;2025;3121.0
3545209;Acesso_SCM>=12Mbps;2025;48577.0
3545308;Acesso_SCM>=12Mbps;2025;17032.0
3545407;Acesso_SCM>=12Mbps;2025;2769.0
3545506;Acesso_SCM>=12Mbps;2025;389.0
3545605;Acesso_SCM>=12Mbps;2025;2678.0
3545704;Acesso_SCM>=12Mbps;2025;110.0
3545803;Acesso_SCM>=12Mbps;2025;67609.0
3546009;Acesso_SCM>=12Mbps;2025;4726.0
3546108;Acesso_SCM>=12Mbps;2025;677.0
3546207;Acesso_SCM>=12Mbps;2025;1578.0
3546256;Acesso_SCM>=12Mbps;2025;715.0
3546306;Acesso_SCM>=12Mbps;2025;5792.0
3546405;Acesso_SCM>=12Mbps;2025;15101.0
3546504;Acesso_SCM>=12Mbps;2025;384.0
3546603;Acesso_SCM>=12Mbps;2025;5882.0
3546702;Acesso_SCM>=12Mbps;2025;8276.0
3546801;Acesso_SCM>=12Mbps;2025;6403.0
3546900;Acesso_SCM>=12Mbps;2025;1736.0
3547007;Acesso_SCM>=12Mbps;2025;1679.0
3547106;Acesso_SCM>=12Mbps;2025;693.0
3547205;Acesso_SCM>=12Mbps;2025;178.0
3547304;Acesso_SCM>=12Mbps;2025;42096.0
3547403;Acesso_SCM>=12Mbps;2025;68.0
3547502;Acesso_SCM>=12Mbps;2025;7743.0
3547601;Acesso_SCM>=12Mbps;2025;7375.0
3547650;Acesso_SCM>=12Mbps;2025;186.0
3547700;Acesso_SCM>=12Mbps;2025;5562.0
3547809;Acesso_SCM>=12Mbps;2025;281450.0
3547908;Acesso_SCM>=12Mbps;2025;1918.0
3548005;Acesso_SCM>=12Mbps;2025;7515.0
3548054;Acesso_SCM>=12Mbps;2025;1127.0
3548104;Acesso_SCM>=12Mbps;2025;1723.0
3548203;Acesso_SCM>=12Mbps;2025;1845.0
3548302;Acesso_SCM>=12Mbps;2025;377.0
3548401;Acesso_SCM>=12Mbps;2025;970.0
3548500;Acesso_SCM>=12Mbps;2025;199109.0
3548609;Acesso_SCM>=12Mbps;2025;3803.0
3548708;Acesso_SCM>=12Mbps;2025;251096.0
3548807;Acesso_SCM>=12Mbps;2025;75748.0
3548906;Acesso_SCM>=12Mbps;2025;111679.0
3549003;Acesso_SCM>=12Mbps;2025;584.0
3549102;Acesso_SCM>=12Mbps;2025;37682.0
3549201;Acesso_SCM>=12Mbps;2025;527.0
3549250;Acesso_SCM>=12Mbps;2025;48.0
3549300;Acesso_SCM>=12Mbps;2025;568.0
3549409;Acesso_SCM>=12Mbps;2025;17674.0
3549508;Acesso_SCM>=12Mbps;2025;1176.0
3549607;Acesso_SCM>=12Mbps;2025;1420.0
3549706;Acesso_SCM>=12Mbps;2025;16325.0
3549805;Acesso_SCM>=12Mbps;2025;194700.0
3549904;Acesso_SCM>=12Mbps;2025;268155.0
3549953;Acesso_SCM>=12Mbps;2025;2892.0
3550001;Acesso_SCM>=12Mbps;2025;2413.0
3550100;Acesso_SCM>=12Mbps;2025;13620.0
3550209;Acesso_SCM>=12Mbps;2025;5207.0
3550308;Acesso_SCM>=12Mbps;2025;4504020.0
3550407;Acesso_SCM>=12Mbps;2025;10517.0
3550506;Acesso_SCM>=12Mbps;2025;995.0
3550605;Acesso_SCM>=12Mbps;2025;25520.0
3550704;Acesso_SCM>=12Mbps;2025;44825.0
3550803;Acesso_SCM>=12Mbps;2025;2511.0
3550902;Acesso_SCM>=12Mbps;2025;4517.0
3551009;Acesso_SCM>=12Mbps;2025;117191.0
3551108;Acesso_SCM>=12Mbps;2025;2011.0
3551207;Acesso_SCM>=12Mbps;2025;940.0
3551306;Acesso_SCM>=12Mbps;2025;410.0
3551405;Acesso_SCM>=12Mbps;2025;1296.0
3551504;Acesso_SCM>=12Mbps;2025;14065.0
3551603;Acesso_SCM>=12Mbps;2025;12026.0
3551702;Acesso_SCM>=12Mbps;2025;40137.0
3551801;Acesso_SCM>=12Mbps;2025;2577.0
3551900;Acesso_SCM>=12Mbps;2025;2972.0
3552007;Acesso_SCM>=12Mbps;2025;1719.0
3552106;Acesso_SCM>=12Mbps;2025;11338.0
3552205;Acesso_SCM>=12Mbps;2025;297944.0
3552304;Acesso_SCM>=12Mbps;2025;37.0
3552403;Acesso_SCM>=12Mbps;2025;100226.0
3552502;Acesso_SCM>=12Mbps;2025;74636.0
3552551;Acesso_SCM>=12Mbps;2025;114.0
3552601;Acesso_SCM>=12Mbps;2025;2940.0
3552700;Acesso_SCM>=12Mbps;2025;4868.0
3552809;Acesso_SCM>=12Mbps;2025;76436.0
3552908;Acesso_SCM>=12Mbps;2025;1200.0
3553005;Acesso_SCM>=12Mbps;2025;3324.0
3553104;Acesso_SCM>=12Mbps;2025;1602.0
3553203;Acesso_SCM>=12Mbps;2025;1225.0
3553302;Acesso_SCM>=12Mbps;2025;7505.0
3553401;Acesso_SCM>=12Mbps;2025;3648.0
3553500;Acesso_SCM>=12Mbps;2025;2108.0
3553609;Acesso_SCM>=12Mbps;2025;3037.0
3553658;Acesso_SCM>=12Mbps;2025;744.0
3553708;Acesso_SCM>=12Mbps;2025;11184.0
3553807;Acesso_SCM>=12Mbps;2025;6231.0
3553856;Acesso_SCM>=12Mbps;2025;1366.0
3553906;Acesso_SCM>=12Mbps;2025;1228.0
3553955;Acesso_SCM>=12Mbps;2025;2838.0
3554003;Acesso_SCM>=12Mbps;2025;49203.0
3554102;Acesso_SCM>=12Mbps;2025;118166.0
3554201;Acesso_SCM>=12Mbps;2025;690.0
3554300;Acesso_SCM>=12Mbps;2025;5097.0
3554409;Acesso_SCM>=12Mbps;2025;1041.0
3554508;Acesso_SCM>=12Mbps;2025;14852.0
3554607;Acesso_SCM>=12Mbps;2025;365.0
3554656;Acesso_SCM>=12Mbps;2025;466.0
3554706;Acesso_SCM>=12Mbps;2025;3231.0
3554755;Acesso_SCM>=12Mbps;2025;24.0
3554805;Acesso_SCM>=12Mbps;2025;13807.0
3554904;Acesso_SCM>=12Mbps;2025;892.0
3554953;Acesso_SCM>=12Mbps;2025;3575.0
3555000;Acesso_SCM>=12Mbps;2025;21711.0
3555109;Acesso_SCM>=12Mbps;2025;3555.0
3555208;Acesso_SCM>=12Mbps;2025;107.0
3555307;Acesso_SCM>=12Mbps;2025;61.0
3555356;Acesso_SCM>=12Mbps;2025;1596.0
3555406;Acesso_SCM>=12Mbps;2025;57390.0
3555505;Acesso_SCM>=12Mbps;2025;1070.0
3555604;Acesso_SCM>=12Mbps;2025;2499.0
3555703;Acesso_SCM>=12Mbps;2025;78.0
3555802;Acesso_SCM>=12Mbps;2025;1000.0
3555901;Acesso_SCM>=12Mbps;2025;305.0
3556008;Acesso_SCM>=12Mbps;2025;3353.0
3556107;Acesso_SCM>=12Mbps;2025;452.0
3556206;Acesso_SCM>=12Mbps;2025;53792.0
3556305;Acesso_SCM>=12Mbps;2025;5285.0
3556354;Acesso_SCM>=12Mbps;2025;3025.0
3556404;Acesso_SCM>=12Mbps;2025;8739.0
3556453;Acesso_SCM>=12Mbps;2025;11297.0
3556503;Acesso_SCM>=12Mbps;2025;26611.0
3556602;Acesso_SCM>=12Mbps;2025;1359.0
3556701;Acesso_SCM>=12Mbps;2025;33071.0
3556800;Acesso_SCM>=12Mbps;2025;4788.0
3556909;Acesso_SCM>=12Mbps;2025;2518.0
3556958;Acesso_SCM>=12Mbps;2025;8.0
3557006;Acesso_SCM>=12Mbps;2025;48575.0
3557105;Acesso_SCM>=12Mbps;2025;23397.0
3557154;Acesso_SCM>=12Mbps;2025;658.0
3557204;Acesso_SCM>=12Mbps;2025;2688.0
3557303;Acesso_SCM>=12Mbps;2025;2492.0
4100103;Acesso_SCM>=12Mbps;2025;625.0
4100202;Acesso_SCM>=12Mbps;2025;452.0
4100301;Acesso_SCM>=12Mbps;2025;3648.0
4100400;Acesso_SCM>=12Mbps;2025;26003.0
4100459;Acesso_SCM>=12Mbps;2025;557.0
4100509;Acesso_SCM>=12Mbps;2025;5567.0
4100608;Acesso_SCM>=12Mbps;2025;3348.0
4100707;Acesso_SCM>=12Mbps;2025;1179.0
4100806;Acesso_SCM>=12Mbps;2025;2392.0
4100905;Acesso_SCM>=12Mbps;2025;71.0
4101002;Acesso_SCM>=12Mbps;2025;5711.0
4101051;Acesso_SCM>=12Mbps;2025;717.0
4101101;Acesso_SCM>=12Mbps;2025;4408.0
4101150;Acesso_SCM>=12Mbps;2025;1084.0
4101200;Acesso_SCM>=12Mbps;2025;4943.0
4101309;Acesso_SCM>=12Mbps;2025;364.0
4101408;Acesso_SCM>=12Mbps;2025;41085.0
4101507;Acesso_SCM>=12Mbps;2025;42227.0
4101606;Acesso_SCM>=12Mbps;2025;6129.0
4101655;Acesso_SCM>=12Mbps;2025;630.0
4101705;Acesso_SCM>=12Mbps;2025;3167.0
4101804;Acesso_SCM>=12Mbps;2025;45900.0
4101853;Acesso_SCM>=12Mbps;2025;122.0
4101903;Acesso_SCM>=12Mbps;2025;880.0
4102000;Acesso_SCM>=12Mbps;2025;3125.0
4102109;Acesso_SCM>=12Mbps;2025;8185.0
4102208;Acesso_SCM>=12Mbps;2025;908.0
4102307;Acesso_SCM>=12Mbps;2025;2286.0
4102406;Acesso_SCM>=12Mbps;2025;10489.0
4102505;Acesso_SCM>=12Mbps;2025;2376.0
4102604;Acesso_SCM>=12Mbps;2025;2881.0
4102703;Acesso_SCM>=12Mbps;2025;547.0
4102752;Acesso_SCM>=12Mbps;2025;800.0
4102802;Acesso_SCM>=12Mbps;2025;3554.0
4102901;Acesso_SCM>=12Mbps;2025;1795.0
4103008;Acesso_SCM>=12Mbps;2025;601.0
4103024;Acesso_SCM>=12Mbps;2025;581.0
4103040;Acesso_SCM>=12Mbps;2025;174.0
4103057;Acesso_SCM>=12Mbps;2025;638.0
4103107;Acesso_SCM>=12Mbps;2025;1321.0
4103156;Acesso_SCM>=12Mbps;2025;771.0
4103206;Acesso_SCM>=12Mbps;2025;670.0
4103222;Acesso_SCM>=12Mbps;2025;51.0
4103305;Acesso_SCM>=12Mbps;2025;573.0
4103354;Acesso_SCM>=12Mbps;2025;597.0
4103370;Acesso_SCM>=12Mbps;2025;256.0
4103404;Acesso_SCM>=12Mbps;2025;819.0
4103453;Acesso_SCM>=12Mbps;2025;7237.0
4103479;Acesso_SCM>=12Mbps;2025;741.0
4103503;Acesso_SCM>=12Mbps;2025;820.0
4103602;Acesso_SCM>=12Mbps;2025;6130.0
4103701;Acesso_SCM>=12Mbps;2025;34884.0
4103800;Acesso_SCM>=12Mbps;2025;1039.0
4103909;Acesso_SCM>=12Mbps;2025;4959.0
4103958;Acesso_SCM>=12Mbps;2025;591.0
4104006;Acesso_SCM>=12Mbps;2025;8744.0
4104055;Acesso_SCM>=12Mbps;2025;820.0
4104105;Acesso_SCM>=12Mbps;2025;1022.0
4104204;Acesso_SCM>=12Mbps;2025;34518.0
4104253;Acesso_SCM>=12Mbps;2025;5292.0
4104303;Acesso_SCM>=12Mbps;2025;28679.0
4104402;Acesso_SCM>=12Mbps;2025;360.0
4104428;Acesso_SCM>=12Mbps;2025;6580.0
4104451;Acesso_SCM>=12Mbps;2025;2215.0
4104501;Acesso_SCM>=12Mbps;2025;4005.0
4104600;Acesso_SCM>=12Mbps;2025;3957.0
4104659;Acesso_SCM>=12Mbps;2025;6520.0
4104709;Acesso_SCM>=12Mbps;2025;1714.0
4104808;Acesso_SCM>=12Mbps;2025;134425.0
4104907;Acesso_SCM>=12Mbps;2025;16407.0
4105003;Acesso_SCM>=12Mbps;2025;2344.0
4105102;Acesso_SCM>=12Mbps;2025;2653.0
4105201;Acesso_SCM>=12Mbps;2025;1066.0
4105300;Acesso_SCM>=12Mbps;2025;3669.0
4105409;Acesso_SCM>=12Mbps;2025;5537.0
4105508;Acesso_SCM>=12Mbps;2025;20099.0
4105607;Acesso_SCM>=12Mbps;2025;3615.0
4105706;Acesso_SCM>=12Mbps;2025;4218.0
4105805;Acesso_SCM>=12Mbps;2025;75164.0
4105904;Acesso_SCM>=12Mbps;2025;7791.0
4106001;Acesso_SCM>=12Mbps;2025;1374.0
4106100;Acesso_SCM>=12Mbps;2025;719.0
4106209;Acesso_SCM>=12Mbps;2025;4662.0
4106308;Acesso_SCM>=12Mbps;2025;4875.0
4106407;Acesso_SCM>=12Mbps;2025;16972.0
4106456;Acesso_SCM>=12Mbps;2025;695.0
4106506;Acesso_SCM>=12Mbps;2025;7926.0
4106555;Acesso_SCM>=12Mbps;2025;645.0
4106571;Acesso_SCM>=12Mbps;2025;1297.0
4106605;Acesso_SCM>=12Mbps;2025;5120.0
4106704;Acesso_SCM>=12Mbps;2025;836.0
4106803;Acesso_SCM>=12Mbps;2025;1397.0
4106852;Acesso_SCM>=12Mbps;2025;215.0
4106902;Acesso_SCM>=12Mbps;2025;772522.0
4107009;Acesso_SCM>=12Mbps;2025;1977.0
4107108;Acesso_SCM>=12Mbps;2025;378.0
4107124;Acesso_SCM>=12Mbps;2025;457.0
4107157;Acesso_SCM>=12Mbps;2025;1326.0
4107207;Acesso_SCM>=12Mbps;2025;16774.0
4107256;Acesso_SCM>=12Mbps;2025;2216.0
4107306;Acesso_SCM>=12Mbps;2025;1165.0
4107405;Acesso_SCM>=12Mbps;2025;1631.0
4107504;Acesso_SCM>=12Mbps;2025;2905.0
4107520;Acesso_SCM>=12Mbps;2025;500.0
4107538;Acesso_SCM>=12Mbps;2025;1824.0
4107546;Acesso_SCM>=12Mbps;2025;1103.0
4107553;Acesso_SCM>=12Mbps;2025;863.0
4107603;Acesso_SCM>=12Mbps;2025;1279.0
4107652;Acesso_SCM>=12Mbps;2025;31590.0
4107702;Acesso_SCM>=12Mbps;2025;1497.0
4107736;Acesso_SCM>=12Mbps;2025;442.0
4107751;Acesso_SCM>=12Mbps;2025;535.0
4107801;Acesso_SCM>=12Mbps;2025;902.0
4107850;Acesso_SCM>=12Mbps;2025;903.0
4107900;Acesso_SCM>=12Mbps;2025;1805.0
4108007;Acesso_SCM>=12Mbps;2025;1872.0
4108106;Acesso_SCM>=12Mbps;2025;955.0
4108205;Acesso_SCM>=12Mbps;2025;893.0
4108304;Acesso_SCM>=12Mbps;2025;96891.0
4108320;Acesso_SCM>=12Mbps;2025;177.0
4108403;Acesso_SCM>=12Mbps;2025;33575.0
4108452;Acesso_SCM>=12Mbps;2025;153.0
4108502;Acesso_SCM>=12Mbps;2025;1505.0
4108551;Acesso_SCM>=12Mbps;2025;175.0
4108601;Acesso_SCM>=12Mbps;2025;4987.0
4108650;Acesso_SCM>=12Mbps;2025;733.0
4108700;Acesso_SCM>=12Mbps;2025;295.0
4108809;Acesso_SCM>=12Mbps;2025;6995.0
4108908;Acesso_SCM>=12Mbps;2025;589.0
4108957;Acesso_SCM>=12Mbps;2025;1047.0
4109005;Acesso_SCM>=12Mbps;2025;773.0
4109104;Acesso_SCM>=12Mbps;2025;266.0
4109203;Acesso_SCM>=12Mbps;2025;1313.0
4109302;Acesso_SCM>=12Mbps;2025;3326.0
4109401;Acesso_SCM>=12Mbps;2025;53352.0
4109500;Acesso_SCM>=12Mbps;2025;333.0
4109609;Acesso_SCM>=12Mbps;2025;16678.0
4109658;Acesso_SCM>=12Mbps;2025;289.0
4109708;Acesso_SCM>=12Mbps;2025;7023.0
4109757;Acesso_SCM>=12Mbps;2025;1148.0
4109807;Acesso_SCM>=12Mbps;2025;6774.0
4109906;Acesso_SCM>=12Mbps;2025;2982.0
4110003;Acesso_SCM>=12Mbps;2025;865.0
4110052;Acesso_SCM>=12Mbps;2025;296.0
4110078;Acesso_SCM>=12Mbps;2025;2482.0
4110102;Acesso_SCM>=12Mbps;2025;5339.0
4110201;Acesso_SCM>=12Mbps;2025;663.0
4110300;Acesso_SCM>=12Mbps;2025;776.0
4110409;Acesso_SCM>=12Mbps;2025;1278.0
4110508;Acesso_SCM>=12Mbps;2025;3192.0
4110607;Acesso_SCM>=12Mbps;2025;4232.0
4110656;Acesso_SCM>=12Mbps;2025;178.0
4110706;Acesso_SCM>=12Mbps;2025;17689.0
4110805;Acesso_SCM>=12Mbps;2025;2760.0
4110904;Acesso_SCM>=12Mbps;2025;886.0
4110953;Acesso_SCM>=12Mbps;2025;3859.0
4111001;Acesso_SCM>=12Mbps;2025;1632.0
4111100;Acesso_SCM>=12Mbps;2025;845.0
4111209;Acesso_SCM>=12Mbps;2025;3566.0
4111258;Acesso_SCM>=12Mbps;2025;4456.0
4111308;Acesso_SCM>=12Mbps;2025;220.0
4111407;Acesso_SCM>=12Mbps;2025;421.0
4111506;Acesso_SCM>=12Mbps;2025;8686.0
4111555;Acesso_SCM>=12Mbps;2025;2113.0
4111605;Acesso_SCM>=12Mbps;2025;889.0
4111704;Acesso_SCM>=12Mbps;2025;569.0
4111803;Acesso_SCM>=12Mbps;2025;12980.0
4111902;Acesso_SCM>=12Mbps;2025;4671.0
4112009;Acesso_SCM>=12Mbps;2025;7232.0
4112108;Acesso_SCM>=12Mbps;2025;5097.0
4112207;Acesso_SCM>=12Mbps;2025;543.0
4112306;Acesso_SCM>=12Mbps;2025;1256.0
4112405;Acesso_SCM>=12Mbps;2025;1927.0
4112504;Acesso_SCM>=12Mbps;2025;1550.0
4112603;Acesso_SCM>=12Mbps;2025;169.0
4112702;Acesso_SCM>=12Mbps;2025;2675.0
4112751;Acesso_SCM>=12Mbps;2025;850.0
4112801;Acesso_SCM>=12Mbps;2025;1316.0
4112900;Acesso_SCM>=12Mbps;2025;542.0
4112959;Acesso_SCM>=12Mbps;2025;847.0
4113007;Acesso_SCM>=12Mbps;2025;1889.0
4113106;Acesso_SCM>=12Mbps;2025;336.0
4113205;Acesso_SCM>=12Mbps;2025;5165.0
4113254;Acesso_SCM>=12Mbps;2025;526.0
4113304;Acesso_SCM>=12Mbps;2025;8618.0
4113403;Acesso_SCM>=12Mbps;2025;814.0
4113429;Acesso_SCM>=12Mbps;2025;479.0
4113452;Acesso_SCM>=12Mbps;2025;1051.0
4113502;Acesso_SCM>=12Mbps;2025;7049.0
4113601;Acesso_SCM>=12Mbps;2025;1566.0
4113700;Acesso_SCM>=12Mbps;2025;209196.0
4113734;Acesso_SCM>=12Mbps;2025;431.0
4113759;Acesso_SCM>=12Mbps;2025;541.0
4113809;Acesso_SCM>=12Mbps;2025;1546.0
4113908;Acesso_SCM>=12Mbps;2025;2453.0
4114005;Acesso_SCM>=12Mbps;2025;3606.0
4114104;Acesso_SCM>=12Mbps;2025;7073.0
4114203;Acesso_SCM>=12Mbps;2025;13103.0
4114302;Acesso_SCM>=12Mbps;2025;11089.0
4114351;Acesso_SCM>=12Mbps;2025;241.0
4114401;Acesso_SCM>=12Mbps;2025;2420.0
4114500;Acesso_SCM>=12Mbps;2025;383.0
4114609;Acesso_SCM>=12Mbps;2025;22954.0
4114708;Acesso_SCM>=12Mbps;2025;1056.0
4114807;Acesso_SCM>=12Mbps;2025;14251.0
4114906;Acesso_SCM>=12Mbps;2025;473.0
4115002;Acesso_SCM>=12Mbps;2025;786.0
4115101;Acesso_SCM>=12Mbps;2025;1953.0
4115200;Acesso_SCM>=12Mbps;2025;170791.0
4115309;Acesso_SCM>=12Mbps;2025;861.0
4115358;Acesso_SCM>=12Mbps;2025;1832.0
4115408;Acesso_SCM>=12Mbps;2025;4086.0
4115457;Acesso_SCM>=12Mbps;2025;121.0
4115507;Acesso_SCM>=12Mbps;2025;729.0
4115606;Acesso_SCM>=12Mbps;2025;5899.0
4115705;Acesso_SCM>=12Mbps;2025;13526.0
4115739;Acesso_SCM>=12Mbps;2025;522.0
4115754;Acesso_SCM>=12Mbps;2025;1625.0
4115804;Acesso_SCM>=12Mbps;2025;19183.0
4115853;Acesso_SCM>=12Mbps;2025;2211.0
4115903;Acesso_SCM>=12Mbps;2025;82.0
4116000;Acesso_SCM>=12Mbps;2025;488.0
4116059;Acesso_SCM>=12Mbps;2025;3569.0
4116109;Acesso_SCM>=12Mbps;2025;3408.0
4116208;Acesso_SCM>=12Mbps;2025;6440.0
4116307;Acesso_SCM>=12Mbps;2025;1428.0
4116406;Acesso_SCM>=12Mbps;2025;1363.0
4116505;Acesso_SCM>=12Mbps;2025;235.0
4116604;Acesso_SCM>=12Mbps;2025;125.0
4116703;Acesso_SCM>=12Mbps;2025;1855.0
4116802;Acesso_SCM>=12Mbps;2025;1135.0
4116901;Acesso_SCM>=12Mbps;2025;9802.0
4116950;Acesso_SCM>=12Mbps;2025;1544.0
4117008;Acesso_SCM>=12Mbps;2025;1926.0
4117057;Acesso_SCM>=12Mbps;2025;1090.0
4117107;Acesso_SCM>=12Mbps;2025;2485.0
4117206;Acesso_SCM>=12Mbps;2025;1066.0
4117214;Acesso_SCM>=12Mbps;2025;129.0
4117222;Acesso_SCM>=12Mbps;2025;3203.0
4117255;Acesso_SCM>=12Mbps;2025;3401.0
4117271;Acesso_SCM>=12Mbps;2025;233.0
4117297;Acesso_SCM>=12Mbps;2025;177.0
4117305;Acesso_SCM>=12Mbps;2025;2891.0
4117404;Acesso_SCM>=12Mbps;2025;246.0
4117453;Acesso_SCM>=12Mbps;2025;2315.0
4117503;Acesso_SCM>=12Mbps;2025;13006.0
4117602;Acesso_SCM>=12Mbps;2025;10909.0
4117701;Acesso_SCM>=12Mbps;2025;7913.0
4117800;Acesso_SCM>=12Mbps;2025;1053.0
4117909;Acesso_SCM>=12Mbps;2025;7164.0
4118006;Acesso_SCM>=12Mbps;2025;1957.0
4118105;Acesso_SCM>=12Mbps;2025;2056.0
4118204;Acesso_SCM>=12Mbps;2025;51969.0
4118303;Acesso_SCM>=12Mbps;2025;388.0
4118402;Acesso_SCM>=12Mbps;2025;25696.0
4118451;Acesso_SCM>=12Mbps;2025;2229.0
4118501;Acesso_SCM>=12Mbps;2025;39094.0
4118600;Acesso_SCM>=12Mbps;2025;1256.0
4118709;Acesso_SCM>=12Mbps;2025;1037.0
4118808;Acesso_SCM>=12Mbps;2025;3948.0
4118857;Acesso_SCM>=12Mbps;2025;1718.0
4118907;Acesso_SCM>=12Mbps;2025;2411.0
4119004;Acesso_SCM>=12Mbps;2025;1269.0
4119103;Acesso_SCM>=12Mbps;2025;3431.0
4119152;Acesso_SCM>=12Mbps;2025;51148.0
4119202;Acesso_SCM>=12Mbps;2025;1480.0
4119251;Acesso_SCM>=12Mbps;2025;449.0
4119301;Acesso_SCM>=12Mbps;2025;7046.0
4119400;Acesso_SCM>=12Mbps;2025;3200.0
4119509;Acesso_SCM>=12Mbps;2025;28381.0
4119608;Acesso_SCM>=12Mbps;2025;4361.0
4119657;Acesso_SCM>=12Mbps;2025;528.0
4119707;Acesso_SCM>=12Mbps;2025;305.0
4119806;Acesso_SCM>=12Mbps;2025;3264.0
4119905;Acesso_SCM>=12Mbps;2025;135641.0
4119954;Acesso_SCM>=12Mbps;2025;13367.0
4120002;Acesso_SCM>=12Mbps;2025;2561.0
4120101;Acesso_SCM>=12Mbps;2025;988.0
4120150;Acesso_SCM>=12Mbps;2025;526.0
4120200;Acesso_SCM>=12Mbps;2025;963.0
4120309;Acesso_SCM>=12Mbps;2025;691.0
4120333;Acesso_SCM>=12Mbps;2025;580.0
4120358;Acesso_SCM>=12Mbps;2025;1882.0
4120408;Acesso_SCM>=12Mbps;2025;1115.0
4120507;Acesso_SCM>=12Mbps;2025;1150.0
4120606;Acesso_SCM>=12Mbps;2025;8208.0
4120655;Acesso_SCM>=12Mbps;2025;809.0
4120705;Acesso_SCM>=12Mbps;2025;1730.0
4120804;Acesso_SCM>=12Mbps;2025;7578.0
4120853;Acesso_SCM>=12Mbps;2025;1772.0
4120903;Acesso_SCM>=12Mbps;2025;7314.0
4121000;Acesso_SCM>=12Mbps;2025;1430.0
4121109;Acesso_SCM>=12Mbps;2025;1105.0
4121208;Acesso_SCM>=12Mbps;2025;5271.0
4121257;Acesso_SCM>=12Mbps;2025;1287.0
4121307;Acesso_SCM>=12Mbps;2025;594.0
4121356;Acesso_SCM>=12Mbps;2025;64.0
4121406;Acesso_SCM>=12Mbps;2025;5797.0
4121505;Acesso_SCM>=12Mbps;2025;3055.0
4121604;Acesso_SCM>=12Mbps;2025;1258.0
4121703;Acesso_SCM>=12Mbps;2025;4041.0
4121752;Acesso_SCM>=12Mbps;2025;570.0
4121802;Acesso_SCM>=12Mbps;2025;3709.0
4121901;Acesso_SCM>=12Mbps;2025;3195.0
4122008;Acesso_SCM>=12Mbps;2025;2683.0
4122107;Acesso_SCM>=12Mbps;2025;177.0
4122156;Acesso_SCM>=12Mbps;2025;650.0
4122172;Acesso_SCM>=12Mbps;2025;745.0
4122206;Acesso_SCM>=12Mbps;2025;2954.0
4122305;Acesso_SCM>=12Mbps;2025;8568.0
4122404;Acesso_SCM>=12Mbps;2025;21518.0
4122503;Acesso_SCM>=12Mbps;2025;890.0
4122602;Acesso_SCM>=12Mbps;2025;1930.0
4122651;Acesso_SCM>=12Mbps;2025;138.0
4122701;Acesso_SCM>=12Mbps;2025;1524.0
4122800;Acesso_SCM>=12Mbps;2025;414.0
4122909;Acesso_SCM>=12Mbps;2025;337.0
4123006;Acesso_SCM>=12Mbps;2025;4570.0
4123105;Acesso_SCM>=12Mbps;2025;736.0
4123204;Acesso_SCM>=12Mbps;2025;80.0
4123303;Acesso_SCM>=12Mbps;2025;1136.0
4123402;Acesso_SCM>=12Mbps;2025;4453.0
4123501;Acesso_SCM>=12Mbps;2025;11396.0
4123600;Acesso_SCM>=12Mbps;2025;424.0
4123709;Acesso_SCM>=12Mbps;2025;1442.0
4123808;Acesso_SCM>=12Mbps;2025;2891.0
4123824;Acesso_SCM>=12Mbps;2025;533.0
4123857;Acesso_SCM>=12Mbps;2025;798.0
4123907;Acesso_SCM>=12Mbps;2025;3192.0
4123956;Acesso_SCM>=12Mbps;2025;605.0
4124004;Acesso_SCM>=12Mbps;2025;798.0
4124020;Acesso_SCM>=12Mbps;2025;4290.0
4124053;Acesso_SCM>=12Mbps;2025;7640.0
4124103;Acesso_SCM>=12Mbps;2025;14959.0
4124202;Acesso_SCM>=12Mbps;2025;626.0
4124301;Acesso_SCM>=12Mbps;2025;314.0
4124400;Acesso_SCM>=12Mbps;2025;6551.0
4124509;Acesso_SCM>=12Mbps;2025;1709.0
4124608;Acesso_SCM>=12Mbps;2025;1501.0
4124707;Acesso_SCM>=12Mbps;2025;830.0
4124806;Acesso_SCM>=12Mbps;2025;3486.0
4124905;Acesso_SCM>=12Mbps;2025;944.0
4125001;Acesso_SCM>=12Mbps;2025;1535.0
4125100;Acesso_SCM>=12Mbps;2025;1425.0
4125209;Acesso_SCM>=12Mbps;2025;2619.0
4125308;Acesso_SCM>=12Mbps;2025;992.0
4125357;Acesso_SCM>=12Mbps;2025;1681.0
4125407;Acesso_SCM>=12Mbps;2025;648.0
4125456;Acesso_SCM>=12Mbps;2025;1368.0
4125506;Acesso_SCM>=12Mbps;2025;126952.0
4125555;Acesso_SCM>=12Mbps;2025;159.0
4125605;Acesso_SCM>=12Mbps;2025;13558.0
4125704;Acesso_SCM>=12Mbps;2025;8182.0
4125753;Acesso_SCM>=12Mbps;2025;1707.0
4125803;Acesso_SCM>=12Mbps;2025;1601.0
4125902;Acesso_SCM>=12Mbps;2025;296.0
4126009;Acesso_SCM>=12Mbps;2025;1109.0
4126108;Acesso_SCM>=12Mbps;2025;210.0
4126207;Acesso_SCM>=12Mbps;2025;587.0
4126256;Acesso_SCM>=12Mbps;2025;30683.0
4126272;Acesso_SCM>=12Mbps;2025;1255.0
4126306;Acesso_SCM>=12Mbps;2025;1784.0
4126355;Acesso_SCM>=12Mbps;2025;1316.0
4126405;Acesso_SCM>=12Mbps;2025;1109.0
4126504;Acesso_SCM>=12Mbps;2025;3500.0
4126603;Acesso_SCM>=12Mbps;2025;3657.0
4126652;Acesso_SCM>=12Mbps;2025;132.0
4126678;Acesso_SCM>=12Mbps;2025;1754.0
4126702;Acesso_SCM>=12Mbps;2025;1124.0
4126801;Acesso_SCM>=12Mbps;2025;3063.0
4126900;Acesso_SCM>=12Mbps;2025;1544.0
4127007;Acesso_SCM>=12Mbps;2025;774.0
4127106;Acesso_SCM>=12Mbps;2025;23184.0
4127205;Acesso_SCM>=12Mbps;2025;5118.0
4127304;Acesso_SCM>=12Mbps;2025;2228.0
4127403;Acesso_SCM>=12Mbps;2025;3927.0
4127502;Acesso_SCM>=12Mbps;2025;2630.0
4127601;Acesso_SCM>=12Mbps;2025;4869.0
4127700;Acesso_SCM>=12Mbps;2025;61122.0
4127809;Acesso_SCM>=12Mbps;2025;1391.0
4127858;Acesso_SCM>=12Mbps;2025;1499.0
4127882;Acesso_SCM>=12Mbps;2025;620.0
4127908;Acesso_SCM>=12Mbps;2025;1516.0
4127957;Acesso_SCM>=12Mbps;2025;1366.0
4127965;Acesso_SCM>=12Mbps;2025;649.0
4128005;Acesso_SCM>=12Mbps;2025;7889.0
4128104;Acesso_SCM>=12Mbps;2025;43818.0
4128203;Acesso_SCM>=12Mbps;2025;18911.0
4128302;Acesso_SCM>=12Mbps;2025;453.0
4128401;Acesso_SCM>=12Mbps;2025;3401.0
4128500;Acesso_SCM>=12Mbps;2025;3875.0
4128534;Acesso_SCM>=12Mbps;2025;710.0
4128559;Acesso_SCM>=12Mbps;2025;2701.0
4128609;Acesso_SCM>=12Mbps;2025;2573.0
4128625;Acesso_SCM>=12Mbps;2025;1165.0
4128633;Acesso_SCM>=12Mbps;2025;120.0
4128658;Acesso_SCM>=12Mbps;2025;805.0
4128708;Acesso_SCM>=12Mbps;2025;2962.0
4128807;Acesso_SCM>=12Mbps;2025;456.0
4200051;Acesso_SCM>=12Mbps;2025;779.0
4200101;Acesso_SCM>=12Mbps;2025;5417.0
4200200;Acesso_SCM>=12Mbps;2025;4578.0
4200309;Acesso_SCM>=12Mbps;2025;1156.0
4200408;Acesso_SCM>=12Mbps;2025;1810.0
4200507;Acesso_SCM>=12Mbps;2025;1369.0
4200556;Acesso_SCM>=12Mbps;2025;1027.0
4200606;Acesso_SCM>=12Mbps;2025;2773.0
4200705;Acesso_SCM>=12Mbps;2025;1693.0
4200754;Acesso_SCM>=12Mbps;2025;591.0
4200804;Acesso_SCM>=12Mbps;2025;1449.0
4200903;Acesso_SCM>=12Mbps;2025;1962.0
4201000;Acesso_SCM>=12Mbps;2025;980.0
4201109;Acesso_SCM>=12Mbps;2025;718.0
4201208;Acesso_SCM>=12Mbps;2025;4645.0
4201257;Acesso_SCM>=12Mbps;2025;3368.0
4201273;Acesso_SCM>=12Mbps;2025;1144.0
4201307;Acesso_SCM>=12Mbps;2025;15617.0
4201406;Acesso_SCM>=12Mbps;2025;24756.0
4201505;Acesso_SCM>=12Mbps;2025;3220.0
4201604;Acesso_SCM>=12Mbps;2025;1390.0
4201653;Acesso_SCM>=12Mbps;2025;876.0
4201703;Acesso_SCM>=12Mbps;2025;2987.0
4201802;Acesso_SCM>=12Mbps;2025;1059.0
4201901;Acesso_SCM>=12Mbps;2025;1852.0
4201950;Acesso_SCM>=12Mbps;2025;9412.0
4202008;Acesso_SCM>=12Mbps;2025;83771.0
4202057;Acesso_SCM>=12Mbps;2025;5415.0
4202073;Acesso_SCM>=12Mbps;2025;6184.0
4202081;Acesso_SCM>=12Mbps;2025;372.0
4202099;Acesso_SCM>=12Mbps;2025;96.0
4202107;Acesso_SCM>=12Mbps;2025;25504.0
4202131;Acesso_SCM>=12Mbps;2025;747.0
4202156;Acesso_SCM>=12Mbps;2025;438.0
4202206;Acesso_SCM>=12Mbps;2025;4377.0
4202305;Acesso_SCM>=12Mbps;2025;34414.0
4202404;Acesso_SCM>=12Mbps;2025;161745.0
4202438;Acesso_SCM>=12Mbps;2025;539.0
4202453;Acesso_SCM>=12Mbps;2025;20500.0
4202503;Acesso_SCM>=12Mbps;2025;770.0
4202537;Acesso_SCM>=12Mbps;2025;784.0
4202578;Acesso_SCM>=12Mbps;2025;696.0
4202602;Acesso_SCM>=12Mbps;2025;2373.0
4202701;Acesso_SCM>=12Mbps;2025;2030.0
4202800;Acesso_SCM>=12Mbps;2025;12278.0
4202859;Acesso_SCM>=12Mbps;2025;1079.0
4202875;Acesso_SCM>=12Mbps;2025;1094.0
4202909;Acesso_SCM>=12Mbps;2025;55814.0
4203006;Acesso_SCM>=12Mbps;2025;23284.0
4203105;Acesso_SCM>=12Mbps;2025;2384.0
4203154;Acesso_SCM>=12Mbps;2025;254.0
4203204;Acesso_SCM>=12Mbps;2025;36704.0
4203253;Acesso_SCM>=12Mbps;2025;504.0
4203303;Acesso_SCM>=12Mbps;2025;1836.0
4203402;Acesso_SCM>=12Mbps;2025;2086.0
4203501;Acesso_SCM>=12Mbps;2025;2161.0
4203600;Acesso_SCM>=12Mbps;2025;10429.0
4203709;Acesso_SCM>=12Mbps;2025;2617.0
4203808;Acesso_SCM>=12Mbps;2025;14700.0
4203907;Acesso_SCM>=12Mbps;2025;7620.0
4203956;Acesso_SCM>=12Mbps;2025;6699.0
4204004;Acesso_SCM>=12Mbps;2025;3968.0
4204103;Acesso_SCM>=12Mbps;2025;1153.0
4204152;Acesso_SCM>=12Mbps;2025;79.0
4204178;Acesso_SCM>=12Mbps;2025;523.0
4204194;Acesso_SCM>=12Mbps;2025;450.0
4204202;Acesso_SCM>=12Mbps;2025;104304.0
4204251;Acesso_SCM>=12Mbps;2025;7359.0
4204301;Acesso_SCM>=12Mbps;2025;31403.0
4204350;Acesso_SCM>=12Mbps;2025;1668.0
4204400;Acesso_SCM>=12Mbps;2025;657.0
4204459;Acesso_SCM>=12Mbps;2025;277.0
4204509;Acesso_SCM>=12Mbps;2025;4195.0
4204558;Acesso_SCM>=12Mbps;2025;4364.0
4204608;Acesso_SCM>=12Mbps;2025;85483.0
4204707;Acesso_SCM>=12Mbps;2025;3829.0
4204756;Acesso_SCM>=12Mbps;2025;780.0
4204806;Acesso_SCM>=12Mbps;2025;15752.0
4204905;Acesso_SCM>=12Mbps;2025;2289.0
4205001;Acesso_SCM>=12Mbps;2025;4599.0
4205100;Acesso_SCM>=12Mbps;2025;838.0
4205159;Acesso_SCM>=12Mbps;2025;1488.0
4205175;Acesso_SCM>=12Mbps;2025;688.0
4205191;Acesso_SCM>=12Mbps;2025;844.0
4205209;Acesso_SCM>=12Mbps;2025;807.0
4205308;Acesso_SCM>=12Mbps;2025;3824.0
4205357;Acesso_SCM>=12Mbps;2025;557.0
4205407;Acesso_SCM>=12Mbps;2025;299143.0
4205431;Acesso_SCM>=12Mbps;2025;934.0
4205456;Acesso_SCM>=12Mbps;2025;8949.0
4205506;Acesso_SCM>=12Mbps;2025;12162.0
4205555;Acesso_SCM>=12Mbps;2025;402.0
4205605;Acesso_SCM>=12Mbps;2025;868.0
4205704;Acesso_SCM>=12Mbps;2025;15040.0
4205803;Acesso_SCM>=12Mbps;2025;4641.0
4205902;Acesso_SCM>=12Mbps;2025;26235.0
4206009;Acesso_SCM>=12Mbps;2025;13499.0
4206108;Acesso_SCM>=12Mbps;2025;2076.0
4206207;Acesso_SCM>=12Mbps;2025;4054.0
4206306;Acesso_SCM>=12Mbps;2025;8935.0
4206405;Acesso_SCM>=12Mbps;2025;3429.0
4206504;Acesso_SCM>=12Mbps;2025;17608.0
4206603;Acesso_SCM>=12Mbps;2025;1051.0
4206652;Acesso_SCM>=12Mbps;2025;1895.0
4206702;Acesso_SCM>=12Mbps;2025;5332.0
4206751;Acesso_SCM>=12Mbps;2025;394.0
4206801;Acesso_SCM>=12Mbps;2025;331.0
4206900;Acesso_SCM>=12Mbps;2025;6048.0
4207007;Acesso_SCM>=12Mbps;2025;19661.0
4207106;Acesso_SCM>=12Mbps;2025;6448.0
4207205;Acesso_SCM>=12Mbps;2025;4250.0
4207304;Acesso_SCM>=12Mbps;2025;28606.0
4207403;Acesso_SCM>=12Mbps;2025;1179.0
4207502;Acesso_SCM>=12Mbps;2025;28794.0
4207577;Acesso_SCM>=12Mbps;2025;937.0
4207601;Acesso_SCM>=12Mbps;2025;1339.0
4207650;Acesso_SCM>=12Mbps;2025;2652.0
4207684;Acesso_SCM>=12Mbps;2025;1064.0
4207700;Acesso_SCM>=12Mbps;2025;2166.0
4207759;Acesso_SCM>=12Mbps;2025;1036.0
4207809;Acesso_SCM>=12Mbps;2025;2852.0
4207858;Acesso_SCM>=12Mbps;2025;590.0
4207908;Acesso_SCM>=12Mbps;2025;2158.0
4208005;Acesso_SCM>=12Mbps;2025;1875.0
4208104;Acesso_SCM>=12Mbps;2025;6034.0
4208203;Acesso_SCM>=12Mbps;2025;122440.0
4208302;Acesso_SCM>=12Mbps;2025;48834.0
4208401;Acesso_SCM>=12Mbps;2025;4955.0
4208450;Acesso_SCM>=12Mbps;2025;21056.0
4208500;Acesso_SCM>=12Mbps;2025;9247.0
4208609;Acesso_SCM>=12Mbps;2025;1371.0
4208708;Acesso_SCM>=12Mbps;2025;3599.0
4208807;Acesso_SCM>=12Mbps;2025;16994.0
4208906;Acesso_SCM>=12Mbps;2025;73625.0
4208955;Acesso_SCM>=12Mbps;2025;417.0
4209003;Acesso_SCM>=12Mbps;2025;10755.0
4209102;Acesso_SCM>=12Mbps;2025;235731.0
4209151;Acesso_SCM>=12Mbps;2025;922.0
4209177;Acesso_SCM>=12Mbps;2025;530.0
4209201;Acesso_SCM>=12Mbps;2025;790.0
4209300;Acesso_SCM>=12Mbps;2025;49963.0
4209409;Acesso_SCM>=12Mbps;2025;16569.0
4209458;Acesso_SCM>=12Mbps;2025;276.0
4209508;Acesso_SCM>=12Mbps;2025;2722.0
4209607;Acesso_SCM>=12Mbps;2025;4156.0
4209706;Acesso_SCM>=12Mbps;2025;2443.0
4209805;Acesso_SCM>=12Mbps;2025;646.0
4209854;Acesso_SCM>=12Mbps;2025;1355.0
4209904;Acesso_SCM>=12Mbps;2025;3652.0
4210001;Acesso_SCM>=12Mbps;2025;3781.0
4210035;Acesso_SCM>=12Mbps;2025;1790.0
4210050;Acesso_SCM>=12Mbps;2025;566.0
4210100;Acesso_SCM>=12Mbps;2025;16520.0
4210209;Acesso_SCM>=12Mbps;2025;1344.0
4210308;Acesso_SCM>=12Mbps;2025;1621.0
4210407;Acesso_SCM>=12Mbps;2025;2668.0
4210506;Acesso_SCM>=12Mbps;2025;12505.0
4210555;Acesso_SCM>=12Mbps;2025;518.0
4210605;Acesso_SCM>=12Mbps;2025;6393.0
4210704;Acesso_SCM>=12Mbps;2025;179.0
4210803;Acesso_SCM>=12Mbps;2025;2557.0
4210852;Acesso_SCM>=12Mbps;2025;516.0
4210902;Acesso_SCM>=12Mbps;2025;1364.0
4211009;Acesso_SCM>=12Mbps;2025;2932.0
4211058;Acesso_SCM>=12Mbps;2025;6574.0
4211108;Acesso_SCM>=12Mbps;2025;1879.0
4211207;Acesso_SCM>=12Mbps;2025;6867.0
4211256;Acesso_SCM>=12Mbps;2025;1189.0
4211306;Acesso_SCM>=12Mbps;2025;45677.0
4211405;Acesso_SCM>=12Mbps;2025;831.0
4211454;Acesso_SCM>=12Mbps;2025;473.0
4211504;Acesso_SCM>=12Mbps;2025;4366.0
4211603;Acesso_SCM>=12Mbps;2025;5400.0
4211652;Acesso_SCM>=12Mbps;2025;502.0
4211702;Acesso_SCM>=12Mbps;2025;9227.0
4211751;Acesso_SCM>=12Mbps;2025;5591.0
4211801;Acesso_SCM>=12Mbps;2025;2105.0
4211850;Acesso_SCM>=12Mbps;2025;527.0
4211876;Acesso_SCM>=12Mbps;2025;540.0
4211892;Acesso_SCM>=12Mbps;2025;685.0
4211900;Acesso_SCM>=12Mbps;2025;110562.0
4212007;Acesso_SCM>=12Mbps;2025;1747.0
4212056;Acesso_SCM>=12Mbps;2025;1492.0
4212106;Acesso_SCM>=12Mbps;2025;5833.0
4212205;Acesso_SCM>=12Mbps;2025;4092.0
4212239;Acesso_SCM>=12Mbps;2025;525.0
4212254;Acesso_SCM>=12Mbps;2025;6584.0
4212270;Acesso_SCM>=12Mbps;2025;1051.0
4212304;Acesso_SCM>=12Mbps;2025;3884.0
4212403;Acesso_SCM>=12Mbps;2025;1494.0
4212502;Acesso_SCM>=12Mbps;2025;12072.0
4212601;Acesso_SCM>=12Mbps;2025;941.0
4212650;Acesso_SCM>=12Mbps;2025;3132.0
4212700;Acesso_SCM>=12Mbps;2025;757.0
4212809;Acesso_SCM>=12Mbps;2025;16899.0
4212908;Acesso_SCM>=12Mbps;2025;8350.0
4213005;Acesso_SCM>=12Mbps;2025;1032.0
4213104;Acesso_SCM>=12Mbps;2025;1946.0
4213153;Acesso_SCM>=12Mbps;2025;264.0
4213203;Acesso_SCM>=12Mbps;2025;13234.0
4213302;Acesso_SCM>=12Mbps;2025;1133.0
4213351;Acesso_SCM>=12Mbps;2025;712.0
4213401;Acesso_SCM>=12Mbps;2025;3593.0
4213500;Acesso_SCM>=12Mbps;2025;14734.0
4213609;Acesso_SCM>=12Mbps;2025;10040.0
4213708;Acesso_SCM>=12Mbps;2025;3489.0
4213807;Acesso_SCM>=12Mbps;2025;1345.0
4213906;Acesso_SCM>=12Mbps;2025;557.0
4214003;Acesso_SCM>=12Mbps;2025;3572.0
4214102;Acesso_SCM>=12Mbps;2025;781.0
4214151;Acesso_SCM>=12Mbps;2025;964.0
4214201;Acesso_SCM>=12Mbps;2025;1571.0
4214300;Acesso_SCM>=12Mbps;2025;1965.0
4214409;Acesso_SCM>=12Mbps;2025;1714.0
4214508;Acesso_SCM>=12Mbps;2025;1077.0
4214607;Acesso_SCM>=12Mbps;2025;2473.0
4214706;Acesso_SCM>=12Mbps;2025;3704.0
4214805;Acesso_SCM>=12Mbps;2025;29491.0
4214904;Acesso_SCM>=12Mbps;2025;1992.0
4215000;Acesso_SCM>=12Mbps;2025;10143.0
4215059;Acesso_SCM>=12Mbps;2025;535.0
4215075;Acesso_SCM>=12Mbps;2025;1665.0
4215109;Acesso_SCM>=12Mbps;2025;4656.0
4215208;Acesso_SCM>=12Mbps;2025;962.0
4215307;Acesso_SCM>=12Mbps;2025;1327.0
4215356;Acesso_SCM>=12Mbps;2025;956.0
4215406;Acesso_SCM>=12Mbps;2025;1001.0
4215455;Acesso_SCM>=12Mbps;2025;3487.0
4215505;Acesso_SCM>=12Mbps;2025;3291.0
4215554;Acesso_SCM>=12Mbps;2025;557.0
4215604;Acesso_SCM>=12Mbps;2025;864.0
4215653;Acesso_SCM>=12Mbps;2025;3893.0
4215679;Acesso_SCM>=12Mbps;2025;1103.0
4215687;Acesso_SCM>=12Mbps;2025;593.0
4215695;Acesso_SCM>=12Mbps;2025;281.0
4215703;Acesso_SCM>=12Mbps;2025;11927.0
4215752;Acesso_SCM>=12Mbps;2025;86.0
4215802;Acesso_SCM>=12Mbps;2025;28118.0
4215901;Acesso_SCM>=12Mbps;2025;1454.0
4216008;Acesso_SCM>=12Mbps;2025;3604.0
4216057;Acesso_SCM>=12Mbps;2025;738.0
4216107;Acesso_SCM>=12Mbps;2025;1936.0
4216206;Acesso_SCM>=12Mbps;2025;31893.0
4216255;Acesso_SCM>=12Mbps;2025;1561.0
4216305;Acesso_SCM>=12Mbps;2025;10372.0
4216354;Acesso_SCM>=12Mbps;2025;1697.0
4216404;Acesso_SCM>=12Mbps;2025;2785.0
4216503;Acesso_SCM>=12Mbps;2025;6456.0
4216602;Acesso_SCM>=12Mbps;2025;130007.0
4216701;Acesso_SCM>=12Mbps;2025;5020.0
4216800;Acesso_SCM>=12Mbps;2025;2057.0
4216909;Acesso_SCM>=12Mbps;2025;7358.0
4217006;Acesso_SCM>=12Mbps;2025;4899.0
4217105;Acesso_SCM>=12Mbps;2025;1629.0
4217154;Acesso_SCM>=12Mbps;2025;404.0
4217204;Acesso_SCM>=12Mbps;2025;17635.0
4217253;Acesso_SCM>=12Mbps;2025;2086.0
4217303;Acesso_SCM>=12Mbps;2025;2828.0
4217402;Acesso_SCM>=12Mbps;2025;6688.0
4217501;Acesso_SCM>=12Mbps;2025;5623.0
4217550;Acesso_SCM>=12Mbps;2025;1073.0
4217600;Acesso_SCM>=12Mbps;2025;6183.0
4217709;Acesso_SCM>=12Mbps;2025;6853.0
4217758;Acesso_SCM>=12Mbps;2025;885.0
4217808;Acesso_SCM>=12Mbps;2025;6156.0
4217907;Acesso_SCM>=12Mbps;2025;2102.0
4217956;Acesso_SCM>=12Mbps;2025;758.0
4218004;Acesso_SCM>=12Mbps;2025;21434.0
4218103;Acesso_SCM>=12Mbps;2025;2270.0
4218202;Acesso_SCM>=12Mbps;2025;18866.0
4218251;Acesso_SCM>=12Mbps;2025;1657.0
4218301;Acesso_SCM>=12Mbps;2025;4637.0
4218350;Acesso_SCM>=12Mbps;2025;1363.0
4218400;Acesso_SCM>=12Mbps;2025;2719.0
4218509;Acesso_SCM>=12Mbps;2025;2614.0
4218608;Acesso_SCM>=12Mbps;2025;2620.0
4218707;Acesso_SCM>=12Mbps;2025;50569.0
4218756;Acesso_SCM>=12Mbps;2025;1060.0
4218806;Acesso_SCM>=12Mbps;2025;5726.0
4218855;Acesso_SCM>=12Mbps;2025;1228.0
4218905;Acesso_SCM>=12Mbps;2025;5625.0
4218954;Acesso_SCM>=12Mbps;2025;944.0
4219002;Acesso_SCM>=12Mbps;2025;7076.0
4219101;Acesso_SCM>=12Mbps;2025;1208.0
4219150;Acesso_SCM>=12Mbps;2025;662.0
4219176;Acesso_SCM>=12Mbps;2025;1406.0
4219200;Acesso_SCM>=12Mbps;2025;899.0
4219309;Acesso_SCM>=12Mbps;2025;21085.0
4219358;Acesso_SCM>=12Mbps;2025;586.0
4219408;Acesso_SCM>=12Mbps;2025;708.0
4219507;Acesso_SCM>=12Mbps;2025;19057.0
4219606;Acesso_SCM>=12Mbps;2025;1058.0
4219705;Acesso_SCM>=12Mbps;2025;8792.0
4219853;Acesso_SCM>=12Mbps;2025;1437.0
4220000;Acesso_SCM>=12Mbps;2025;11553.0
4300034;Acesso_SCM>=12Mbps;2025;624.0
4300059;Acesso_SCM>=12Mbps;2025;260.0
4300109;Acesso_SCM>=12Mbps;2025;2828.0
4300208;Acesso_SCM>=12Mbps;2025;1941.0
4300307;Acesso_SCM>=12Mbps;2025;1035.0
4300406;Acesso_SCM>=12Mbps;2025;22283.0
4300455;Acesso_SCM>=12Mbps;2025;590.0
4300471;Acesso_SCM>=12Mbps;2025;621.0
4300505;Acesso_SCM>=12Mbps;2025;2244.0
4300554;Acesso_SCM>=12Mbps;2025;540.0
4300570;Acesso_SCM>=12Mbps;2025;1073.0
4300604;Acesso_SCM>=12Mbps;2025;58081.0
4300638;Acesso_SCM>=12Mbps;2025;752.0
4300646;Acesso_SCM>=12Mbps;2025;2536.0
4300661;Acesso_SCM>=12Mbps;2025;440.0
4300703;Acesso_SCM>=12Mbps;2025;305.0
4300802;Acesso_SCM>=12Mbps;2025;5389.0
4300851;Acesso_SCM>=12Mbps;2025;2405.0
4300877;Acesso_SCM>=12Mbps;2025;2482.0
4300901;Acesso_SCM>=12Mbps;2025;1806.0
4301008;Acesso_SCM>=12Mbps;2025;8867.0
4301057;Acesso_SCM>=12Mbps;2025;7287.0
4301073;Acesso_SCM>=12Mbps;2025;524.0
4301107;Acesso_SCM>=12Mbps;2025;3923.0
4301206;Acesso_SCM>=12Mbps;2025;2143.0
4301305;Acesso_SCM>=12Mbps;2025;4016.0
4301404;Acesso_SCM>=12Mbps;2025;1625.0
4301503;Acesso_SCM>=12Mbps;2025;1733.0
4301552;Acesso_SCM>=12Mbps;2025;1614.0
4301602;Acesso_SCM>=12Mbps;2025;29242.0
4301636;Acesso_SCM>=12Mbps;2025;5983.0
4301651;Acesso_SCM>=12Mbps;2025;2123.0
4301701;Acesso_SCM>=12Mbps;2025;2034.0
4301750;Acesso_SCM>=12Mbps;2025;827.0
4301800;Acesso_SCM>=12Mbps;2025;1148.0
4301859;Acesso_SCM>=12Mbps;2025;872.0
4301875;Acesso_SCM>=12Mbps;2025;908.0
4301909;Acesso_SCM>=12Mbps;2025;2167.0
4301925;Acesso_SCM>=12Mbps;2025;218.0
4301958;Acesso_SCM>=12Mbps;2025;818.0
4302006;Acesso_SCM>=12Mbps;2025;2157.0
4302055;Acesso_SCM>=12Mbps;2025;98.0
4302105;Acesso_SCM>=12Mbps;2025;47419.0
4302154;Acesso_SCM>=12Mbps;2025;622.0
4302204;Acesso_SCM>=12Mbps;2025;2450.0
4302220;Acesso_SCM>=12Mbps;2025;447.0
4302238;Acesso_SCM>=12Mbps;2025;289.0
4302253;Acesso_SCM>=12Mbps;2025;891.0
4302303;Acesso_SCM>=12Mbps;2025;3623.0
4302352;Acesso_SCM>=12Mbps;2025;5296.0
4302378;Acesso_SCM>=12Mbps;2025;313.0
4302402;Acesso_SCM>=12Mbps;2025;3865.0
4302451;Acesso_SCM>=12Mbps;2025;1595.0
4302501;Acesso_SCM>=12Mbps;2025;902.0
4302584;Acesso_SCM>=12Mbps;2025;240.0
4302600;Acesso_SCM>=12Mbps;2025;623.0
4302659;Acesso_SCM>=12Mbps;2025;1392.0
4302709;Acesso_SCM>=12Mbps;2025;1943.0
4302808;Acesso_SCM>=12Mbps;2025;8131.0
4302907;Acesso_SCM>=12Mbps;2025;2906.0
4303004;Acesso_SCM>=12Mbps;2025;24320.0
4303103;Acesso_SCM>=12Mbps;2025;34941.0
4303202;Acesso_SCM>=12Mbps;2025;934.0
4303301;Acesso_SCM>=12Mbps;2025;1188.0
4303400;Acesso_SCM>=12Mbps;2025;991.0
4303509;Acesso_SCM>=12Mbps;2025;19560.0
4303558;Acesso_SCM>=12Mbps;2025;372.0
4303608;Acesso_SCM>=12Mbps;2025;2269.0
4303673;Acesso_SCM>=12Mbps;2025;1211.0
4303707;Acesso_SCM>=12Mbps;2025;1364.0
4303806;Acesso_SCM>=12Mbps;2025;1338.0
4303905;Acesso_SCM>=12Mbps;2025;21218.0
4304002;Acesso_SCM>=12Mbps;2025;1216.0
4304101;Acesso_SCM>=12Mbps;2025;1198.0
4304200;Acesso_SCM>=12Mbps;2025;6099.0
4304309;Acesso_SCM>=12Mbps;2025;1211.0
4304358;Acesso_SCM>=12Mbps;2025;3037.0
4304408;Acesso_SCM>=12Mbps;2025;22935.0
4304507;Acesso_SCM>=12Mbps;2025;8964.0
4304606;Acesso_SCM>=12Mbps;2025;129579.0
4304614;Acesso_SCM>=12Mbps;2025;160.0
4304622;Acesso_SCM>=12Mbps;2025;53.0
4304630;Acesso_SCM>=12Mbps;2025;50468.0
4304655;Acesso_SCM>=12Mbps;2025;575.0
4304663;Acesso_SCM>=12Mbps;2025;5588.0
4304671;Acesso_SCM>=12Mbps;2025;1441.0
4304689;Acesso_SCM>=12Mbps;2025;2374.0
4304697;Acesso_SCM>=12Mbps;2025;900.0
4304705;Acesso_SCM>=12Mbps;2025;26718.0
4304713;Acesso_SCM>=12Mbps;2025;2614.0
4304804;Acesso_SCM>=12Mbps;2025;12103.0
4304853;Acesso_SCM>=12Mbps;2025;181.0
4304903;Acesso_SCM>=12Mbps;2025;2873.0
4304952;Acesso_SCM>=12Mbps;2025;1116.0
4305009;Acesso_SCM>=12Mbps;2025;2456.0
4305108;Acesso_SCM>=12Mbps;2025;191399.0
4305116;Acesso_SCM>=12Mbps;2025;433.0
4305124;Acesso_SCM>=12Mbps;2025;376.0
4305132;Acesso_SCM>=12Mbps;2025;931.0
4305157;Acesso_SCM>=12Mbps;2025;627.0
4305173;Acesso_SCM>=12Mbps;2025;408.0
4305207;Acesso_SCM>=12Mbps;2025;4827.0
4305306;Acesso_SCM>=12Mbps;2025;2323.0
4305355;Acesso_SCM>=12Mbps;2025;11808.0
4305371;Acesso_SCM>=12Mbps;2025;233.0
4305405;Acesso_SCM>=12Mbps;2025;1071.0
4305439;Acesso_SCM>=12Mbps;2025;41.0
4305447;Acesso_SCM>=12Mbps;2025;400.0
4305454;Acesso_SCM>=12Mbps;2025;7884.0
4305504;Acesso_SCM>=12Mbps;2025;411.0
4305587;Acesso_SCM>=12Mbps;2025;545.0
4305603;Acesso_SCM>=12Mbps;2025;952.0
4305702;Acesso_SCM>=12Mbps;2025;2468.0
4305801;Acesso_SCM>=12Mbps;2025;1581.0
4305835;Acesso_SCM>=12Mbps;2025;10.0
4305850;Acesso_SCM>=12Mbps;2025;329.0
4305871;Acesso_SCM>=12Mbps;2025;350.0
4305900;Acesso_SCM>=12Mbps;2025;398.0
4305934;Acesso_SCM>=12Mbps;2025;354.0
4305959;Acesso_SCM>=12Mbps;2025;649.0
4305975;Acesso_SCM>=12Mbps;2025;641.0
4306007;Acesso_SCM>=12Mbps;2025;1411.0
4306056;Acesso_SCM>=12Mbps;2025;1767.0
4306072;Acesso_SCM>=12Mbps;2025;699.0
4306106;Acesso_SCM>=12Mbps;2025;17429.0
4306130;Acesso_SCM>=12Mbps;2025;398.0
4306205;Acesso_SCM>=12Mbps;2025;3578.0
4306304;Acesso_SCM>=12Mbps;2025;1196.0
4306320;Acesso_SCM>=12Mbps;2025;654.0
4306353;Acesso_SCM>=12Mbps;2025;266.0
4306379;Acesso_SCM>=12Mbps;2025;492.0
4306403;Acesso_SCM>=12Mbps;2025;12118.0
4306429;Acesso_SCM>=12Mbps;2025;531.0
4306452;Acesso_SCM>=12Mbps;2025;197.0
4306502;Acesso_SCM>=12Mbps;2025;1521.0
4306551;Acesso_SCM>=12Mbps;2025;95.0
4306601;Acesso_SCM>=12Mbps;2025;11736.0
4306700;Acesso_SCM>=12Mbps;2025;869.0
4306734;Acesso_SCM>=12Mbps;2025;1224.0
4306759;Acesso_SCM>=12Mbps;2025;169.0
4306767;Acesso_SCM>=12Mbps;2025;10784.0
4306809;Acesso_SCM>=12Mbps;2025;7628.0
4306908;Acesso_SCM>=12Mbps;2025;2890.0
4306924;Acesso_SCM>=12Mbps;2025;341.0
4306932;Acesso_SCM>=12Mbps;2025;2389.0
4306957;Acesso_SCM>=12Mbps;2025;735.0
4306973;Acesso_SCM>=12Mbps;2025;951.0
4307005;Acesso_SCM>=12Mbps;2025;47646.0
4307054;Acesso_SCM>=12Mbps;2025;1024.0
4307104;Acesso_SCM>=12Mbps;2025;560.0
4307203;Acesso_SCM>=12Mbps;2025;248.0
4307302;Acesso_SCM>=12Mbps;2025;1819.0
4307401;Acesso_SCM>=12Mbps;2025;577.0
4307450;Acesso_SCM>=12Mbps;2025;225.0
4307500;Acesso_SCM>=12Mbps;2025;4872.0
4307559;Acesso_SCM>=12Mbps;2025;2084.0
4307609;Acesso_SCM>=12Mbps;2025;17945.0
4307708;Acesso_SCM>=12Mbps;2025;29615.0
4307807;Acesso_SCM>=12Mbps;2025;11821.0
4307815;Acesso_SCM>=12Mbps;2025;607.0
4307831;Acesso_SCM>=12Mbps;2025;818.0
4307864;Acesso_SCM>=12Mbps;2025;816.0
4307906;Acesso_SCM>=12Mbps;2025;29277.0
4308003;Acesso_SCM>=12Mbps;2025;1380.0
4308052;Acesso_SCM>=12Mbps;2025;60.0
4308078;Acesso_SCM>=12Mbps;2025;1170.0
4308102;Acesso_SCM>=12Mbps;2025;5402.0
4308201;Acesso_SCM>=12Mbps;2025;10334.0
4308250;Acesso_SCM>=12Mbps;2025;349.0
4308300;Acesso_SCM>=12Mbps;2025;1332.0
4308409;Acesso_SCM>=12Mbps;2025;1387.0
4308433;Acesso_SCM>=12Mbps;2025;592.0
4308458;Acesso_SCM>=12Mbps;2025;1429.0
4308508;Acesso_SCM>=12Mbps;2025;13069.0
4308607;Acesso_SCM>=12Mbps;2025;14650.0
4308656;Acesso_SCM>=12Mbps;2025;600.0
4308706;Acesso_SCM>=12Mbps;2025;1902.0
4308805;Acesso_SCM>=12Mbps;2025;1425.0
4308854;Acesso_SCM>=12Mbps;2025;479.0
4308904;Acesso_SCM>=12Mbps;2025;6250.0
4309001;Acesso_SCM>=12Mbps;2025;4831.0
4309050;Acesso_SCM>=12Mbps;2025;1326.0
4309100;Acesso_SCM>=12Mbps;2025;21421.0
4309126;Acesso_SCM>=12Mbps;2025;484.0
4309159;Acesso_SCM>=12Mbps;2025;440.0
4309209;Acesso_SCM>=12Mbps;2025;85027.0
4309258;Acesso_SCM>=12Mbps;2025;480.0
4309308;Acesso_SCM>=12Mbps;2025;19677.0
4309407;Acesso_SCM>=12Mbps;2025;7933.0
4309506;Acesso_SCM>=12Mbps;2025;1058.0
4309555;Acesso_SCM>=12Mbps;2025;988.0
4309571;Acesso_SCM>=12Mbps;2025;453.0
4309605;Acesso_SCM>=12Mbps;2025;6700.0
4309654;Acesso_SCM>=12Mbps;2025;786.0
4309704;Acesso_SCM>=12Mbps;2025;932.0
4309753;Acesso_SCM>=12Mbps;2025;376.0
4309803;Acesso_SCM>=12Mbps;2025;1673.0
4309902;Acesso_SCM>=12Mbps;2025;1085.0
4309951;Acesso_SCM>=12Mbps;2025;238.0
4310009;Acesso_SCM>=12Mbps;2025;8254.0
4310108;Acesso_SCM>=12Mbps;2025;5528.0
4310207;Acesso_SCM>=12Mbps;2025;31516.0
4310306;Acesso_SCM>=12Mbps;2025;368.0
4310330;Acesso_SCM>=12Mbps;2025;20478.0
4310363;Acesso_SCM>=12Mbps;2025;946.0
4310405;Acesso_SCM>=12Mbps;2025;1704.0
4310413;Acesso_SCM>=12Mbps;2025;449.0
4310439;Acesso_SCM>=12Mbps;2025;2195.0
4310462;Acesso_SCM>=12Mbps;2025;702.0
4310504;Acesso_SCM>=12Mbps;2025;2032.0
4310538;Acesso_SCM>=12Mbps;2025;1434.0
4310553;Acesso_SCM>=12Mbps;2025;375.0
4310579;Acesso_SCM>=12Mbps;2025;88.0
4310603;Acesso_SCM>=12Mbps;2025;7132.0
4310652;Acesso_SCM>=12Mbps;2025;1282.0
4310702;Acesso_SCM>=12Mbps;2025;123.0
4310751;Acesso_SCM>=12Mbps;2025;117.0
4310801;Acesso_SCM>=12Mbps;2025;8400.0
4310850;Acesso_SCM>=12Mbps;2025;971.0
4310876;Acesso_SCM>=12Mbps;2025;294.0
4310900;Acesso_SCM>=12Mbps;2025;939.0
4311007;Acesso_SCM>=12Mbps;2025;5280.0
4311106;Acesso_SCM>=12Mbps;2025;1174.0
4311122;Acesso_SCM>=12Mbps;2025;575.0
4311130;Acesso_SCM>=12Mbps;2025;421.0
4311155;Acesso_SCM>=12Mbps;2025;1609.0
4311205;Acesso_SCM>=12Mbps;2025;5670.0
4311239;Acesso_SCM>=12Mbps;2025;588.0
4311254;Acesso_SCM>=12Mbps;2025;830.0
4311270;Acesso_SCM>=12Mbps;2025;625.0
4311304;Acesso_SCM>=12Mbps;2025;7794.0
4311403;Acesso_SCM>=12Mbps;2025;41619.0
4311429;Acesso_SCM>=12Mbps;2025;689.0
4311502;Acesso_SCM>=12Mbps;2025;2070.0
4311601;Acesso_SCM>=12Mbps;2025;1182.0
4311627;Acesso_SCM>=12Mbps;2025;2303.0
4311643;Acesso_SCM>=12Mbps;2025;518.0
4311700;Acesso_SCM>=12Mbps;2025;366.0
4311718;Acesso_SCM>=12Mbps;2025;858.0
4311734;Acesso_SCM>=12Mbps;2025;1280.0
4311759;Acesso_SCM>=12Mbps;2025;1266.0
4311775;Acesso_SCM>=12Mbps;2025;3030.0
4311791;Acesso_SCM>=12Mbps;2025;648.0
4311809;Acesso_SCM>=12Mbps;2025;16755.0
4311908;Acesso_SCM>=12Mbps;2025;1517.0
4311981;Acesso_SCM>=12Mbps;2025;676.0
4312005;Acesso_SCM>=12Mbps;2025;677.0
4312054;Acesso_SCM>=12Mbps;2025;730.0
4312104;Acesso_SCM>=12Mbps;2025;432.0
4312138;Acesso_SCM>=12Mbps;2025;542.0
4312153;Acesso_SCM>=12Mbps;2025;910.0
4312179;Acesso_SCM>=12Mbps;2025;360.0
4312203;Acesso_SCM>=12Mbps;2025;810.0
4312252;Acesso_SCM>=12Mbps;2025;952.0
4312302;Acesso_SCM>=12Mbps;2025;1331.0
4312351;Acesso_SCM>=12Mbps;2025;145.0
4312377;Acesso_SCM>=12Mbps;2025;504.0
4312385;Acesso_SCM>=12Mbps;2025;834.0
4312401;Acesso_SCM>=12Mbps;2025;22524.0
4312427;Acesso_SCM>=12Mbps;2025;721.0
4312443;Acesso_SCM>=12Mbps;2025;1271.0
4312450;Acesso_SCM>=12Mbps;2025;1753.0
4312476;Acesso_SCM>=12Mbps;2025;2371.0
4312500;Acesso_SCM>=12Mbps;2025;5308.0
4312609;Acesso_SCM>=12Mbps;2025;1382.0
4312617;Acesso_SCM>=12Mbps;2025;705.0
4312625;Acesso_SCM>=12Mbps;2025;419.0
4312658;Acesso_SCM>=12Mbps;2025;4272.0
4312674;Acesso_SCM>=12Mbps;2025;315.0
4312708;Acesso_SCM>=12Mbps;2025;4523.0
4312757;Acesso_SCM>=12Mbps;2025;344.0
4312807;Acesso_SCM>=12Mbps;2025;2530.0
4312906;Acesso_SCM>=12Mbps;2025;3147.0
4312955;Acesso_SCM>=12Mbps;2025;569.0
4313003;Acesso_SCM>=12Mbps;2025;304.0
4313011;Acesso_SCM>=12Mbps;2025;784.0
4313037;Acesso_SCM>=12Mbps;2025;1455.0
4313060;Acesso_SCM>=12Mbps;2025;7082.0
4313086;Acesso_SCM>=12Mbps;2025;274.0
4313102;Acesso_SCM>=12Mbps;2025;904.0
4313201;Acesso_SCM>=12Mbps;2025;9415.0
4313300;Acesso_SCM>=12Mbps;2025;9929.0
4313334;Acesso_SCM>=12Mbps;2025;285.0
4313359;Acesso_SCM>=12Mbps;2025;1248.0
4313375;Acesso_SCM>=12Mbps;2025;7096.0
4313391;Acesso_SCM>=12Mbps;2025;966.0
4313409;Acesso_SCM>=12Mbps;2025;90537.0
4313425;Acesso_SCM>=12Mbps;2025;79.0
4313441;Acesso_SCM>=12Mbps;2025;592.0
4313466;Acesso_SCM>=12Mbps;2025;432.0
4313490;Acesso_SCM>=12Mbps;2025;429.0
4313508;Acesso_SCM>=12Mbps;2025;21930.0
4313607;Acesso_SCM>=12Mbps;2025;810.0
4313656;Acesso_SCM>=12Mbps;2025;4841.0
4313706;Acesso_SCM>=12Mbps;2025;7541.0
4313805;Acesso_SCM>=12Mbps;2025;1545.0
4313904;Acesso_SCM>=12Mbps;2025;14866.0
4313953;Acesso_SCM>=12Mbps;2025;908.0
4314001;Acesso_SCM>=12Mbps;2025;3057.0
4314027;Acesso_SCM>=12Mbps;2025;1701.0
4314035;Acesso_SCM>=12Mbps;2025;1178.0
4314050;Acesso_SCM>=12Mbps;2025;15055.0
4314068;Acesso_SCM>=12Mbps;2025;931.0
4314076;Acesso_SCM>=12Mbps;2025;293.0
4314100;Acesso_SCM>=12Mbps;2025;81363.0
4314134;Acesso_SCM>=12Mbps;2025;529.0
4314159;Acesso_SCM>=12Mbps;2025;2196.0
4314175;Acesso_SCM>=12Mbps;2025;346.0
4314209;Acesso_SCM>=12Mbps;2025;688.0
4314308;Acesso_SCM>=12Mbps;2025;1254.0
4314407;Acesso_SCM>=12Mbps;2025;124124.0
4314423;Acesso_SCM>=12Mbps;2025;2173.0
4314456;Acesso_SCM>=12Mbps;2025;1068.0
4314464;Acesso_SCM>=12Mbps;2025;732.0
4314472;Acesso_SCM>=12Mbps;2025;183.0
4314498;Acesso_SCM>=12Mbps;2025;1254.0
4314506;Acesso_SCM>=12Mbps;2025;3119.0
4314548;Acesso_SCM>=12Mbps;2025;1383.0
4314555;Acesso_SCM>=12Mbps;2025;269.0
4314605;Acesso_SCM>=12Mbps;2025;3023.0
4314704;Acesso_SCM>=12Mbps;2025;3350.0
4314753;Acesso_SCM>=12Mbps;2025;805.0
4314779;Acesso_SCM>=12Mbps;2025;565.0
4314787;Acesso_SCM>=12Mbps;2025;143.0
4314803;Acesso_SCM>=12Mbps;2025;8586.0
4314902;Acesso_SCM>=12Mbps;2025;596171.0
4315008;Acesso_SCM>=12Mbps;2025;911.0
4315057;Acesso_SCM>=12Mbps;2025;50.0
4315073;Acesso_SCM>=12Mbps;2025;218.0
4315107;Acesso_SCM>=12Mbps;2025;1968.0
4315131;Acesso_SCM>=12Mbps;2025;312.0
4315149;Acesso_SCM>=12Mbps;2025;1272.0
4315156;Acesso_SCM>=12Mbps;2025;946.0
4315172;Acesso_SCM>=12Mbps;2025;683.0
4315206;Acesso_SCM>=12Mbps;2025;567.0
4315305;Acesso_SCM>=12Mbps;2025;7838.0
4315313;Acesso_SCM>=12Mbps;2025;438.0
4315321;Acesso_SCM>=12Mbps;2025;240.0
4315354;Acesso_SCM>=12Mbps;2025;1795.0
4315404;Acesso_SCM>=12Mbps;2025;1277.0
4315453;Acesso_SCM>=12Mbps;2025;278.0
4315503;Acesso_SCM>=12Mbps;2025;3757.0
4315552;Acesso_SCM>=12Mbps;2025;868.0
4315602;Acesso_SCM>=12Mbps;2025;73749.0
4315701;Acesso_SCM>=12Mbps;2025;4768.0
4315750;Acesso_SCM>=12Mbps;2025;1000.0
4315800;Acesso_SCM>=12Mbps;2025;1901.0
4315909;Acesso_SCM>=12Mbps;2025;2487.0
4315958;Acesso_SCM>=12Mbps;2025;201.0
4316006;Acesso_SCM>=12Mbps;2025;7847.0
4316105;Acesso_SCM>=12Mbps;2025;2334.0
4316204;Acesso_SCM>=12Mbps;2025;1041.0
4316303;Acesso_SCM>=12Mbps;2025;697.0
4316402;Acesso_SCM>=12Mbps;2025;11711.0
4316428;Acesso_SCM>=12Mbps;2025;691.0
4316436;Acesso_SCM>=12Mbps;2025;973.0
4316451;Acesso_SCM>=12Mbps;2025;2479.0
4316477;Acesso_SCM>=12Mbps;2025;862.0
4316501;Acesso_SCM>=12Mbps;2025;2675.0
4316600;Acesso_SCM>=12Mbps;2025;3935.0
4316709;Acesso_SCM>=12Mbps;2025;3175.0
4316733;Acesso_SCM>=12Mbps;2025;190.0
4316758;Acesso_SCM>=12Mbps;2025;2418.0
4316808;Acesso_SCM>=12Mbps;2025;49948.0
4316907;Acesso_SCM>=12Mbps;2025;106829.0
4316956;Acesso_SCM>=12Mbps;2025;2258.0
4316972;Acesso_SCM>=12Mbps;2025;1096.0
4317004;Acesso_SCM>=12Mbps;2025;1628.0
4317103;Acesso_SCM>=12Mbps;2025;30229.0
4317202;Acesso_SCM>=12Mbps;2025;29000.0
4317251;Acesso_SCM>=12Mbps;2025;425.0
4317301;Acesso_SCM>=12Mbps;2025;9126.0
4317400;Acesso_SCM>=12Mbps;2025;12766.0
4317509;Acesso_SCM>=12Mbps;2025;29835.0
4317558;Acesso_SCM>=12Mbps;2025;326.0
4317608;Acesso_SCM>=12Mbps;2025;15006.0
4317707;Acesso_SCM>=12Mbps;2025;2480.0
4317756;Acesso_SCM>=12Mbps;2025;1031.0
4317806;Acesso_SCM>=12Mbps;2025;4384.0
4317905;Acesso_SCM>=12Mbps;2025;3544.0
4317954;Acesso_SCM>=12Mbps;2025;308.0
4318002;Acesso_SCM>=12Mbps;2025;18436.0
4318051;Acesso_SCM>=12Mbps;2025;738.0
4318101;Acesso_SCM>=12Mbps;2025;3054.0
4318200;Acesso_SCM>=12Mbps;2025;6548.0
4318309;Acesso_SCM>=12Mbps;2025;21771.0
4318408;Acesso_SCM>=12Mbps;2025;6643.0
4318424;Acesso_SCM>=12Mbps;2025;543.0
4318432;Acesso_SCM>=12Mbps;2025;523.0
4318440;Acesso_SCM>=12Mbps;2025;637.0
4318457;Acesso_SCM>=12Mbps;2025;533.0
4318465;Acesso_SCM>=12Mbps;2025;188.0
4318481;Acesso_SCM>=12Mbps;2025;1430.0
4318499;Acesso_SCM>=12Mbps;2025;619.0
4318507;Acesso_SCM>=12Mbps;2025;3682.0
4318606;Acesso_SCM>=12Mbps;2025;1551.0
4318614;Acesso_SCM>=12Mbps;2025;682.0
4318622;Acesso_SCM>=12Mbps;2025;1259.0
4318705;Acesso_SCM>=12Mbps;2025;81851.0
4318804;Acesso_SCM>=12Mbps;2025;11711.0
4318903;Acesso_SCM>=12Mbps;2025;9380.0
4319000;Acesso_SCM>=12Mbps;2025;7503.0
4319109;Acesso_SCM>=12Mbps;2025;552.0
4319125;Acesso_SCM>=12Mbps;2025;306.0
4319158;Acesso_SCM>=12Mbps;2025;1393.0
4319208;Acesso_SCM>=12Mbps;2025;318.0
4319307;Acesso_SCM>=12Mbps;2025;1610.0
4319356;Acesso_SCM>=12Mbps;2025;1244.0
4319364;Acesso_SCM>=12Mbps;2025;524.0
4319372;Acesso_SCM>=12Mbps;2025;576.0
4319406;Acesso_SCM>=12Mbps;2025;2833.0
4319505;Acesso_SCM>=12Mbps;2025;4267.0
4319604;Acesso_SCM>=12Mbps;2025;3105.0
4319703;Acesso_SCM>=12Mbps;2025;294.0
4319711;Acesso_SCM>=12Mbps;2025;1193.0
4319737;Acesso_SCM>=12Mbps;2025;285.0
4319752;Acesso_SCM>=12Mbps;2025;807.0
4319802;Acesso_SCM>=12Mbps;2025;2287.0
4319901;Acesso_SCM>=12Mbps;2025;12895.0
4320008;Acesso_SCM>=12Mbps;2025;40861.0
4320107;Acesso_SCM>=12Mbps;2025;9496.0
4320206;Acesso_SCM>=12Mbps;2025;3379.0
4320230;Acesso_SCM>=12Mbps;2025;226.0
4320263;Acesso_SCM>=12Mbps;2025;1015.0
4320305;Acesso_SCM>=12Mbps;2025;1791.0
4320321;Acesso_SCM>=12Mbps;2025;460.0
4320354;Acesso_SCM>=12Mbps;2025;795.0
4320404;Acesso_SCM>=12Mbps;2025;5821.0
4320453;Acesso_SCM>=12Mbps;2025;249.0
4320503;Acesso_SCM>=12Mbps;2025;2288.0
4320552;Acesso_SCM>=12Mbps;2025;1757.0
4320578;Acesso_SCM>=12Mbps;2025;205.0
4320602;Acesso_SCM>=12Mbps;2025;1082.0
4320651;Acesso_SCM>=12Mbps;2025;270.0
4320677;Acesso_SCM>=12Mbps;2025;689.0
4320701;Acesso_SCM>=12Mbps;2025;4391.0
4320800;Acesso_SCM>=12Mbps;2025;10362.0
4320859;Acesso_SCM>=12Mbps;2025;1429.0
4320909;Acesso_SCM>=12Mbps;2025;6835.0
4321006;Acesso_SCM>=12Mbps;2025;3351.0
4321105;Acesso_SCM>=12Mbps;2025;4103.0
4321204;Acesso_SCM>=12Mbps;2025;9057.0
4321303;Acesso_SCM>=12Mbps;2025;9268.0
4321329;Acesso_SCM>=12Mbps;2025;701.0
4321352;Acesso_SCM>=12Mbps;2025;1096.0
4321402;Acesso_SCM>=12Mbps;2025;4582.0
4321436;Acesso_SCM>=12Mbps;2025;3996.0
4321451;Acesso_SCM>=12Mbps;2025;13306.0
4321469;Acesso_SCM>=12Mbps;2025;1028.0
4321477;Acesso_SCM>=12Mbps;2025;88.0
4321493;Acesso_SCM>=12Mbps;2025;724.0
4321501;Acesso_SCM>=12Mbps;2025;21973.0
4321600;Acesso_SCM>=12Mbps;2025;33141.0
4321626;Acesso_SCM>=12Mbps;2025;404.0
4321634;Acesso_SCM>=12Mbps;2025;763.0
4321667;Acesso_SCM>=12Mbps;2025;2361.0
4321709;Acesso_SCM>=12Mbps;2025;7925.0
4321808;Acesso_SCM>=12Mbps;2025;8447.0
4321832;Acesso_SCM>=12Mbps;2025;1272.0
4321857;Acesso_SCM>=12Mbps;2025;1132.0
4321907;Acesso_SCM>=12Mbps;2025;6487.0
4321956;Acesso_SCM>=12Mbps;2025;2306.0
4322004;Acesso_SCM>=12Mbps;2025;7447.0
4322103;Acesso_SCM>=12Mbps;2025;1295.0
4322152;Acesso_SCM>=12Mbps;2025;532.0
4322186;Acesso_SCM>=12Mbps;2025;54.0
4322202;Acesso_SCM>=12Mbps;2025;5358.0
4322251;Acesso_SCM>=12Mbps;2025;1512.0
4322301;Acesso_SCM>=12Mbps;2025;2068.0
4322327;Acesso_SCM>=12Mbps;2025;923.0
4322343;Acesso_SCM>=12Mbps;2025;210.0
4322350;Acesso_SCM>=12Mbps;2025;27.0
4322376;Acesso_SCM>=12Mbps;2025;906.0
4322400;Acesso_SCM>=12Mbps;2025;38107.0
4322509;Acesso_SCM>=12Mbps;2025;25142.0
4322525;Acesso_SCM>=12Mbps;2025;1264.0
4322533;Acesso_SCM>=12Mbps;2025;1550.0
4322541;Acesso_SCM>=12Mbps;2025;1872.0
4322558;Acesso_SCM>=12Mbps;2025;440.0
4322608;Acesso_SCM>=12Mbps;2025;16886.0
4322707;Acesso_SCM>=12Mbps;2025;4015.0
4322806;Acesso_SCM>=12Mbps;2025;9793.0
4322855;Acesso_SCM>=12Mbps;2025;66.0
4322905;Acesso_SCM>=12Mbps;2025;1183.0
4323002;Acesso_SCM>=12Mbps;2025;71292.0
4323101;Acesso_SCM>=12Mbps;2025;913.0
4323200;Acesso_SCM>=12Mbps;2025;781.0
4323309;Acesso_SCM>=12Mbps;2025;1399.0
4323358;Acesso_SCM>=12Mbps;2025;315.0
4323408;Acesso_SCM>=12Mbps;2025;697.0
4323457;Acesso_SCM>=12Mbps;2025;940.0
4323507;Acesso_SCM>=12Mbps;2025;557.0
4323606;Acesso_SCM>=12Mbps;2025;481.0
4323705;Acesso_SCM>=12Mbps;2025;807.0
4323754;Acesso_SCM>=12Mbps;2025;988.0
4323770;Acesso_SCM>=12Mbps;2025;1173.0
4323804;Acesso_SCM>=12Mbps;2025;15084.0
5000203;Acesso_SCM>=12Mbps;2025;2180.0
5000252;Acesso_SCM>=12Mbps;2025;1575.0
5000609;Acesso_SCM>=12Mbps;2025;6980.0
5000708;Acesso_SCM>=12Mbps;2025;1075.0
5000807;Acesso_SCM>=12Mbps;2025;2373.0
5000856;Acesso_SCM>=12Mbps;2025;1261.0
5000906;Acesso_SCM>=12Mbps;2025;1558.0
5001003;Acesso_SCM>=12Mbps;2025;1795.0
5001102;Acesso_SCM>=12Mbps;2025;2091.0
5001243;Acesso_SCM>=12Mbps;2025;1163.0
5001508;Acesso_SCM>=12Mbps;2025;562.0
5001904;Acesso_SCM>=12Mbps;2025;7902.0
5002001;Acesso_SCM>=12Mbps;2025;2093.0
5002100;Acesso_SCM>=12Mbps;2025;733.0
5002159;Acesso_SCM>=12Mbps;2025;261.0
5002209;Acesso_SCM>=12Mbps;2025;2062.0
5002308;Acesso_SCM>=12Mbps;2025;689.0
5002407;Acesso_SCM>=12Mbps;2025;7822.0
5002605;Acesso_SCM>=12Mbps;2025;577.0
5002704;Acesso_SCM>=12Mbps;2025;329869.0
5002803;Acesso_SCM>=12Mbps;2025;610.0
5002902;Acesso_SCM>=12Mbps;2025;1465.0
5002951;Acesso_SCM>=12Mbps;2025;2977.0
5003108;Acesso_SCM>=12Mbps;2025;497.0
5003157;Acesso_SCM>=12Mbps;2025;2002.0
5003207;Acesso_SCM>=12Mbps;2025;20235.0
5003256;Acesso_SCM>=12Mbps;2025;2745.0
5003306;Acesso_SCM>=12Mbps;2025;7256.0
5003454;Acesso_SCM>=12Mbps;2025;4219.0
5003488;Acesso_SCM>=12Mbps;2025;523.0
5003504;Acesso_SCM>=12Mbps;2025;1239.0
5003702;Acesso_SCM>=12Mbps;2025;90118.0
5003751;Acesso_SCM>=12Mbps;2025;1693.0
5003801;Acesso_SCM>=12Mbps;2025;5735.0
5003900;Acesso_SCM>=12Mbps;2025;212.0
5004007;Acesso_SCM>=12Mbps;2025;2298.0
5004106;Acesso_SCM>=12Mbps;2025;350.0
5004304;Acesso_SCM>=12Mbps;2025;3686.0
5004403;Acesso_SCM>=12Mbps;2025;839.0
5004502;Acesso_SCM>=12Mbps;2025;2304.0
5004601;Acesso_SCM>=12Mbps;2025;3941.0
5004700;Acesso_SCM>=12Mbps;2025;1315.0
5004809;Acesso_SCM>=12Mbps;2025;528.0
5004908;Acesso_SCM>=12Mbps;2025;724.0
5005004;Acesso_SCM>=12Mbps;2025;1350.0
5005103;Acesso_SCM>=12Mbps;2025;955.0
5005152;Acesso_SCM>=12Mbps;2025;1902.0
5005202;Acesso_SCM>=12Mbps;2025;1774.0
5005251;Acesso_SCM>=12Mbps;2025;331.0
5005400;Acesso_SCM>=12Mbps;2025;6078.0
5005608;Acesso_SCM>=12Mbps;2025;992.0
5005681;Acesso_SCM>=12Mbps;2025;4448.0
5005707;Acesso_SCM>=12Mbps;2025;12977.0
5005806;Acesso_SCM>=12Mbps;2025;955.0
5006002;Acesso_SCM>=12Mbps;2025;3903.0
5006200;Acesso_SCM>=12Mbps;2025;11465.0
5006259;Acesso_SCM>=12Mbps;2025;929.0
5006275;Acesso_SCM>=12Mbps;2025;301.0
5006309;Acesso_SCM>=12Mbps;2025;11157.0
5006358;Acesso_SCM>=12Mbps;2025;1340.0
5006408;Acesso_SCM>=12Mbps;2025;1852.0
5006606;Acesso_SCM>=12Mbps;2025;16568.0
5006903;Acesso_SCM>=12Mbps;2025;505.0
5007109;Acesso_SCM>=12Mbps;2025;3203.0
5007208;Acesso_SCM>=12Mbps;2025;9221.0
5007307;Acesso_SCM>=12Mbps;2025;224.0
5007406;Acesso_SCM>=12Mbps;2025;3032.0
5007505;Acesso_SCM>=12Mbps;2025;494.0
5007554;Acesso_SCM>=12Mbps;2025;856.0
5007695;Acesso_SCM>=12Mbps;2025;4935.0
5007703;Acesso_SCM>=12Mbps;2025;2205.0
5007802;Acesso_SCM>=12Mbps;2025;577.0
5007901;Acesso_SCM>=12Mbps;2025;2035.0
5007935;Acesso_SCM>=12Mbps;2025;2360.0
5007950;Acesso_SCM>=12Mbps;2025;1250.0
5007976;Acesso_SCM>=12Mbps;2025;43.0
5008008;Acesso_SCM>=12Mbps;2025;2325.0
5008305;Acesso_SCM>=12Mbps;2025;40681.0
5008404;Acesso_SCM>=12Mbps;2025;1860.0
5100102;Acesso_SCM>=12Mbps;2025;864.0
5100201;Acesso_SCM>=12Mbps;2025;3268.0
5100250;Acesso_SCM>=12Mbps;2025;12130.0
5100300;Acesso_SCM>=12Mbps;2025;1054.0
5100359;Acesso_SCM>=12Mbps;2025;563.0
5100409;Acesso_SCM>=12Mbps;2025;1652.0
5100508;Acesso_SCM>=12Mbps;2025;409.0
5100607;Acesso_SCM>=12Mbps;2025;200.0
5100805;Acesso_SCM>=12Mbps;2025;1209.0
5101001;Acesso_SCM>=12Mbps;2025;660.0
5101209;Acesso_SCM>=12Mbps;2025;203.0
5101258;Acesso_SCM>=12Mbps;2025;1822.0
5101308;Acesso_SCM>=12Mbps;2025;2448.0
5101407;Acesso_SCM>=12Mbps;2025;3274.0
5101605;Acesso_SCM>=12Mbps;2025;374.0
5101704;Acesso_SCM>=12Mbps;2025;8652.0
5101803;Acesso_SCM>=12Mbps;2025;15723.0
5101852;Acesso_SCM>=12Mbps;2025;662.0
5101902;Acesso_SCM>=12Mbps;2025;2782.0
5102504;Acesso_SCM>=12Mbps;2025;14170.0
5102603;Acesso_SCM>=12Mbps;2025;1030.0
5102637;Acesso_SCM>=12Mbps;2025;9385.0
5102678;Acesso_SCM>=12Mbps;2025;12690.0
5102686;Acesso_SCM>=12Mbps;2025;2225.0
5102694;Acesso_SCM>=12Mbps;2025;666.0
5102702;Acesso_SCM>=12Mbps;2025;6851.0
5102793;Acesso_SCM>=12Mbps;2025;1239.0
5102850;Acesso_SCM>=12Mbps;2025;1289.0
5103007;Acesso_SCM>=12Mbps;2025;6308.0
5103056;Acesso_SCM>=12Mbps;2025;3090.0
5103106;Acesso_SCM>=12Mbps;2025;2076.0
5103205;Acesso_SCM>=12Mbps;2025;9919.0
5103254;Acesso_SCM>=12Mbps;2025;2508.0
5103304;Acesso_SCM>=12Mbps;2025;1720.0
5103353;Acesso_SCM>=12Mbps;2025;6079.0
5103361;Acesso_SCM>=12Mbps;2025;653.0
5103379;Acesso_SCM>=12Mbps;2025;1252.0
5103403;Acesso_SCM>=12Mbps;2025;225763.0
5103437;Acesso_SCM>=12Mbps;2025;176.0
5103452;Acesso_SCM>=12Mbps;2025;745.0
5103502;Acesso_SCM>=12Mbps;2025;6234.0
5103601;Acesso_SCM>=12Mbps;2025;1255.0
5103700;Acesso_SCM>=12Mbps;2025;2860.0
5103809;Acesso_SCM>=12Mbps;2025;69.0
5103858;Acesso_SCM>=12Mbps;2025;1646.0
5103908;Acesso_SCM>=12Mbps;2025;95.0
5103957;Acesso_SCM>=12Mbps;2025;867.0
5104104;Acesso_SCM>=12Mbps;2025;9503.0
5104203;Acesso_SCM>=12Mbps;2025;1566.0
5104500;Acesso_SCM>=12Mbps;2025;189.0
5104526;Acesso_SCM>=12Mbps;2025;1570.0
5104542;Acesso_SCM>=12Mbps;2025;776.0
5104559;Acesso_SCM>=12Mbps;2025;2000.0
5104609;Acesso_SCM>=12Mbps;2025;1942.0
5104807;Acesso_SCM>=12Mbps;2025;6004.0
5104906;Acesso_SCM>=12Mbps;2025;760.0
5105002;Acesso_SCM>=12Mbps;2025;497.0
5105101;Acesso_SCM>=12Mbps;2025;5375.0
5105150;Acesso_SCM>=12Mbps;2025;6393.0
5105176;Acesso_SCM>=12Mbps;2025;1498.0
5105200;Acesso_SCM>=12Mbps;2025;2058.0
5105234;Acesso_SCM>=12Mbps;2025;645.0
5105259;Acesso_SCM>=12Mbps;2025;20071.0
5105309;Acesso_SCM>=12Mbps;2025;163.0
5105507;Acesso_SCM>=12Mbps;2025;2185.0
5105580;Acesso_SCM>=12Mbps;2025;357.0
5105606;Acesso_SCM>=12Mbps;2025;3877.0
5105622;Acesso_SCM>=12Mbps;2025;3639.0
5105903;Acesso_SCM>=12Mbps;2025;3652.0
5106000;Acesso_SCM>=12Mbps;2025;1174.0
5106109;Acesso_SCM>=12Mbps;2025;1909.0
5106158;Acesso_SCM>=12Mbps;2025;2517.0
5106174;Acesso_SCM>=12Mbps;2025;604.0
5106182;Acesso_SCM>=12Mbps;2025;1014.0
5106190;Acesso_SCM>=12Mbps;2025;1158.0
5106208;Acesso_SCM>=12Mbps;2025;572.0
5106216;Acesso_SCM>=12Mbps;2025;2955.0
5106224;Acesso_SCM>=12Mbps;2025;18905.0
5106232;Acesso_SCM>=12Mbps;2025;5208.0
5106240;Acesso_SCM>=12Mbps;2025;2064.0
5106257;Acesso_SCM>=12Mbps;2025;1582.0
5106265;Acesso_SCM>=12Mbps;2025;444.0
5106273;Acesso_SCM>=12Mbps;2025;276.0
5106281;Acesso_SCM>=12Mbps;2025;250.0
5106299;Acesso_SCM>=12Mbps;2025;1307.0
5106307;Acesso_SCM>=12Mbps;2025;3773.0
5106315;Acesso_SCM>=12Mbps;2025;177.0
5106372;Acesso_SCM>=12Mbps;2025;1613.0
5106422;Acesso_SCM>=12Mbps;2025;6550.0
5106455;Acesso_SCM>=12Mbps;2025;590.0
5106505;Acesso_SCM>=12Mbps;2025;5045.0
5106653;Acesso_SCM>=12Mbps;2025;572.0
5106703;Acesso_SCM>=12Mbps;2025;315.0
5106752;Acesso_SCM>=12Mbps;2025;8199.0
5106778;Acesso_SCM>=12Mbps;2025;2334.0
5106802;Acesso_SCM>=12Mbps;2025;551.0
5106828;Acesso_SCM>=12Mbps;2025;1164.0
5106851;Acesso_SCM>=12Mbps;2025;520.0
5107008;Acesso_SCM>=12Mbps;2025;1066.0
5107040;Acesso_SCM>=12Mbps;2025;29393.0
5107065;Acesso_SCM>=12Mbps;2025;7484.0
5107107;Acesso_SCM>=12Mbps;2025;3880.0
5107156;Acesso_SCM>=12Mbps;2025;58.0
5107180;Acesso_SCM>=12Mbps;2025;1194.0
5107198;Acesso_SCM>=12Mbps;2025;497.0
5107206;Acesso_SCM>=12Mbps;2025;660.0
5107248;Acesso_SCM>=12Mbps;2025;2111.0
5107263;Acesso_SCM>=12Mbps;2025;591.0
5107297;Acesso_SCM>=12Mbps;2025;768.0
5107305;Acesso_SCM>=12Mbps;2025;4771.0
5107354;Acesso_SCM>=12Mbps;2025;590.0
5107404;Acesso_SCM>=12Mbps;2025;819.0
5107578;Acesso_SCM>=12Mbps;2025;310.0
5107602;Acesso_SCM>=12Mbps;2025;74842.0
5107701;Acesso_SCM>=12Mbps;2025;2390.0
5107743;Acesso_SCM>=12Mbps;2025;336.0
5107750;Acesso_SCM>=12Mbps;2025;418.0
5107768;Acesso_SCM>=12Mbps;2025;793.0
5107776;Acesso_SCM>=12Mbps;2025;211.0
5107792;Acesso_SCM>=12Mbps;2025;698.0
5107800;Acesso_SCM>=12Mbps;2025;1406.0
5107859;Acesso_SCM>=12Mbps;2025;1480.0
5107875;Acesso_SCM>=12Mbps;2025;3444.0
5107883;Acesso_SCM>=12Mbps;2025;107.0
5107909;Acesso_SCM>=12Mbps;2025;72593.0
5107925;Acesso_SCM>=12Mbps;2025;36538.0
5107941;Acesso_SCM>=12Mbps;2025;1495.0
5107958;Acesso_SCM>=12Mbps;2025;37836.0
5108006;Acesso_SCM>=12Mbps;2025;3006.0
5108055;Acesso_SCM>=12Mbps;2025;1483.0
5108105;Acesso_SCM>=12Mbps;2025;402.0
5108204;Acesso_SCM>=12Mbps;2025;455.0
5108303;Acesso_SCM>=12Mbps;2025;619.0
5108352;Acesso_SCM>=12Mbps;2025;67.0
5108402;Acesso_SCM>=12Mbps;2025;67771.0
5108501;Acesso_SCM>=12Mbps;2025;2888.0
5108600;Acesso_SCM>=12Mbps;2025;2732.0
5108808;Acesso_SCM>=12Mbps;2025;1040.0
5108857;Acesso_SCM>=12Mbps;2025;700.0
5108907;Acesso_SCM>=12Mbps;2025;764.0
5108956;Acesso_SCM>=12Mbps;2025;474.0
5200050;Acesso_SCM>=12Mbps;2025;1785.0
5200100;Acesso_SCM>=12Mbps;2025;1850.0
5200134;Acesso_SCM>=12Mbps;2025;5276.0
5200159;Acesso_SCM>=12Mbps;2025;648.0
5200175;Acesso_SCM>=12Mbps;2025;474.0
5200209;Acesso_SCM>=12Mbps;2025;46.0
5200258;Acesso_SCM>=12Mbps;2025;53276.0
5200308;Acesso_SCM>=12Mbps;2025;4826.0
5200506;Acesso_SCM>=12Mbps;2025;228.0
5200555;Acesso_SCM>=12Mbps;2025;1997.0
5200605;Acesso_SCM>=12Mbps;2025;1864.0
5200803;Acesso_SCM>=12Mbps;2025;705.0
5200829;Acesso_SCM>=12Mbps;2025;520.0
5200852;Acesso_SCM>=12Mbps;2025;1595.0
5200902;Acesso_SCM>=12Mbps;2025;179.0
5201108;Acesso_SCM>=12Mbps;2025;70706.0
5201207;Acesso_SCM>=12Mbps;2025;79.0
5201306;Acesso_SCM>=12Mbps;2025;6182.0
5201405;Acesso_SCM>=12Mbps;2025;149068.0
5201454;Acesso_SCM>=12Mbps;2025;482.0
5201504;Acesso_SCM>=12Mbps;2025;270.0
5201603;Acesso_SCM>=12Mbps;2025;27.0
5201702;Acesso_SCM>=12Mbps;2025;4086.0
5201801;Acesso_SCM>=12Mbps;2025;1264.0
5202155;Acesso_SCM>=12Mbps;2025;150.0
5202353;Acesso_SCM>=12Mbps;2025;119.0
5202502;Acesso_SCM>=12Mbps;2025;528.0
5202601;Acesso_SCM>=12Mbps;2025;81.0
5202809;Acesso_SCM>=12Mbps;2025;401.0
5203104;Acesso_SCM>=12Mbps;2025;155.0
5203203;Acesso_SCM>=12Mbps;2025;1653.0
5203302;Acesso_SCM>=12Mbps;2025;9604.0
5203401;Acesso_SCM>=12Mbps;2025;4072.0
5203500;Acesso_SCM>=12Mbps;2025;5353.0
5203559;Acesso_SCM>=12Mbps;2025;1362.0
5203575;Acesso_SCM>=12Mbps;2025;519.0
5203609;Acesso_SCM>=12Mbps;2025;372.0
5203807;Acesso_SCM>=12Mbps;2025;349.0
5203906;Acesso_SCM>=12Mbps;2025;2702.0
5203939;Acesso_SCM>=12Mbps;2025;328.0
5203962;Acesso_SCM>=12Mbps;2025;180.0
5204003;Acesso_SCM>=12Mbps;2025;1391.0
5204102;Acesso_SCM>=12Mbps;2025;1315.0
5204201;Acesso_SCM>=12Mbps;2025;179.0
5204250;Acesso_SCM>=12Mbps;2025;1198.0
5204300;Acesso_SCM>=12Mbps;2025;1813.0
5204409;Acesso_SCM>=12Mbps;2025;3116.0
5204508;Acesso_SCM>=12Mbps;2025;22337.0
5204557;Acesso_SCM>=12Mbps;2025;1244.0
5204607;Acesso_SCM>=12Mbps;2025;163.0
5204656;Acesso_SCM>=12Mbps;2025;255.0
5204706;Acesso_SCM>=12Mbps;2025;3779.0
5204805;Acesso_SCM>=12Mbps;2025;2221.0
5204854;Acesso_SCM>=12Mbps;2025;448.0
5204904;Acesso_SCM>=12Mbps;2025;1719.0
5204953;Acesso_SCM>=12Mbps;2025;22.0
5205000;Acesso_SCM>=12Mbps;2025;1482.0
5205059;Acesso_SCM>=12Mbps;2025;865.0
5205109;Acesso_SCM>=12Mbps;2025;44511.0
5205208;Acesso_SCM>=12Mbps;2025;452.0
5205307;Acesso_SCM>=12Mbps;2025;1279.0
5205406;Acesso_SCM>=12Mbps;2025;4217.0
5205455;Acesso_SCM>=12Mbps;2025;1209.0
5205471;Acesso_SCM>=12Mbps;2025;472.0
5205497;Acesso_SCM>=12Mbps;2025;23534.0
5205513;Acesso_SCM>=12Mbps;2025;3907.0
5205521;Acesso_SCM>=12Mbps;2025;712.0
5205703;Acesso_SCM>=12Mbps;2025;484.0
5205802;Acesso_SCM>=12Mbps;2025;1479.0
5205901;Acesso_SCM>=12Mbps;2025;2192.0
5206206;Acesso_SCM>=12Mbps;2025;10446.0
5206305;Acesso_SCM>=12Mbps;2025;411.0
5206404;Acesso_SCM>=12Mbps;2025;1582.0
5206503;Acesso_SCM>=12Mbps;2025;829.0
5206602;Acesso_SCM>=12Mbps;2025;853.0
5206701;Acesso_SCM>=12Mbps;2025;521.0
5206800;Acesso_SCM>=12Mbps;2025;403.0
5206909;Acesso_SCM>=12Mbps;2025;58.0
5207105;Acesso_SCM>=12Mbps;2025;32.0
5207253;Acesso_SCM>=12Mbps;2025;1962.0
5207352;Acesso_SCM>=12Mbps;2025;551.0
5207402;Acesso_SCM>=12Mbps;2025;1700.0
5207501;Acesso_SCM>=12Mbps;2025;81.0
5207535;Acesso_SCM>=12Mbps;2025;142.0
5207600;Acesso_SCM>=12Mbps;2025;4813.0
5207808;Acesso_SCM>=12Mbps;2025;5138.0
5207907;Acesso_SCM>=12Mbps;2025;2326.0
5208004;Acesso_SCM>=12Mbps;2025;29439.0
5208103;Acesso_SCM>=12Mbps;2025;485.0
5208152;Acesso_SCM>=12Mbps;2025;265.0
5208301;Acesso_SCM>=12Mbps;2025;1180.0
5208400;Acesso_SCM>=12Mbps;2025;310.0
5208509;Acesso_SCM>=12Mbps;2025;584.0
5208608;Acesso_SCM>=12Mbps;2025;14984.0
5208707;Acesso_SCM>=12Mbps;2025;516698.0
5208806;Acesso_SCM>=12Mbps;2025;7625.0
5208905;Acesso_SCM>=12Mbps;2025;2594.0
5209101;Acesso_SCM>=12Mbps;2025;7362.0
5209150;Acesso_SCM>=12Mbps;2025;1026.0
5209200;Acesso_SCM>=12Mbps;2025;3860.0
5209291;Acesso_SCM>=12Mbps;2025;122.0
5209408;Acesso_SCM>=12Mbps;2025;69.0
5209457;Acesso_SCM>=12Mbps;2025;301.0
5209606;Acesso_SCM>=12Mbps;2025;166.0
5209705;Acesso_SCM>=12Mbps;2025;3297.0
5209804;Acesso_SCM>=12Mbps;2025;303.0
5209903;Acesso_SCM>=12Mbps;2025;869.0
5209937;Acesso_SCM>=12Mbps;2025;1284.0
5209952;Acesso_SCM>=12Mbps;2025;3723.0
5210000;Acesso_SCM>=12Mbps;2025;14407.0
5210109;Acesso_SCM>=12Mbps;2025;6591.0
5210158;Acesso_SCM>=12Mbps;2025;12.0
5210208;Acesso_SCM>=12Mbps;2025;14565.0
5210307;Acesso_SCM>=12Mbps;2025;48.0
5210406;Acesso_SCM>=12Mbps;2025;6316.0
5210562;Acesso_SCM>=12Mbps;2025;257.0
5210604;Acesso_SCM>=12Mbps;2025;341.0
5210802;Acesso_SCM>=12Mbps;2025;469.0
5210901;Acesso_SCM>=12Mbps;2025;2953.0
5211008;Acesso_SCM>=12Mbps;2025;231.0
5211206;Acesso_SCM>=12Mbps;2025;2220.0
5211305;Acesso_SCM>=12Mbps;2025;1053.0
5211404;Acesso_SCM>=12Mbps;2025;745.0
5211503;Acesso_SCM>=12Mbps;2025;30201.0
5211602;Acesso_SCM>=12Mbps;2025;292.0
5211701;Acesso_SCM>=12Mbps;2025;1033.0
5211800;Acesso_SCM>=12Mbps;2025;6631.0
5211909;Acesso_SCM>=12Mbps;2025;33229.0
5212006;Acesso_SCM>=12Mbps;2025;45.0
5212055;Acesso_SCM>=12Mbps;2025;358.0
5212105;Acesso_SCM>=12Mbps;2025;1237.0
5212204;Acesso_SCM>=12Mbps;2025;3614.0
5212253;Acesso_SCM>=12Mbps;2025;163.0
5212303;Acesso_SCM>=12Mbps;2025;1282.0
5212501;Acesso_SCM>=12Mbps;2025;28241.0
5212600;Acesso_SCM>=12Mbps;2025;454.0
5212709;Acesso_SCM>=12Mbps;2025;866.0
5212808;Acesso_SCM>=12Mbps;2025;3491.0
5212907;Acesso_SCM>=12Mbps;2025;120.0
5212956;Acesso_SCM>=12Mbps;2025;78.0
5213004;Acesso_SCM>=12Mbps;2025;1829.0
5213053;Acesso_SCM>=12Mbps;2025;145.0
5213087;Acesso_SCM>=12Mbps;2025;2508.0
5213103;Acesso_SCM>=12Mbps;2025;10559.0
5213400;Acesso_SCM>=12Mbps;2025;178.0
5213509;Acesso_SCM>=12Mbps;2025;483.0
5213707;Acesso_SCM>=12Mbps;2025;979.0
5213756;Acesso_SCM>=12Mbps;2025;2931.0
5213772;Acesso_SCM>=12Mbps;2025;299.0
5213806;Acesso_SCM>=12Mbps;2025;7129.0
5213855;Acesso_SCM>=12Mbps;2025;181.0
5213905;Acesso_SCM>=12Mbps;2025;953.0
5214002;Acesso_SCM>=12Mbps;2025;803.0
5214051;Acesso_SCM>=12Mbps;2025;123.0
5214101;Acesso_SCM>=12Mbps;2025;162.0
5214408;Acesso_SCM>=12Mbps;2025;2669.0
5214507;Acesso_SCM>=12Mbps;2025;3489.0
5214606;Acesso_SCM>=12Mbps;2025;5974.0
5214705;Acesso_SCM>=12Mbps;2025;29.0
5214804;Acesso_SCM>=12Mbps;2025;689.0
5214838;Acesso_SCM>=12Mbps;2025;598.0
5214861;Acesso_SCM>=12Mbps;2025;79.0
5214879;Acesso_SCM>=12Mbps;2025;598.0
5214903;Acesso_SCM>=12Mbps;2025;79.0
5215009;Acesso_SCM>=12Mbps;2025;2145.0
5215207;Acesso_SCM>=12Mbps;2025;523.0
5215231;Acesso_SCM>=12Mbps;2025;20644.0
5215256;Acesso_SCM>=12Mbps;2025;110.0
5215306;Acesso_SCM>=12Mbps;2025;2061.0
5215405;Acesso_SCM>=12Mbps;2025;522.0
5215504;Acesso_SCM>=12Mbps;2025;635.0
5215603;Acesso_SCM>=12Mbps;2025;2719.0
5215652;Acesso_SCM>=12Mbps;2025;73.0
5215702;Acesso_SCM>=12Mbps;2025;7307.0
5215801;Acesso_SCM>=12Mbps;2025;362.0
5215900;Acesso_SCM>=12Mbps;2025;49.0
5216007;Acesso_SCM>=12Mbps;2025;324.0
5216304;Acesso_SCM>=12Mbps;2025;2379.0
5216403;Acesso_SCM>=12Mbps;2025;1634.0
5216452;Acesso_SCM>=12Mbps;2025;114.0
5216809;Acesso_SCM>=12Mbps;2025;1093.0
5216908;Acesso_SCM>=12Mbps;2025;76.0
5217104;Acesso_SCM>=12Mbps;2025;5896.0
5217203;Acesso_SCM>=12Mbps;2025;3683.0
5217302;Acesso_SCM>=12Mbps;2025;3681.0
5217401;Acesso_SCM>=12Mbps;2025;8800.0
5217609;Acesso_SCM>=12Mbps;2025;23479.0
5217708;Acesso_SCM>=12Mbps;2025;3443.0
5218003;Acesso_SCM>=12Mbps;2025;10000.0
5218052;Acesso_SCM>=12Mbps;2025;768.0
5218102;Acesso_SCM>=12Mbps;2025;133.0
5218300;Acesso_SCM>=12Mbps;2025;3242.0
5218391;Acesso_SCM>=12Mbps;2025;251.0
5218508;Acesso_SCM>=12Mbps;2025;12498.0
5218607;Acesso_SCM>=12Mbps;2025;2300.0
5218706;Acesso_SCM>=12Mbps;2025;680.0
5218789;Acesso_SCM>=12Mbps;2025;114.0
5218805;Acesso_SCM>=12Mbps;2025;75535.0
5218904;Acesso_SCM>=12Mbps;2025;662.0
5219001;Acesso_SCM>=12Mbps;2025;2483.0
5219100;Acesso_SCM>=12Mbps;2025;286.0
5219209;Acesso_SCM>=12Mbps;2025;469.0
5219258;Acesso_SCM>=12Mbps;2025;100.0
5219308;Acesso_SCM>=12Mbps;2025;5753.0
5219357;Acesso_SCM>=12Mbps;2025;295.0
5219407;Acesso_SCM>=12Mbps;2025;413.0
5219456;Acesso_SCM>=12Mbps;2025;248.0
5219506;Acesso_SCM>=12Mbps;2025;219.0
5219605;Acesso_SCM>=12Mbps;2025;241.0
5219704;Acesso_SCM>=12Mbps;2025;839.0
5219712;Acesso_SCM>=12Mbps;2025;600.0
5219738;Acesso_SCM>=12Mbps;2025;1342.0
5219753;Acesso_SCM>=12Mbps;2025;13198.0
5219803;Acesso_SCM>=12Mbps;2025;994.0
5219902;Acesso_SCM>=12Mbps;2025;890.0
5220009;Acesso_SCM>=12Mbps;2025;876.0
5220058;Acesso_SCM>=12Mbps;2025;162.0
5220108;Acesso_SCM>=12Mbps;2025;1350.0
5220157;Acesso_SCM>=12Mbps;2025;378.0
5220207;Acesso_SCM>=12Mbps;2025;4394.0
5220264;Acesso_SCM>=12Mbps;2025;1109.0
5220280;Acesso_SCM>=12Mbps;2025;69.0
5220405;Acesso_SCM>=12Mbps;2025;3525.0
5220454;Acesso_SCM>=12Mbps;2025;31107.0
5220504;Acesso_SCM>=12Mbps;2025;1566.0
5220603;Acesso_SCM>=12Mbps;2025;1682.0
5220686;Acesso_SCM>=12Mbps;2025;375.0
5220702;Acesso_SCM>=12Mbps;2025;166.0
5221007;Acesso_SCM>=12Mbps;2025;89.0
5221080;Acesso_SCM>=12Mbps;2025;386.0
5221197;Acesso_SCM>=12Mbps;2025;287.0
5221304;Acesso_SCM>=12Mbps;2025;74.0
5221403;Acesso_SCM>=12Mbps;2025;16660.0
5221452;Acesso_SCM>=12Mbps;2025;288.0
5221502;Acesso_SCM>=12Mbps;2025;1098.0
5221551;Acesso_SCM>=12Mbps;2025;416.0
5221577;Acesso_SCM>=12Mbps;2025;157.0
5221601;Acesso_SCM>=12Mbps;2025;10054.0
5221700;Acesso_SCM>=12Mbps;2025;1494.0
5221809;Acesso_SCM>=12Mbps;2025;271.0
5221858;Acesso_SCM>=12Mbps;2025;67847.0
5221908;Acesso_SCM>=12Mbps;2025;882.0
5222005;Acesso_SCM>=12Mbps;2025;2249.0
5222054;Acesso_SCM>=12Mbps;2025;1290.0
5222203;Acesso_SCM>=12Mbps;2025;3872.0
5222302;Acesso_SCM>=12Mbps;2025;914.0
5300108;Acesso_SCM>=12Mbps;2025;971380.0
