codigo_ibge;sigla;ano;variavel_valor
1100015;Acesso_SCM;2025;4177.0
1100023;Acesso_SCM;2025;32200.0
1100031;Acesso_SCM;2025;2647.0
1100049;Acesso_SCM;2025;32029.0
1100056;Acesso_SCM;2025;2532.0
1100064;Acesso_SCM;2025;4878.0
1100072;Acesso_SCM;2025;1922.0
1100080;Acesso_SCM;2025;2062.0
1100098;Acesso_SCM;2025;3380.0
1100106;Acesso_SCM;2025;7451.0
1100114;Acesso_SCM;2025;10003.0
1100122;Acesso_SCM;2025;34124.0
1100130;Acesso_SCM;2025;7186.0
1100148;Acesso_SCM;2025;5914.0
1100155;Acesso_SCM;2025;4146.0
1100189;Acesso_SCM;2025;9404.0
1100205;Acesso_SCM;2025;157805.0
1100254;Acesso_SCM;2025;5375.0
1100262;Acesso_SCM;2025;326.0
1100288;Acesso_SCM;2025;14339.0
1100296;Acesso_SCM;2025;907.0
1100304;Acesso_SCM;2025;24146.0
1100320;Acesso_SCM;2025;4566.0
1100338;Acesso_SCM;2025;4181.0
1100346;Acesso_SCM;2025;4490.0
1100379;Acesso_SCM;2025;1726.0
1100403;Acesso_SCM;2025;3044.0
1100452;Acesso_SCM;2025;11653.0
1100502;Acesso_SCM;2025;2682.0
1100601;Acesso_SCM;2025;1496.0
1100700;Acesso_SCM;2025;3264.0
1100809;Acesso_SCM;2025;3172.0
1100908;Acesso_SCM;2025;1042.0
1100924;Acesso_SCM;2025;1181.0
1100940;Acesso_SCM;2025;1785.0
1101005;Acesso_SCM;2025;192.0
1101104;Acesso_SCM;2025;2038.0
1101203;Acesso_SCM;2025;2691.0
1101302;Acesso_SCM;2025;1745.0
1101401;Acesso_SCM;2025;3079.0
1101435;Acesso_SCM;2025;705.0
1101450;Acesso_SCM;2025;1363.0
1101468;Acesso_SCM;2025;427.0
1101476;Acesso_SCM;2025;572.0
1101484;Acesso_SCM;2025;1239.0
1101492;Acesso_SCM;2025;3625.0
1101500;Acesso_SCM;2025;3922.0
1101559;Acesso_SCM;2025;3022.0
1101609;Acesso_SCM;2025;699.0
1101708;Acesso_SCM;2025;2995.0
1101757;Acesso_SCM;2025;1455.0
1101807;Acesso_SCM;2025;785.0
1200013;Acesso_SCM;2025;512.0
1200054;Acesso_SCM;2025;1740.0
1200104;Acesso_SCM;2025;2202.0
1200138;Acesso_SCM;2025;805.0
1200179;Acesso_SCM;2025;521.0
1200203;Acesso_SCM;2025;14656.0
1200252;Acesso_SCM;2025;2194.0
1200302;Acesso_SCM;2025;1906.0
1200328;Acesso_SCM;2025;578.0
1200336;Acesso_SCM;2025;2117.0
1200344;Acesso_SCM;2025;1219.0
1200351;Acesso_SCM;2025;895.0
1200385;Acesso_SCM;2025;647.0
1200393;Acesso_SCM;2025;491.0
1200401;Acesso_SCM;2025;103201.0
1200427;Acesso_SCM;2025;3065.0
1200435;Acesso_SCM;2025;390.0
1200450;Acesso_SCM;2025;3481.0
1200500;Acesso_SCM;2025;1787.0
1200609;Acesso_SCM;2025;3440.0
1200708;Acesso_SCM;2025;3839.0
1200807;Acesso_SCM;2025;1022.0
1300029;Acesso_SCM;2025;575.0
1300060;Acesso_SCM;2025;410.0
1300086;Acesso_SCM;2025;302.0
1300102;Acesso_SCM;2025;446.0
1300144;Acesso_SCM;2025;2702.0
1300201;Acesso_SCM;2025;738.0
1300300;Acesso_SCM;2025;4323.0
1300409;Acesso_SCM;2025;866.0
1300508;Acesso_SCM;2025;1158.0
1300607;Acesso_SCM;2025;2163.0
1300631;Acesso_SCM;2025;827.0
1300680;Acesso_SCM;2025;472.0
1300706;Acesso_SCM;2025;3518.0
1300805;Acesso_SCM;2025;2037.0
1300839;Acesso_SCM;2025;143.0
1300904;Acesso_SCM;2025;1468.0
1301001;Acesso_SCM;2025;916.0
1301100;Acesso_SCM;2025;1697.0
1301159;Acesso_SCM;2025;1051.0
1301209;Acesso_SCM;2025;4145.0
1301308;Acesso_SCM;2025;1517.0
1301407;Acesso_SCM;2025;1019.0
1301506;Acesso_SCM;2025;383.0
1301605;Acesso_SCM;2025;960.0
1301654;Acesso_SCM;2025;1023.0
1301704;Acesso_SCM;2025;5549.0
1301803;Acesso_SCM;2025;1111.0
1301852;Acesso_SCM;2025;3998.0
1301902;Acesso_SCM;2025;10740.0
1301951;Acesso_SCM;2025;374.0
1302009;Acesso_SCM;2025;1253.0
1302108;Acesso_SCM;2025;568.0
1302207;Acesso_SCM;2025;535.0
1302306;Acesso_SCM;2025;1277.0
1302405;Acesso_SCM;2025;2208.0
1302504;Acesso_SCM;2025;9616.0
1302553;Acesso_SCM;2025;1138.0
1302603;Acesso_SCM;2025;518700.0
1302702;Acesso_SCM;2025;4102.0
1302801;Acesso_SCM;2025;1025.0
1302900;Acesso_SCM;2025;3927.0
1303007;Acesso_SCM;2025;983.0
1303106;Acesso_SCM;2025;2122.0
1303205;Acesso_SCM;2025;1233.0
1303304;Acesso_SCM;2025;857.0
1303403;Acesso_SCM;2025;7354.0
1303502;Acesso_SCM;2025;1011.0
1303536;Acesso_SCM;2025;2263.0
1303569;Acesso_SCM;2025;2811.0
1303601;Acesso_SCM;2025;575.0
1303700;Acesso_SCM;2025;1046.0
1303809;Acesso_SCM;2025;2594.0
1303908;Acesso_SCM;2025;1181.0
1303957;Acesso_SCM;2025;197.0
1304005;Acesso_SCM;2025;946.0
1304062;Acesso_SCM;2025;7878.0
1304104;Acesso_SCM;2025;1688.0
1304203;Acesso_SCM;2025;4974.0
1304237;Acesso_SCM;2025;561.0
1304260;Acesso_SCM;2025;707.0
1304302;Acesso_SCM;2025;318.0
1304401;Acesso_SCM;2025;1091.0
1400027;Acesso_SCM;2025;687.0
1400050;Acesso_SCM;2025;1145.0
1400100;Acesso_SCM;2025;98957.0
1400159;Acesso_SCM;2025;714.0
1400175;Acesso_SCM;2025;2062.0
1400209;Acesso_SCM;2025;1576.0
1400233;Acesso_SCM;2025;1034.0
1400282;Acesso_SCM;2025;706.0
1400308;Acesso_SCM;2025;1692.0
1400407;Acesso_SCM;2025;660.0
1400456;Acesso_SCM;2025;884.0
1400472;Acesso_SCM;2025;4014.0
1400506;Acesso_SCM;2025;414.0
1400605;Acesso_SCM;2025;438.0
1400704;Acesso_SCM;2025;555.0
1500107;Acesso_SCM;2025;26248.0
1500131;Acesso_SCM;2025;144.0
1500206;Acesso_SCM;2025;3398.0
1500305;Acesso_SCM;2025;4545.0
1500347;Acesso_SCM;2025;864.0
1500404;Acesso_SCM;2025;3739.0
1500503;Acesso_SCM;2025;5164.0
1500602;Acesso_SCM;2025;23981.0
1500701;Acesso_SCM;2025;2909.0
1500800;Acesso_SCM;2025;87250.0
1500859;Acesso_SCM;2025;866.0
1500909;Acesso_SCM;2025;4368.0
1500958;Acesso_SCM;2025;2845.0
1501006;Acesso_SCM;2025;602.0
1501105;Acesso_SCM;2025;829.0
1501204;Acesso_SCM;2025;958.0
1501253;Acesso_SCM;2025;156.0
1501303;Acesso_SCM;2025;20069.0
1501402;Acesso_SCM;2025;315524.0
1501451;Acesso_SCM;2025;869.0
1501501;Acesso_SCM;2025;9200.0
1501576;Acesso_SCM;2025;793.0
1501600;Acesso_SCM;2025;190.0
1501709;Acesso_SCM;2025;12214.0
1501725;Acesso_SCM;2025;3613.0
1501758;Acesso_SCM;2025;65.0
1501782;Acesso_SCM;2025;2143.0
1501808;Acesso_SCM;2025;7054.0
1501907;Acesso_SCM;2025;587.0
1501956;Acesso_SCM;2025;1023.0
1502004;Acesso_SCM;2025;697.0
1502103;Acesso_SCM;2025;1813.0
1502152;Acesso_SCM;2025;27098.0
1502202;Acesso_SCM;2025;13491.0
1502301;Acesso_SCM;2025;3257.0
1502400;Acesso_SCM;2025;49426.0
1502509;Acesso_SCM;2025;1725.0
1502608;Acesso_SCM;2025;864.0
1502707;Acesso_SCM;2025;7592.0
1502756;Acesso_SCM;2025;1855.0
1502764;Acesso_SCM;2025;1947.0
1502772;Acesso_SCM;2025;1938.0
1502806;Acesso_SCM;2025;1789.0
1502855;Acesso_SCM;2025;296.0
1502905;Acesso_SCM;2025;3347.0
1502939;Acesso_SCM;2025;7032.0
1502954;Acesso_SCM;2025;2192.0
1503002;Acesso_SCM;2025;475.0
1503044;Acesso_SCM;2025;224.0
1503077;Acesso_SCM;2025;2258.0
1503093;Acesso_SCM;2025;3094.0
1503101;Acesso_SCM;2025;2396.0
1503200;Acesso_SCM;2025;3178.0
1503309;Acesso_SCM;2025;1259.0
1503408;Acesso_SCM;2025;576.0
1503457;Acesso_SCM;2025;2483.0
1503507;Acesso_SCM;2025;2081.0
1503606;Acesso_SCM;2025;14919.0
1503705;Acesso_SCM;2025;2438.0
1503754;Acesso_SCM;2025;1339.0
1503804;Acesso_SCM;2025;2671.0
1503903;Acesso_SCM;2025;3353.0
1504000;Acesso_SCM;2025;678.0
1504059;Acesso_SCM;2025;5666.0
1504109;Acesso_SCM;2025;63.0
1504208;Acesso_SCM;2025;60817.0
1504307;Acesso_SCM;2025;1274.0
1504406;Acesso_SCM;2025;2687.0
1504422;Acesso_SCM;2025;16749.0
1504455;Acesso_SCM;2025;4386.0
1504505;Acesso_SCM;2025;1483.0
1504604;Acesso_SCM;2025;1609.0
1504703;Acesso_SCM;2025;7613.0
1504752;Acesso_SCM;2025;985.0
1504802;Acesso_SCM;2025;4330.0
1504901;Acesso_SCM;2025;3195.0
1504950;Acesso_SCM;2025;1837.0
1504976;Acesso_SCM;2025;1740.0
1505007;Acesso_SCM;2025;215.0
1505031;Acesso_SCM;2025;3359.0
1505064;Acesso_SCM;2025;4196.0
1505106;Acesso_SCM;2025;2458.0
1505205;Acesso_SCM;2025;860.0
1505304;Acesso_SCM;2025;4313.0
1505403;Acesso_SCM;2025;2351.0
1505437;Acesso_SCM;2025;8114.0
1505486;Acesso_SCM;2025;1489.0
1505494;Acesso_SCM;2025;33.0
1505502;Acesso_SCM;2025;22827.0
1505536;Acesso_SCM;2025;65136.0
1505551;Acesso_SCM;2025;440.0
1505601;Acesso_SCM;2025;169.0
1505635;Acesso_SCM;2025;189.0
1505650;Acesso_SCM;2025;1766.0
1505700;Acesso_SCM;2025;805.0
1505809;Acesso_SCM;2025;3313.0
1505908;Acesso_SCM;2025;3874.0
1506005;Acesso_SCM;2025;2159.0
1506104;Acesso_SCM;2025;586.0
1506112;Acesso_SCM;2025;328.0
1506138;Acesso_SCM;2025;23766.0
1506161;Acesso_SCM;2025;2156.0
1506187;Acesso_SCM;2025;8347.0
1506195;Acesso_SCM;2025;2025.0
1506203;Acesso_SCM;2025;11232.0
1506302;Acesso_SCM;2025;1278.0
1506351;Acesso_SCM;2025;6830.0
1506401;Acesso_SCM;2025;492.0
1506500;Acesso_SCM;2025;10272.0
1506559;Acesso_SCM;2025;2589.0
1506583;Acesso_SCM;2025;4768.0
1506609;Acesso_SCM;2025;3016.0
1506708;Acesso_SCM;2025;8024.0
1506807;Acesso_SCM;2025;45582.0
1506906;Acesso_SCM;2025;166.0
1507003;Acesso_SCM;2025;2773.0
1507102;Acesso_SCM;2025;1583.0
1507151;Acesso_SCM;2025;1460.0
1507201;Acesso_SCM;2025;1289.0
1507300;Acesso_SCM;2025;9716.0
1507409;Acesso_SCM;2025;807.0
1507458;Acesso_SCM;2025;1264.0
1507466;Acesso_SCM;2025;278.0
1507474;Acesso_SCM;2025;170.0
1507508;Acesso_SCM;2025;1472.0
1507607;Acesso_SCM;2025;5198.0
1507706;Acesso_SCM;2025;2157.0
1507755;Acesso_SCM;2025;354.0
1507805;Acesso_SCM;2025;1820.0
1507904;Acesso_SCM;2025;3083.0
1507953;Acesso_SCM;2025;10052.0
1507961;Acesso_SCM;2025;1490.0
1507979;Acesso_SCM;2025;1987.0
1508001;Acesso_SCM;2025;10422.0
1508035;Acesso_SCM;2025;1658.0
1508050;Acesso_SCM;2025;1138.0
1508084;Acesso_SCM;2025;9458.0
1508100;Acesso_SCM;2025;7604.0
1508126;Acesso_SCM;2025;1557.0
1508159;Acesso_SCM;2025;4952.0
1508209;Acesso_SCM;2025;5300.0
1508308;Acesso_SCM;2025;3017.0
1508357;Acesso_SCM;2025;1985.0
1508407;Acesso_SCM;2025;5765.0
1600055;Acesso_SCM;2025;876.0
1600105;Acesso_SCM;2025;2037.0
1600154;Acesso_SCM;2025;1562.0
1600204;Acesso_SCM;2025;2089.0
1600212;Acesso_SCM;2025;661.0
1600238;Acesso_SCM;2025;1701.0
1600253;Acesso_SCM;2025;764.0
1600279;Acesso_SCM;2025;9092.0
1600303;Acesso_SCM;2025;124304.0
1600402;Acesso_SCM;2025;4074.0
1600501;Acesso_SCM;2025;5753.0
1600535;Acesso_SCM;2025;3914.0
1600550;Acesso_SCM;2025;673.0
1600600;Acesso_SCM;2025;26367.0
1600709;Acesso_SCM;2025;2760.0
1600808;Acesso_SCM;2025;1788.0
1700251;Acesso_SCM;2025;116.0
1700301;Acesso_SCM;2025;1032.0
1700350;Acesso_SCM;2025;259.0
1700400;Acesso_SCM;2025;781.0
1700707;Acesso_SCM;2025;266.0
1701002;Acesso_SCM;2025;1017.0
1701051;Acesso_SCM;2025;130.0
1701101;Acesso_SCM;2025;848.0
1701309;Acesso_SCM;2025;545.0
1701903;Acesso_SCM;2025;231.0
1702000;Acesso_SCM;2025;1031.0
1702109;Acesso_SCM;2025;52658.0
1702158;Acesso_SCM;2025;357.0
1702208;Acesso_SCM;2025;2756.0
1702307;Acesso_SCM;2025;94.0
1702406;Acesso_SCM;2025;1020.0
1702554;Acesso_SCM;2025;1455.0
1702703;Acesso_SCM;2025;268.0
1702901;Acesso_SCM;2025;794.0
1703008;Acesso_SCM;2025;588.0
1703057;Acesso_SCM;2025;142.0
1703073;Acesso_SCM;2025;97.0
1703107;Acesso_SCM;2025;392.0
1703206;Acesso_SCM;2025;510.0
1703305;Acesso_SCM;2025;317.0
1703602;Acesso_SCM;2025;435.0
1703701;Acesso_SCM;2025;1226.0
1703800;Acesso_SCM;2025;494.0
1703826;Acesso_SCM;2025;71.0
1703842;Acesso_SCM;2025;299.0
1703867;Acesso_SCM;2025;129.0
1703883;Acesso_SCM;2025;130.0
1703891;Acesso_SCM;2025;24.0
1703909;Acesso_SCM;2025;746.0
1704105;Acesso_SCM;2025;102.0
1704600;Acesso_SCM;2025;109.0
1705102;Acesso_SCM;2025;111.0
1705508;Acesso_SCM;2025;6286.0
1705557;Acesso_SCM;2025;769.0
1705607;Acesso_SCM;2025;645.0
1706001;Acesso_SCM;2025;627.0
1706100;Acesso_SCM;2025;806.0
1706258;Acesso_SCM;2025;87.0
1706506;Acesso_SCM;2025;328.0
1707009;Acesso_SCM;2025;1445.0
1707108;Acesso_SCM;2025;613.0
1707207;Acesso_SCM;2025;278.0
1707306;Acesso_SCM;2025;244.0
1707405;Acesso_SCM;2025;314.0
1707553;Acesso_SCM;2025;63.0
1707652;Acesso_SCM;2025;229.0
1707702;Acesso_SCM;2025;882.0
1708205;Acesso_SCM;2025;676.0
1708254;Acesso_SCM;2025;101.0
1708304;Acesso_SCM;2025;160.0
1709005;Acesso_SCM;2025;763.0
1709302;Acesso_SCM;2025;2463.0
1709500;Acesso_SCM;2025;20863.0
1709807;Acesso_SCM;2025;389.0
1710508;Acesso_SCM;2025;502.0
1710706;Acesso_SCM;2025;207.0
1710904;Acesso_SCM;2025;824.0
1711100;Acesso_SCM;2025;414.0
1711506;Acesso_SCM;2025;561.0
1711803;Acesso_SCM;2025;236.0
1711902;Acesso_SCM;2025;2092.0
1711951;Acesso_SCM;2025;474.0
1712009;Acesso_SCM;2025;331.0
1712157;Acesso_SCM;2025;277.0
1712405;Acesso_SCM;2025;170.0
1712454;Acesso_SCM;2025;148.0
1712504;Acesso_SCM;2025;1040.0
1712702;Acesso_SCM;2025;170.0
1712801;Acesso_SCM;2025;45.0
1713205;Acesso_SCM;2025;2687.0
1713304;Acesso_SCM;2025;848.0
1713601;Acesso_SCM;2025;802.0
1713700;Acesso_SCM;2025;189.0
1713809;Acesso_SCM;2025;294.0
1713957;Acesso_SCM;2025;78.0
1714203;Acesso_SCM;2025;240.0
1714302;Acesso_SCM;2025;88.0
1714880;Acesso_SCM;2025;2114.0
1715002;Acesso_SCM;2025;69.0
1715101;Acesso_SCM;2025;696.0
1715150;Acesso_SCM;2025;157.0
1715259;Acesso_SCM;2025;80.0
1715507;Acesso_SCM;2025;29.0
1715705;Acesso_SCM;2025;537.0
1715754;Acesso_SCM;2025;1329.0
1716109;Acesso_SCM;2025;5173.0
1716208;Acesso_SCM;2025;1849.0
1716307;Acesso_SCM;2025;54.0
1716505;Acesso_SCM;2025;1452.0
1716604;Acesso_SCM;2025;1010.0
1716653;Acesso_SCM;2025;256.0
1716703;Acesso_SCM;2025;588.0
1717008;Acesso_SCM;2025;339.0
1717206;Acesso_SCM;2025;120.0
1717503;Acesso_SCM;2025;525.0
1717800;Acesso_SCM;2025;134.0
1717909;Acesso_SCM;2025;1162.0
1718006;Acesso_SCM;2025;57.0
1718204;Acesso_SCM;2025;10739.0
1718303;Acesso_SCM;2025;36.0
1718402;Acesso_SCM;2025;682.0
1718451;Acesso_SCM;2025;200.0
1718501;Acesso_SCM;2025;179.0
1718550;Acesso_SCM;2025;202.0
1718659;Acesso_SCM;2025;48.0
1718709;Acesso_SCM;2025;132.0
1718758;Acesso_SCM;2025;566.0
1718808;Acesso_SCM;2025;25.0
1718840;Acesso_SCM;2025;108.0
1718865;Acesso_SCM;2025;455.0
1718881;Acesso_SCM;2025;185.0
1718899;Acesso_SCM;2025;156.0
1718907;Acesso_SCM;2025;822.0
1719004;Acesso_SCM;2025;396.0
1720002;Acesso_SCM;2025;63.0
1720101;Acesso_SCM;2025;462.0
1720150;Acesso_SCM;2025;85.0
1720200;Acesso_SCM;2025;1082.0
1720259;Acesso_SCM;2025;97.0
1720309;Acesso_SCM;2025;3070.0
1720499;Acesso_SCM;2025;174.0
1720655;Acesso_SCM;2025;628.0
1720804;Acesso_SCM;2025;662.0
1720853;Acesso_SCM;2025;61.0
1720903;Acesso_SCM;2025;639.0
1720937;Acesso_SCM;2025;113.0
1720978;Acesso_SCM;2025;179.0
1721000;Acesso_SCM;2025;116926.0
1721109;Acesso_SCM;2025;416.0
1721208;Acesso_SCM;2025;2775.0
1721257;Acesso_SCM;2025;178.0
1721307;Acesso_SCM;2025;414.0
1722081;Acesso_SCM;2025;844.0
1722107;Acesso_SCM;2025;728.0
2100055;Acesso_SCM;2025;33922.0
2100105;Acesso_SCM;2025;114.0
2100154;Acesso_SCM;2025;561.0
2100204;Acesso_SCM;2025;925.0
2100303;Acesso_SCM;2025;837.0
2100402;Acesso_SCM;2025;1285.0
2100436;Acesso_SCM;2025;3836.0
2100477;Acesso_SCM;2025;2516.0
2100501;Acesso_SCM;2025;664.0
2100550;Acesso_SCM;2025;21.0
2100600;Acesso_SCM;2025;3553.0
2100709;Acesso_SCM;2025;41.0
2100808;Acesso_SCM;2025;1061.0
2100832;Acesso_SCM;2025;693.0
2100873;Acesso_SCM;2025;468.0
2100907;Acesso_SCM;2025;4158.0
2100956;Acesso_SCM;2025;3691.0
2101004;Acesso_SCM;2025;2364.0
2101103;Acesso_SCM;2025;1122.0
2101202;Acesso_SCM;2025;8890.0
2101251;Acesso_SCM;2025;1160.0
2101301;Acesso_SCM;2025;70.0
2101350;Acesso_SCM;2025;92.0
2101400;Acesso_SCM;2025;21277.0
2101509;Acesso_SCM;2025;1946.0
2101608;Acesso_SCM;2025;10993.0
2101707;Acesso_SCM;2025;7343.0
2101731;Acesso_SCM;2025;257.0
2101772;Acesso_SCM;2025;1362.0
2101806;Acesso_SCM;2025;726.0
2101905;Acesso_SCM;2025;665.0
2101939;Acesso_SCM;2025;842.0
2101970;Acesso_SCM;2025;36.0
2102002;Acesso_SCM;2025;3765.0
2102036;Acesso_SCM;2025;2852.0
2102077;Acesso_SCM;2025;23.0
2102101;Acesso_SCM;2025;478.0
2102150;Acesso_SCM;2025;575.0
2102200;Acesso_SCM;2025;89.0
2102309;Acesso_SCM;2025;413.0
2102325;Acesso_SCM;2025;12208.0
2102358;Acesso_SCM;2025;737.0
2102374;Acesso_SCM;2025;276.0
2102408;Acesso_SCM;2025;919.0
2102507;Acesso_SCM;2025;601.0
2102556;Acesso_SCM;2025;3236.0
2102606;Acesso_SCM;2025;1382.0
2102705;Acesso_SCM;2025;2784.0
2102754;Acesso_SCM;2025;49.0
2102804;Acesso_SCM;2025;3476.0
2102903;Acesso_SCM;2025;77.0
2103000;Acesso_SCM;2025;28708.0
2103109;Acesso_SCM;2025;1241.0
2103125;Acesso_SCM;2025;85.0
2103158;Acesso_SCM;2025;1094.0
2103174;Acesso_SCM;2025;261.0
2103208;Acesso_SCM;2025;8671.0
2103257;Acesso_SCM;2025;1896.0
2103307;Acesso_SCM;2025;8197.0
2103406;Acesso_SCM;2025;4795.0
2103505;Acesso_SCM;2025;5159.0
2103554;Acesso_SCM;2025;74.0
2103604;Acesso_SCM;2025;4518.0
2103703;Acesso_SCM;2025;2044.0
2103752;Acesso_SCM;2025;734.0
2103802;Acesso_SCM;2025;662.0
2103901;Acesso_SCM;2025;5092.0
2104008;Acesso_SCM;2025;698.0
2104057;Acesso_SCM;2025;7649.0
2104073;Acesso_SCM;2025;959.0
2104081;Acesso_SCM;2025;178.0
2104099;Acesso_SCM;2025;1506.0
2104107;Acesso_SCM;2025;1446.0
2104206;Acesso_SCM;2025;117.0
2104305;Acesso_SCM;2025;68.0
2104404;Acesso_SCM;2025;37.0
2104503;Acesso_SCM;2025;33.0
2104552;Acesso_SCM;2025;2100.0
2104602;Acesso_SCM;2025;78.0
2104628;Acesso_SCM;2025;365.0
2104651;Acesso_SCM;2025;777.0
2104677;Acesso_SCM;2025;177.0
2104701;Acesso_SCM;2025;777.0
2104800;Acesso_SCM;2025;9017.0
2104909;Acesso_SCM;2025;769.0
2105005;Acesso_SCM;2025;3845.0
2105104;Acesso_SCM;2025;973.0
2105153;Acesso_SCM;2025;1805.0
2105203;Acesso_SCM;2025;524.0
2105302;Acesso_SCM;2025;70577.0
2105351;Acesso_SCM;2025;566.0
2105401;Acesso_SCM;2025;8739.0
2105427;Acesso_SCM;2025;2488.0
2105450;Acesso_SCM;2025;575.0
2105476;Acesso_SCM;2025;724.0
2105500;Acesso_SCM;2025;1058.0
2105609;Acesso_SCM;2025;582.0
2105658;Acesso_SCM;2025;32.0
2105708;Acesso_SCM;2025;3539.0
2105807;Acesso_SCM;2025;179.0
2105906;Acesso_SCM;2025;39.0
2105922;Acesso_SCM;2025;262.0
2105948;Acesso_SCM;2025;1112.0
2105963;Acesso_SCM;2025;625.0
2105989;Acesso_SCM;2025;853.0
2106003;Acesso_SCM;2025;684.0
2106102;Acesso_SCM;2025;2423.0
2106201;Acesso_SCM;2025;1040.0
2106300;Acesso_SCM;2025;437.0
2106326;Acesso_SCM;2025;83.0
2106359;Acesso_SCM;2025;48.0
2106375;Acesso_SCM;2025;340.0
2106409;Acesso_SCM;2025;838.0
2106508;Acesso_SCM;2025;1176.0
2106607;Acesso_SCM;2025;2147.0
2106631;Acesso_SCM;2025;880.0
2106672;Acesso_SCM;2025;31.0
2106706;Acesso_SCM;2025;668.0
2106755;Acesso_SCM;2025;1477.0
2106805;Acesso_SCM;2025;830.0
2106904;Acesso_SCM;2025;2874.0
2107001;Acesso_SCM;2025;467.0
2107100;Acesso_SCM;2025;3481.0
2107209;Acesso_SCM;2025;659.0
2107258;Acesso_SCM;2025;581.0
2107308;Acesso_SCM;2025;504.0
2107357;Acesso_SCM;2025;1898.0
2107407;Acesso_SCM;2025;1426.0
2107456;Acesso_SCM;2025;2022.0
2107506;Acesso_SCM;2025;25308.0
2107605;Acesso_SCM;2025;1824.0
2107704;Acesso_SCM;2025;2383.0
2107803;Acesso_SCM;2025;3202.0
2107902;Acesso_SCM;2025;1246.0
2108009;Acesso_SCM;2025;2741.0
2108058;Acesso_SCM;2025;1437.0
2108108;Acesso_SCM;2025;685.0
2108207;Acesso_SCM;2025;3915.0
2108256;Acesso_SCM;2025;646.0
2108306;Acesso_SCM;2025;699.0
2108405;Acesso_SCM;2025;274.0
2108454;Acesso_SCM;2025;1947.0
2108504;Acesso_SCM;2025;3476.0
2108603;Acesso_SCM;2025;4538.0
2108702;Acesso_SCM;2025;595.0
2108801;Acesso_SCM;2025;1835.0
2108900;Acesso_SCM;2025;2360.0
2109007;Acesso_SCM;2025;4762.0
2109056;Acesso_SCM;2025;1000.0
2109106;Acesso_SCM;2025;3574.0
2109205;Acesso_SCM;2025;124.0
2109239;Acesso_SCM;2025;940.0
2109270;Acesso_SCM;2025;214.0
2109304;Acesso_SCM;2025;86.0
2109403;Acesso_SCM;2025;1047.0
2109452;Acesso_SCM;2025;3872.0
2109502;Acesso_SCM;2025;4616.0
2109551;Acesso_SCM;2025;407.0
2109601;Acesso_SCM;2025;3118.0
2109700;Acesso_SCM;2025;514.0
2109759;Acesso_SCM;2025;57.0
2109809;Acesso_SCM;2025;903.0
2109908;Acesso_SCM;2025;21244.0
2110005;Acesso_SCM;2025;5739.0
2110039;Acesso_SCM;2025;663.0
2110104;Acesso_SCM;2025;1038.0
2110203;Acesso_SCM;2025;5559.0
2110237;Acesso_SCM;2025;119.0
2110278;Acesso_SCM;2025;1165.0
2110302;Acesso_SCM;2025;141.0
2110401;Acesso_SCM;2025;1865.0
2110500;Acesso_SCM;2025;1551.0
2110609;Acesso_SCM;2025;1840.0
2110658;Acesso_SCM;2025;717.0
2110708;Acesso_SCM;2025;966.0
2110807;Acesso_SCM;2025;474.0
2110856;Acesso_SCM;2025;1481.0
2110906;Acesso_SCM;2025;1083.0
2111003;Acesso_SCM;2025;1022.0
2111029;Acesso_SCM;2025;891.0
2111052;Acesso_SCM;2025;1823.0
2111078;Acesso_SCM;2025;963.0
2111102;Acesso_SCM;2025;6614.0
2111201;Acesso_SCM;2025;42824.0
2111250;Acesso_SCM;2025;28.0
2111300;Acesso_SCM;2025;260178.0
2111409;Acesso_SCM;2025;1702.0
2111508;Acesso_SCM;2025;7030.0
2111532;Acesso_SCM;2025;655.0
2111573;Acesso_SCM;2025;949.0
2111607;Acesso_SCM;2025;3029.0
2111631;Acesso_SCM;2025;186.0
2111672;Acesso_SCM;2025;250.0
2111706;Acesso_SCM;2025;2645.0
2111722;Acesso_SCM;2025;29.0
2111748;Acesso_SCM;2025;636.0
2111763;Acesso_SCM;2025;1330.0
2111789;Acesso_SCM;2025;124.0
2111805;Acesso_SCM;2025;1599.0
2111904;Acesso_SCM;2025;507.0
2111953;Acesso_SCM;2025;1169.0
2112001;Acesso_SCM;2025;625.0
2112100;Acesso_SCM;2025;2459.0
2112209;Acesso_SCM;2025;30772.0
2112233;Acesso_SCM;2025;2037.0
2112274;Acesso_SCM;2025;774.0
2112308;Acesso_SCM;2025;1404.0
2112407;Acesso_SCM;2025;122.0
2112456;Acesso_SCM;2025;501.0
2112506;Acesso_SCM;2025;3098.0
2112605;Acesso_SCM;2025;2121.0
2112704;Acesso_SCM;2025;3565.0
2112803;Acesso_SCM;2025;8899.0
2112852;Acesso_SCM;2025;1317.0
2112902;Acesso_SCM;2025;4434.0
2113009;Acesso_SCM;2025;4825.0
2114007;Acesso_SCM;2025;3665.0
2200053;Acesso_SCM;2025;866.0
2200103;Acesso_SCM;2025;663.0
2200202;Acesso_SCM;2025;2209.0
2200251;Acesso_SCM;2025;408.0
2200277;Acesso_SCM;2025;175.0
2200301;Acesso_SCM;2025;484.0
2200400;Acesso_SCM;2025;6804.0
2200459;Acesso_SCM;2025;315.0
2200509;Acesso_SCM;2025;2810.0
2200608;Acesso_SCM;2025;486.0
2200707;Acesso_SCM;2025;641.0
2200806;Acesso_SCM;2025;499.0
2200905;Acesso_SCM;2025;515.0
2200954;Acesso_SCM;2025;28.0
2201002;Acesso_SCM;2025;609.0
2201051;Acesso_SCM;2025;298.0
2201101;Acesso_SCM;2025;30.0
2201150;Acesso_SCM;2025;1069.0
2201176;Acesso_SCM;2025;78.0
2201200;Acesso_SCM;2025;3072.0
2201309;Acesso_SCM;2025;192.0
2201408;Acesso_SCM;2025;484.0
2201507;Acesso_SCM;2025;1471.0
2201556;Acesso_SCM;2025;424.0
2201572;Acesso_SCM;2025;23.0
2201606;Acesso_SCM;2025;474.0
2201705;Acesso_SCM;2025;434.0
2201739;Acesso_SCM;2025;1125.0
2201770;Acesso_SCM;2025;183.0
2201804;Acesso_SCM;2025;583.0
2201903;Acesso_SCM;2025;9107.0
2201919;Acesso_SCM;2025;196.0
2201929;Acesso_SCM;2025;769.0
2201945;Acesso_SCM;2025;12.0
2201960;Acesso_SCM;2025;1019.0
2201988;Acesso_SCM;2025;280.0
2202000;Acesso_SCM;2025;2926.0
2202026;Acesso_SCM;2025;281.0
2202059;Acesso_SCM;2025;530.0
2202075;Acesso_SCM;2025;383.0
2202083;Acesso_SCM;2025;1672.0
2202091;Acesso_SCM;2025;23.0
2202109;Acesso_SCM;2025;364.0
2202117;Acesso_SCM;2025;593.0
2202133;Acesso_SCM;2025;303.0
2202174;Acesso_SCM;2025;937.0
2202208;Acesso_SCM;2025;5954.0
2202251;Acesso_SCM;2025;562.0
2202307;Acesso_SCM;2025;2631.0
2202406;Acesso_SCM;2025;1083.0
2202455;Acesso_SCM;2025;192.0
2202505;Acesso_SCM;2025;779.0
2202539;Acesso_SCM;2025;261.0
2202554;Acesso_SCM;2025;238.0
2202604;Acesso_SCM;2025;1344.0
2202653;Acesso_SCM;2025;315.0
2202703;Acesso_SCM;2025;3943.0
2202711;Acesso_SCM;2025;26.0
2202729;Acesso_SCM;2025;615.0
2202737;Acesso_SCM;2025;234.0
2202752;Acesso_SCM;2025;489.0
2202778;Acesso_SCM;2025;1139.0
2202802;Acesso_SCM;2025;558.0
2202851;Acesso_SCM;2025;754.0
2202901;Acesso_SCM;2025;1204.0
2203008;Acesso_SCM;2025;182.0
2203107;Acesso_SCM;2025;2241.0
2203206;Acesso_SCM;2025;91.0
2203230;Acesso_SCM;2025;593.0
2203255;Acesso_SCM;2025;193.0
2203271;Acesso_SCM;2025;205.0
2203305;Acesso_SCM;2025;2570.0
2203354;Acesso_SCM;2025;1584.0
2203404;Acesso_SCM;2025;1385.0
2203420;Acesso_SCM;2025;232.0
2203453;Acesso_SCM;2025;1393.0
2203503;Acesso_SCM;2025;1885.0
2203602;Acesso_SCM;2025;263.0
2203701;Acesso_SCM;2025;4779.0
2203750;Acesso_SCM;2025;774.0
2203800;Acesso_SCM;2025;188.0
2203859;Acesso_SCM;2025;361.0
2203909;Acesso_SCM;2025;19061.0
2204006;Acesso_SCM;2025;389.0
2204105;Acesso_SCM;2025;28.0
2204154;Acesso_SCM;2025;34.0
2204204;Acesso_SCM;2025;1317.0
2204303;Acesso_SCM;2025;1358.0
2204352;Acesso_SCM;2025;910.0
2204402;Acesso_SCM;2025;622.0
2204501;Acesso_SCM;2025;2411.0
2204550;Acesso_SCM;2025;157.0
2204600;Acesso_SCM;2025;507.0
2204659;Acesso_SCM;2025;1869.0
2204709;Acesso_SCM;2025;1541.0
2204808;Acesso_SCM;2025;1257.0
2204907;Acesso_SCM;2025;381.0
2205003;Acesso_SCM;2025;834.0
2205102;Acesso_SCM;2025;873.0
2205151;Acesso_SCM;2025;1043.0
2205201;Acesso_SCM;2025;1082.0
2205250;Acesso_SCM;2025;471.0
2205276;Acesso_SCM;2025;153.0
2205300;Acesso_SCM;2025;46.0
2205359;Acesso_SCM;2025;321.0
2205409;Acesso_SCM;2025;324.0
2205458;Acesso_SCM;2025;106.0
2205508;Acesso_SCM;2025;4711.0
2205516;Acesso_SCM;2025;468.0
2205524;Acesso_SCM;2025;61.0
2205532;Acesso_SCM;2025;189.0
2205540;Acesso_SCM;2025;169.0
2205557;Acesso_SCM;2025;495.0
2205565;Acesso_SCM;2025;563.0
2205573;Acesso_SCM;2025;280.0
2205581;Acesso_SCM;2025;486.0
2205599;Acesso_SCM;2025;196.0
2205607;Acesso_SCM;2025;614.0
2205706;Acesso_SCM;2025;5044.0
2205805;Acesso_SCM;2025;1291.0
2205854;Acesso_SCM;2025;26.0
2205904;Acesso_SCM;2025;441.0
2205953;Acesso_SCM;2025;1188.0
2206001;Acesso_SCM;2025;821.0
2206050;Acesso_SCM;2025;453.0
2206100;Acesso_SCM;2025;1311.0
2206209;Acesso_SCM;2025;1654.0
2206308;Acesso_SCM;2025;62.0
2206357;Acesso_SCM;2025;80.0
2206407;Acesso_SCM;2025;1200.0
2206506;Acesso_SCM;2025;274.0
2206605;Acesso_SCM;2025;390.0
2206654;Acesso_SCM;2025;21.0
2206670;Acesso_SCM;2025;71.0
2206696;Acesso_SCM;2025;90.0
2206704;Acesso_SCM;2025;991.0
2206720;Acesso_SCM;2025;353.0
2206753;Acesso_SCM;2025;108.0
2206803;Acesso_SCM;2025;1034.0
2206902;Acesso_SCM;2025;254.0
2206951;Acesso_SCM;2025;103.0
2207009;Acesso_SCM;2025;10199.0
2207108;Acesso_SCM;2025;92.0
2207207;Acesso_SCM;2025;36.0
2207306;Acesso_SCM;2025;353.0
2207355;Acesso_SCM;2025;139.0
2207405;Acesso_SCM;2025;747.0
2207504;Acesso_SCM;2025;557.0
2207553;Acesso_SCM;2025;876.0
2207603;Acesso_SCM;2025;203.0
2207702;Acesso_SCM;2025;42812.0
2207751;Acesso_SCM;2025;326.0
2207777;Acesso_SCM;2025;598.0
2207793;Acesso_SCM;2025;192.0
2207801;Acesso_SCM;2025;2259.0
2207850;Acesso_SCM;2025;522.0
2207900;Acesso_SCM;2025;6006.0
2207934;Acesso_SCM;2025;317.0
2207959;Acesso_SCM;2025;176.0
2208007;Acesso_SCM;2025;25474.0
2208106;Acesso_SCM;2025;1285.0
2208205;Acesso_SCM;2025;1777.0
2208304;Acesso_SCM;2025;2125.0
2208403;Acesso_SCM;2025;13572.0
2208502;Acesso_SCM;2025;1283.0
2208551;Acesso_SCM;2025;312.0
2208601;Acesso_SCM;2025;259.0
2208650;Acesso_SCM;2025;675.0
2208700;Acesso_SCM;2025;725.0
2208809;Acesso_SCM;2025;3234.0
2208858;Acesso_SCM;2025;192.0
2208874;Acesso_SCM;2025;482.0
2208908;Acesso_SCM;2025;278.0
2209005;Acesso_SCM;2025;167.0
2209104;Acesso_SCM;2025;1146.0
2209153;Acesso_SCM;2025;145.0
2209203;Acesso_SCM;2025;297.0
2209302;Acesso_SCM;2025;1126.0
2209351;Acesso_SCM;2025;691.0
2209377;Acesso_SCM;2025;867.0
2209401;Acesso_SCM;2025;292.0
2209450;Acesso_SCM;2025;227.0
2209500;Acesso_SCM;2025;645.0
2209559;Acesso_SCM;2025;600.0
2209609;Acesso_SCM;2025;127.0
2209658;Acesso_SCM;2025;383.0
2209708;Acesso_SCM;2025;930.0
2209757;Acesso_SCM;2025;65.0
2209807;Acesso_SCM;2025;746.0
2209856;Acesso_SCM;2025;164.0
2209872;Acesso_SCM;2025;372.0
2209906;Acesso_SCM;2025;63.0
2209955;Acesso_SCM;2025;586.0
2209971;Acesso_SCM;2025;69.0
2210003;Acesso_SCM;2025;3290.0
2210052;Acesso_SCM;2025;19.0
2210102;Acesso_SCM;2025;285.0
2210201;Acesso_SCM;2025;156.0
2210300;Acesso_SCM;2025;1048.0
2210359;Acesso_SCM;2025;451.0
2210375;Acesso_SCM;2025;139.0
2210383;Acesso_SCM;2025;184.0
2210391;Acesso_SCM;2025;172.0
2210409;Acesso_SCM;2025;320.0
2210508;Acesso_SCM;2025;2092.0
2210607;Acesso_SCM;2025;8284.0
2210623;Acesso_SCM;2025;157.0
2210631;Acesso_SCM;2025;297.0
2210656;Acesso_SCM;2025;591.0
2210706;Acesso_SCM;2025;858.0
2210805;Acesso_SCM;2025;2068.0
2210904;Acesso_SCM;2025;271.0
2210938;Acesso_SCM;2025;1285.0
2210953;Acesso_SCM;2025;110.0
2210979;Acesso_SCM;2025;124.0
2211001;Acesso_SCM;2025;233660.0
2211100;Acesso_SCM;2025;6481.0
2211209;Acesso_SCM;2025;931.0
2211308;Acesso_SCM;2025;5752.0
2211357;Acesso_SCM;2025;453.0
2211407;Acesso_SCM;2025;152.0
2211506;Acesso_SCM;2025;211.0
2211605;Acesso_SCM;2025;335.0
2211704;Acesso_SCM;2025;225.0
2300101;Acesso_SCM;2025;537.0
2300150;Acesso_SCM;2025;2545.0
2300200;Acesso_SCM;2025;17512.0
2300309;Acesso_SCM;2025;8014.0
2300408;Acesso_SCM;2025;760.0
2300507;Acesso_SCM;2025;3143.0
2300606;Acesso_SCM;2025;1312.0
2300705;Acesso_SCM;2025;75.0
2300754;Acesso_SCM;2025;6759.0
2300804;Acesso_SCM;2025;1864.0
2300903;Acesso_SCM;2025;132.0
2301000;Acesso_SCM;2025;24495.0
2301109;Acesso_SCM;2025;22416.0
2301208;Acesso_SCM;2025;2735.0
2301257;Acesso_SCM;2025;2213.0
2301307;Acesso_SCM;2025;3070.0
2301406;Acesso_SCM;2025;1073.0
2301505;Acesso_SCM;2025;475.0
2301604;Acesso_SCM;2025;3593.0
2301703;Acesso_SCM;2025;3637.0
2301802;Acesso_SCM;2025;1186.0
2301851;Acesso_SCM;2025;1518.0
2301901;Acesso_SCM;2025;16786.0
2301950;Acesso_SCM;2025;301.0
2302008;Acesso_SCM;2025;1939.0
2302057;Acesso_SCM;2025;1131.0
2302107;Acesso_SCM;2025;4299.0
2302206;Acesso_SCM;2025;13175.0
2302305;Acesso_SCM;2025;5130.0
2302404;Acesso_SCM;2025;6336.0
2302503;Acesso_SCM;2025;12533.0
2302602;Acesso_SCM;2025;14767.0
2302701;Acesso_SCM;2025;2432.0
2302800;Acesso_SCM;2025;9893.0
2302909;Acesso_SCM;2025;801.0
2303006;Acesso_SCM;2025;595.0
2303105;Acesso_SCM;2025;1834.0
2303204;Acesso_SCM;2025;3035.0
2303303;Acesso_SCM;2025;1803.0
2303402;Acesso_SCM;2025;3043.0
2303501;Acesso_SCM;2025;15241.0
2303600;Acesso_SCM;2025;1241.0
2303659;Acesso_SCM;2025;2108.0
2303709;Acesso_SCM;2025;73334.0
2303808;Acesso_SCM;2025;3996.0
2303907;Acesso_SCM;2025;1283.0
2303931;Acesso_SCM;2025;1303.0
2303956;Acesso_SCM;2025;3705.0
2304004;Acesso_SCM;2025;1948.0
2304103;Acesso_SCM;2025;16250.0
2304202;Acesso_SCM;2025;37639.0
2304236;Acesso_SCM;2025;1626.0
2304251;Acesso_SCM;2025;8961.0
2304269;Acesso_SCM;2025;1168.0
2304277;Acesso_SCM;2025;438.0
2304285;Acesso_SCM;2025;30355.0
2304301;Acesso_SCM;2025;3858.0
2304350;Acesso_SCM;2025;1192.0
2304400;Acesso_SCM;2025;711883.0
2304459;Acesso_SCM;2025;5607.0
2304509;Acesso_SCM;2025;2520.0
2304608;Acesso_SCM;2025;194.0
2304657;Acesso_SCM;2025;1328.0
2304707;Acesso_SCM;2025;1849.0
2304806;Acesso_SCM;2025;24.0
2304905;Acesso_SCM;2025;1037.0
2304954;Acesso_SCM;2025;5204.0
2305001;Acesso_SCM;2025;8693.0
2305100;Acesso_SCM;2025;2203.0
2305209;Acesso_SCM;2025;3700.0
2305233;Acesso_SCM;2025;16512.0
2305266;Acesso_SCM;2025;977.0
2305308;Acesso_SCM;2025;4491.0
2305332;Acesso_SCM;2025;174.0
2305357;Acesso_SCM;2025;6166.0
2305407;Acesso_SCM;2025;10484.0
2305506;Acesso_SCM;2025;24890.0
2305605;Acesso_SCM;2025;5334.0
2305654;Acesso_SCM;2025;1895.0
2305704;Acesso_SCM;2025;1728.0
2305803;Acesso_SCM;2025;5584.0
2305902;Acesso_SCM;2025;5641.0
2306009;Acesso_SCM;2025;2542.0
2306108;Acesso_SCM;2025;2090.0
2306207;Acesso_SCM;2025;2681.0
2306256;Acesso_SCM;2025;13988.0
2306306;Acesso_SCM;2025;6741.0
2306405;Acesso_SCM;2025;18857.0
2306504;Acesso_SCM;2025;1195.0
2306553;Acesso_SCM;2025;11110.0
2306603;Acesso_SCM;2025;1901.0
2306702;Acesso_SCM;2025;1801.0
2306801;Acesso_SCM;2025;1593.0
2306900;Acesso_SCM;2025;6932.0
2307007;Acesso_SCM;2025;3169.0
2307106;Acesso_SCM;2025;7540.0
2307205;Acesso_SCM;2025;912.0
2307254;Acesso_SCM;2025;11790.0
2307304;Acesso_SCM;2025;85802.0
2307403;Acesso_SCM;2025;2010.0
2307502;Acesso_SCM;2025;3113.0
2307601;Acesso_SCM;2025;14855.0
2307635;Acesso_SCM;2025;1856.0
2307650;Acesso_SCM;2025;50583.0
2307700;Acesso_SCM;2025;13961.0
2307809;Acesso_SCM;2025;9135.0
2307908;Acesso_SCM;2025;955.0
2308005;Acesso_SCM;2025;7190.0
2308104;Acesso_SCM;2025;5067.0
2308203;Acesso_SCM;2025;2637.0
2308302;Acesso_SCM;2025;3687.0
2308351;Acesso_SCM;2025;1499.0
2308377;Acesso_SCM;2025;1049.0
2308401;Acesso_SCM;2025;4826.0
2308500;Acesso_SCM;2025;4985.0
2308609;Acesso_SCM;2025;2017.0
2308708;Acesso_SCM;2025;10622.0
2308807;Acesso_SCM;2025;747.0
2308906;Acesso_SCM;2025;4988.0
2309003;Acesso_SCM;2025;887.0
2309102;Acesso_SCM;2025;171.0
2309201;Acesso_SCM;2025;2446.0
2309300;Acesso_SCM;2025;9006.0
2309409;Acesso_SCM;2025;3779.0
2309458;Acesso_SCM;2025;1814.0
2309508;Acesso_SCM;2025;4579.0
2309607;Acesso_SCM;2025;15731.0
2309706;Acesso_SCM;2025;11279.0
2309805;Acesso_SCM;2025;2527.0
2309904;Acesso_SCM;2025;398.0
2310001;Acesso_SCM;2025;1450.0
2310100;Acesso_SCM;2025;1214.0
2310209;Acesso_SCM;2025;9240.0
2310258;Acesso_SCM;2025;5165.0
2310308;Acesso_SCM;2025;881.0
2310407;Acesso_SCM;2025;272.0
2310506;Acesso_SCM;2025;7769.0
2310605;Acesso_SCM;2025;1934.0
2310704;Acesso_SCM;2025;4355.0
2310803;Acesso_SCM;2025;3404.0
2310852;Acesso_SCM;2025;4673.0
2310902;Acesso_SCM;2025;2504.0
2310951;Acesso_SCM;2025;601.0
2311009;Acesso_SCM;2025;1677.0
2311108;Acesso_SCM;2025;1541.0
2311207;Acesso_SCM;2025;2042.0
2311231;Acesso_SCM;2025;24.0
2311264;Acesso_SCM;2025;1506.0
2311306;Acesso_SCM;2025;20906.0
2311355;Acesso_SCM;2025;1414.0
2311405;Acesso_SCM;2025;21951.0
2311504;Acesso_SCM;2025;4305.0
2311603;Acesso_SCM;2025;5106.0
2311702;Acesso_SCM;2025;1354.0
2311801;Acesso_SCM;2025;16315.0
2311900;Acesso_SCM;2025;1786.0
2311959;Acesso_SCM;2025;887.0
2312007;Acesso_SCM;2025;3018.0
2312106;Acesso_SCM;2025;2417.0
2312205;Acesso_SCM;2025;6832.0
2312304;Acesso_SCM;2025;4462.0
2312403;Acesso_SCM;2025;9869.0
2312502;Acesso_SCM;2025;19.0
2312601;Acesso_SCM;2025;1797.0
2312700;Acesso_SCM;2025;4343.0
2312809;Acesso_SCM;2025;742.0
2312908;Acesso_SCM;2025;47931.0
2313005;Acesso_SCM;2025;3455.0
2313104;Acesso_SCM;2025;5218.0
2313203;Acesso_SCM;2025;4800.0
2313252;Acesso_SCM;2025;910.0
2313302;Acesso_SCM;2025;12533.0
2313351;Acesso_SCM;2025;2006.0
2313401;Acesso_SCM;2025;13607.0
2313500;Acesso_SCM;2025;3755.0
2313559;Acesso_SCM;2025;1195.0
2313609;Acesso_SCM;2025;6883.0
2313708;Acesso_SCM;2025;803.0
2313757;Acesso_SCM;2025;1050.0
2313807;Acesso_SCM;2025;1188.0
2313906;Acesso_SCM;2025;1562.0
2313955;Acesso_SCM;2025;3568.0
2314003;Acesso_SCM;2025;7974.0
2314102;Acesso_SCM;2025;5724.0
2400109;Acesso_SCM;2025;2359.0
2400208;Acesso_SCM;2025;14721.0
2400307;Acesso_SCM;2025;446.0
2400406;Acesso_SCM;2025;468.0
2400505;Acesso_SCM;2025;517.0
2400604;Acesso_SCM;2025;511.0
2400703;Acesso_SCM;2025;4160.0
2400802;Acesso_SCM;2025;1879.0
2400901;Acesso_SCM;2025;222.0
2401008;Acesso_SCM;2025;6594.0
2401107;Acesso_SCM;2025;4724.0
2401206;Acesso_SCM;2025;1395.0
2401305;Acesso_SCM;2025;1431.0
2401404;Acesso_SCM;2025;227.0
2401453;Acesso_SCM;2025;7669.0
2401503;Acesso_SCM;2025;565.0
2401602;Acesso_SCM;2025;482.0
2401651;Acesso_SCM;2025;588.0
2401701;Acesso_SCM;2025;1770.0
2401800;Acesso_SCM;2025;1593.0
2401859;Acesso_SCM;2025;1051.0
2401909;Acesso_SCM;2025;142.0
2402006;Acesso_SCM;2025;19223.0
2402105;Acesso_SCM;2025;2389.0
2402204;Acesso_SCM;2025;5725.0
2402303;Acesso_SCM;2025;3119.0
2402402;Acesso_SCM;2025;2098.0
2402501;Acesso_SCM;2025;2412.0
2402600;Acesso_SCM;2025;17376.0
2402709;Acesso_SCM;2025;2415.0
2402808;Acesso_SCM;2025;1679.0
2402907;Acesso_SCM;2025;910.0
2403004;Acesso_SCM;2025;1636.0
2403103;Acesso_SCM;2025;13520.0
2403202;Acesso_SCM;2025;1005.0
2403251;Acesso_SCM;2025;101434.0
2403301;Acesso_SCM;2025;1501.0
2403400;Acesso_SCM;2025;1397.0
2403509;Acesso_SCM;2025;591.0
2403608;Acesso_SCM;2025;22215.0
2403707;Acesso_SCM;2025;3992.0
2403756;Acesso_SCM;2025;406.0
2403806;Acesso_SCM;2025;2465.0
2403905;Acesso_SCM;2025;587.0
2404002;Acesso_SCM;2025;574.0
2404101;Acesso_SCM;2025;637.0
2404200;Acesso_SCM;2025;8211.0
2404309;Acesso_SCM;2025;2762.0
2404408;Acesso_SCM;2025;850.0
2404507;Acesso_SCM;2025;4604.0
2404606;Acesso_SCM;2025;954.0
2404705;Acesso_SCM;2025;1371.0
2404804;Acesso_SCM;2025;224.0
2404853;Acesso_SCM;2025;478.0
2404903;Acesso_SCM;2025;540.0
2405009;Acesso_SCM;2025;1461.0
2405108;Acesso_SCM;2025;1864.0
2405207;Acesso_SCM;2025;877.0
2405306;Acesso_SCM;2025;582.0
2405405;Acesso_SCM;2025;1010.0
2405504;Acesso_SCM;2025;20.0
2405603;Acesso_SCM;2025;1964.0
2405702;Acesso_SCM;2025;2577.0
2405801;Acesso_SCM;2025;8516.0
2405900;Acesso_SCM;2025;108.0
2406007;Acesso_SCM;2025;1413.0
2406106;Acesso_SCM;2025;4701.0
2406155;Acesso_SCM;2025;2039.0
2406205;Acesso_SCM;2025;1357.0
2406304;Acesso_SCM;2025;574.0
2406403;Acesso_SCM;2025;451.0
2406502;Acesso_SCM;2025;4761.0
2406601;Acesso_SCM;2025;418.0
2406700;Acesso_SCM;2025;1458.0
2406809;Acesso_SCM;2025;1174.0
2406908;Acesso_SCM;2025;479.0
2407005;Acesso_SCM;2025;1627.0
2407104;Acesso_SCM;2025;12238.0
2407203;Acesso_SCM;2025;7949.0
2407252;Acesso_SCM;2025;867.0
2407302;Acesso_SCM;2025;347.0
2407401;Acesso_SCM;2025;1235.0
2407500;Acesso_SCM;2025;1904.0
2407609;Acesso_SCM;2025;502.0
2407708;Acesso_SCM;2025;870.0
2407807;Acesso_SCM;2025;1981.0
2407906;Acesso_SCM;2025;508.0
2408003;Acesso_SCM;2025;80774.0
2408102;Acesso_SCM;2025;256462.0
2408201;Acesso_SCM;2025;9900.0
2408300;Acesso_SCM;2025;8045.0
2408409;Acesso_SCM;2025;460.0
2408508;Acesso_SCM;2025;626.0
2408607;Acesso_SCM;2025;154.0
2408706;Acesso_SCM;2025;681.0
2408805;Acesso_SCM;2025;873.0
2408904;Acesso_SCM;2025;5733.0
2408953;Acesso_SCM;2025;3836.0
2409100;Acesso_SCM;2025;2863.0
2409209;Acesso_SCM;2025;2361.0
2409308;Acesso_SCM;2025;1314.0
2409332;Acesso_SCM;2025;777.0
2409407;Acesso_SCM;2025;9080.0
2409506;Acesso_SCM;2025;588.0
2409605;Acesso_SCM;2025;277.0
2409704;Acesso_SCM;2025;293.0
2409803;Acesso_SCM;2025;239.0
2409902;Acesso_SCM;2025;4092.0
2410009;Acesso_SCM;2025;247.0
2410108;Acesso_SCM;2025;1371.0
2410207;Acesso_SCM;2025;897.0
2410256;Acesso_SCM;2025;619.0
2410306;Acesso_SCM;2025;2162.0
2410405;Acesso_SCM;2025;1140.0
2410504;Acesso_SCM;2025;1038.0
2410603;Acesso_SCM;2025;273.0
2410702;Acesso_SCM;2025;440.0
2410801;Acesso_SCM;2025;239.0
2410900;Acesso_SCM;2025;682.0
2411007;Acesso_SCM;2025;863.0
2411056;Acesso_SCM;2025;1195.0
2411106;Acesso_SCM;2025;630.0
2411205;Acesso_SCM;2025;9391.0
2411403;Acesso_SCM;2025;1863.0
2411429;Acesso_SCM;2025;730.0
2411502;Acesso_SCM;2025;4535.0
2411601;Acesso_SCM;2025;746.0
2411700;Acesso_SCM;2025;376.0
2411809;Acesso_SCM;2025;920.0
2411908;Acesso_SCM;2025;766.0
2412005;Acesso_SCM;2025;29032.0
2412104;Acesso_SCM;2025;1312.0
2412203;Acesso_SCM;2025;11179.0
2412302;Acesso_SCM;2025;944.0
2412401;Acesso_SCM;2025;1358.0
2412500;Acesso_SCM;2025;6011.0
2412559;Acesso_SCM;2025;3220.0
2412609;Acesso_SCM;2025;4444.0
2412708;Acesso_SCM;2025;202.0
2412807;Acesso_SCM;2025;1427.0
2412906;Acesso_SCM;2025;509.0
2413003;Acesso_SCM;2025;1771.0
2413102;Acesso_SCM;2025;763.0
2413201;Acesso_SCM;2025;427.0
2413300;Acesso_SCM;2025;706.0
2413359;Acesso_SCM;2025;1671.0
2413409;Acesso_SCM;2025;552.0
2413508;Acesso_SCM;2025;494.0
2413557;Acesso_SCM;2025;184.0
2413607;Acesso_SCM;2025;690.0
2413706;Acesso_SCM;2025;943.0
2413805;Acesso_SCM;2025;509.0
2413904;Acesso_SCM;2025;1223.0
2414001;Acesso_SCM;2025;1215.0
2414100;Acesso_SCM;2025;858.0
2414159;Acesso_SCM;2025;2199.0
2414209;Acesso_SCM;2025;5893.0
2414308;Acesso_SCM;2025;443.0
2414407;Acesso_SCM;2025;8481.0
2414456;Acesso_SCM;2025;461.0
2414506;Acesso_SCM;2025;1864.0
2414605;Acesso_SCM;2025;2744.0
2414704;Acesso_SCM;2025;1073.0
2414753;Acesso_SCM;2025;244.0
2414803;Acesso_SCM;2025;983.0
2414902;Acesso_SCM;2025;336.0
2415008;Acesso_SCM;2025;268.0
2500106;Acesso_SCM;2025;746.0
2500205;Acesso_SCM;2025;28.0
2500304;Acesso_SCM;2025;1153.0
2500403;Acesso_SCM;2025;2268.0
2500502;Acesso_SCM;2025;621.0
2500536;Acesso_SCM;2025;1351.0
2500577;Acesso_SCM;2025;204.0
2500601;Acesso_SCM;2025;1903.0
2500700;Acesso_SCM;2025;4173.0
2500734;Acesso_SCM;2025;89.0
2500775;Acesso_SCM;2025;942.0
2500809;Acesso_SCM;2025;775.0
2500908;Acesso_SCM;2025;1157.0
2501005;Acesso_SCM;2025;2801.0
2501104;Acesso_SCM;2025;3001.0
2501153;Acesso_SCM;2025;13.0
2501203;Acesso_SCM;2025;1465.0
2501302;Acesso_SCM;2025;2154.0
2501351;Acesso_SCM;2025;336.0
2501401;Acesso_SCM;2025;910.0
2501500;Acesso_SCM;2025;3530.0
2501534;Acesso_SCM;2025;1020.0
2501575;Acesso_SCM;2025;1353.0
2501609;Acesso_SCM;2025;1768.0
2501708;Acesso_SCM;2025;75.0
2501807;Acesso_SCM;2025;13481.0
2501906;Acesso_SCM;2025;61.0
2502003;Acesso_SCM;2025;429.0
2502052;Acesso_SCM;2025;450.0
2502102;Acesso_SCM;2025;612.0
2502151;Acesso_SCM;2025;1282.0
2502201;Acesso_SCM;2025;410.0
2502300;Acesso_SCM;2025;626.0
2502409;Acesso_SCM;2025;1130.0
2502508;Acesso_SCM;2025;202.0
2502607;Acesso_SCM;2025;871.0
2502706;Acesso_SCM;2025;21.0
2502805;Acesso_SCM;2025;256.0
2502904;Acesso_SCM;2025;697.0
2503001;Acesso_SCM;2025;3681.0
2503100;Acesso_SCM;2025;330.0
2503209;Acesso_SCM;2025;26688.0
2503308;Acesso_SCM;2025;747.0
2503407;Acesso_SCM;2025;10.0
2503506;Acesso_SCM;2025;334.0
2503555;Acesso_SCM;2025;31.0
2503605;Acesso_SCM;2025;21.0
2503704;Acesso_SCM;2025;17710.0
2503753;Acesso_SCM;2025;339.0
2503803;Acesso_SCM;2025;567.0
2503902;Acesso_SCM;2025;1356.0
2504009;Acesso_SCM;2025;114282.0
2504033;Acesso_SCM;2025;508.0
2504074;Acesso_SCM;2025;38.0
2504108;Acesso_SCM;2025;732.0
2504157;Acesso_SCM;2025;580.0
2504207;Acesso_SCM;2025;547.0
2504306;Acesso_SCM;2025;5874.0
2504355;Acesso_SCM;2025;16.0
2504405;Acesso_SCM;2025;1440.0
2504504;Acesso_SCM;2025;1704.0
2504603;Acesso_SCM;2025;10106.0
2504702;Acesso_SCM;2025;317.0
2504801;Acesso_SCM;2025;809.0
2504850;Acesso_SCM;2025;11.0
2504900;Acesso_SCM;2025;3380.0
2505006;Acesso_SCM;2025;1676.0
2505105;Acesso_SCM;2025;4703.0
2505204;Acesso_SCM;2025;869.0
2505238;Acesso_SCM;2025;21.0
2505279;Acesso_SCM;2025;121.0
2505303;Acesso_SCM;2025;432.0
2505352;Acesso_SCM;2025;1096.0
2505402;Acesso_SCM;2025;165.0
2505501;Acesso_SCM;2025;178.0
2505600;Acesso_SCM;2025;679.0
2505709;Acesso_SCM;2025;30.0
2505808;Acesso_SCM;2025;20.0
2505907;Acesso_SCM;2025;241.0
2506004;Acesso_SCM;2025;5639.0
2506103;Acesso_SCM;2025;112.0
2506202;Acesso_SCM;2025;770.0
2506251;Acesso_SCM;2025;873.0
2506301;Acesso_SCM;2025;16557.0
2506400;Acesso_SCM;2025;695.0
2506509;Acesso_SCM;2025;592.0
2506608;Acesso_SCM;2025;19.0
2506707;Acesso_SCM;2025;330.0
2506806;Acesso_SCM;2025;2113.0
2506905;Acesso_SCM;2025;2593.0
2507002;Acesso_SCM;2025;4524.0
2507101;Acesso_SCM;2025;177.0
2507200;Acesso_SCM;2025;1218.0
2507309;Acesso_SCM;2025;814.0
2507408;Acesso_SCM;2025;537.0
2507507;Acesso_SCM;2025;292918.0
2507606;Acesso_SCM;2025;898.0
2507705;Acesso_SCM;2025;2987.0
2507804;Acesso_SCM;2025;1485.0
2507903;Acesso_SCM;2025;1366.0
2508000;Acesso_SCM;2025;565.0
2508109;Acesso_SCM;2025;178.0
2508208;Acesso_SCM;2025;391.0
2508307;Acesso_SCM;2025;2902.0
2508406;Acesso_SCM;2025;135.0
2508505;Acesso_SCM;2025;22.0
2508554;Acesso_SCM;2025;57.0
2508604;Acesso_SCM;2025;2081.0
2508703;Acesso_SCM;2025;19.0
2508802;Acesso_SCM;2025;327.0
2508901;Acesso_SCM;2025;9459.0
2509008;Acesso_SCM;2025;1557.0
2509057;Acesso_SCM;2025;88.0
2509107;Acesso_SCM;2025;1990.0
2509156;Acesso_SCM;2025;1475.0
2509206;Acesso_SCM;2025;1381.0
2509305;Acesso_SCM;2025;248.0
2509339;Acesso_SCM;2025;147.0
2509370;Acesso_SCM;2025;344.0
2509396;Acesso_SCM;2025;400.0
2509404;Acesso_SCM;2025;1584.0
2509503;Acesso_SCM;2025;876.0
2509602;Acesso_SCM;2025;974.0
2509701;Acesso_SCM;2025;4934.0
2509800;Acesso_SCM;2025;1052.0
2509909;Acesso_SCM;2025;665.0
2510006;Acesso_SCM;2025;529.0
2510105;Acesso_SCM;2025;2586.0
2510204;Acesso_SCM;2025;472.0
2510303;Acesso_SCM;2025;1008.0
2510402;Acesso_SCM;2025;346.0
2510501;Acesso_SCM;2025;693.0
2510600;Acesso_SCM;2025;62.0
2510659;Acesso_SCM;2025;12.0
2510709;Acesso_SCM;2025;16.0
2510808;Acesso_SCM;2025;32599.0
2510907;Acesso_SCM;2025;234.0
2511004;Acesso_SCM;2025;563.0
2511103;Acesso_SCM;2025;1200.0
2511202;Acesso_SCM;2025;2672.0
2511301;Acesso_SCM;2025;1454.0
2511400;Acesso_SCM;2025;3889.0
2511509;Acesso_SCM;2025;1316.0
2511608;Acesso_SCM;2025;913.0
2511707;Acesso_SCM;2025;89.0
2511806;Acesso_SCM;2025;802.0
2511905;Acesso_SCM;2025;3024.0
2512002;Acesso_SCM;2025;2503.0
2512036;Acesso_SCM;2025;312.0
2512077;Acesso_SCM;2025;1268.0
2512101;Acesso_SCM;2025;8414.0
2512200;Acesso_SCM;2025;633.0
2512309;Acesso_SCM;2025;3402.0
2512408;Acesso_SCM;2025;1250.0
2512507;Acesso_SCM;2025;3038.0
2512606;Acesso_SCM;2025;47.0
2512705;Acesso_SCM;2025;3847.0
2512721;Acesso_SCM;2025;216.0
2512747;Acesso_SCM;2025;797.0
2512754;Acesso_SCM;2025;244.0
2512762;Acesso_SCM;2025;358.0
2512788;Acesso_SCM;2025;606.0
2512804;Acesso_SCM;2025;472.0
2512903;Acesso_SCM;2025;5069.0
2513000;Acesso_SCM;2025;707.0
2513109;Acesso_SCM;2025;887.0
2513158;Acesso_SCM;2025;367.0
2513208;Acesso_SCM;2025;431.0
2513307;Acesso_SCM;2025;708.0
2513356;Acesso_SCM;2025;339.0
2513406;Acesso_SCM;2025;4176.0
2513505;Acesso_SCM;2025;83.0
2513604;Acesso_SCM;2025;491.0
2513653;Acesso_SCM;2025;749.0
2513703;Acesso_SCM;2025;25274.0
2513802;Acesso_SCM;2025;125.0
2513851;Acesso_SCM;2025;310.0
2513901;Acesso_SCM;2025;5272.0
2513927;Acesso_SCM;2025;474.0
2513943;Acesso_SCM;2025;14.0
2513968;Acesso_SCM;2025;10.0
2513984;Acesso_SCM;2025;332.0
2514008;Acesso_SCM;2025;334.0
2514107;Acesso_SCM;2025;197.0
2514206;Acesso_SCM;2025;459.0
2514305;Acesso_SCM;2025;804.0
2514404;Acesso_SCM;2025;445.0
2514453;Acesso_SCM;2025;218.0
2514503;Acesso_SCM;2025;2998.0
2514552;Acesso_SCM;2025;680.0
2514602;Acesso_SCM;2025;69.0
2514651;Acesso_SCM;2025;75.0
2514701;Acesso_SCM;2025;773.0
2514800;Acesso_SCM;2025;31.0
2514909;Acesso_SCM;2025;1518.0
2515005;Acesso_SCM;2025;854.0
2515104;Acesso_SCM;2025;408.0
2515203;Acesso_SCM;2025;435.0
2515302;Acesso_SCM;2025;3625.0
2515401;Acesso_SCM;2025;1737.0
2515500;Acesso_SCM;2025;2594.0
2515609;Acesso_SCM;2025;16.0
2515708;Acesso_SCM;2025;924.0
2515807;Acesso_SCM;2025;1091.0
2515906;Acesso_SCM;2025;66.0
2515930;Acesso_SCM;2025;233.0
2515971;Acesso_SCM;2025;399.0
2516003;Acesso_SCM;2025;4013.0
2516102;Acesso_SCM;2025;3293.0
2516151;Acesso_SCM;2025;770.0
2516201;Acesso_SCM;2025;11468.0
2516300;Acesso_SCM;2025;3856.0
2516409;Acesso_SCM;2025;466.0
2516508;Acesso_SCM;2025;2065.0
2516607;Acesso_SCM;2025;3619.0
2516706;Acesso_SCM;2025;1109.0
2516755;Acesso_SCM;2025;663.0
2516805;Acesso_SCM;2025;2075.0
2516904;Acesso_SCM;2025;2944.0
2517001;Acesso_SCM;2025;84.0
2517100;Acesso_SCM;2025;656.0
2517209;Acesso_SCM;2025;845.0
2517407;Acesso_SCM;2025;283.0
2600054;Acesso_SCM;2025;8968.0
2600104;Acesso_SCM;2025;4869.0
2600203;Acesso_SCM;2025;1060.0
2600302;Acesso_SCM;2025;3480.0
2600401;Acesso_SCM;2025;512.0
2600500;Acesso_SCM;2025;4777.0
2600609;Acesso_SCM;2025;2546.0
2600708;Acesso_SCM;2025;4341.0
2600807;Acesso_SCM;2025;3555.0
2600906;Acesso_SCM;2025;1988.0
2601003;Acesso_SCM;2025;1233.0
2601052;Acesso_SCM;2025;28.0
2601102;Acesso_SCM;2025;17655.0
2601201;Acesso_SCM;2025;8122.0
2601300;Acesso_SCM;2025;2587.0
2601409;Acesso_SCM;2025;4610.0
2601508;Acesso_SCM;2025;23.0
2601607;Acesso_SCM;2025;5055.0
2601706;Acesso_SCM;2025;17806.0
2601805;Acesso_SCM;2025;1778.0
2601904;Acesso_SCM;2025;16574.0
2602001;Acesso_SCM;2025;1389.0
2602100;Acesso_SCM;2025;4051.0
2602209;Acesso_SCM;2025;1632.0
2602308;Acesso_SCM;2025;8140.0
2602407;Acesso_SCM;2025;381.0
2602506;Acesso_SCM;2025;29.0
2602605;Acesso_SCM;2025;6863.0
2602704;Acesso_SCM;2025;795.0
2602803;Acesso_SCM;2025;4848.0
2602902;Acesso_SCM;2025;30748.0
2603009;Acesso_SCM;2025;5257.0
2603108;Acesso_SCM;2025;1732.0
2603207;Acesso_SCM;2025;4825.0
2603306;Acesso_SCM;2025;374.0
2603405;Acesso_SCM;2025;44.0
2603454;Acesso_SCM;2025;24013.0
2603504;Acesso_SCM;2025;3700.0
2603603;Acesso_SCM;2025;1893.0
2603702;Acesso_SCM;2025;2580.0
2603801;Acesso_SCM;2025;1061.0
2603900;Acesso_SCM;2025;1327.0
2603926;Acesso_SCM;2025;1106.0
2604007;Acesso_SCM;2025;13655.0
2604106;Acesso_SCM;2025;71782.0
2604155;Acesso_SCM;2025;1069.0
2604205;Acesso_SCM;2025;147.0
2604304;Acesso_SCM;2025;2261.0
2604403;Acesso_SCM;2025;299.0
2604502;Acesso_SCM;2025;4060.0
2604601;Acesso_SCM;2025;5644.0
2604700;Acesso_SCM;2025;861.0
2604809;Acesso_SCM;2025;355.0
2604908;Acesso_SCM;2025;1933.0
2605004;Acesso_SCM;2025;4328.0
2605103;Acesso_SCM;2025;4086.0
2605152;Acesso_SCM;2025;3206.0
2605202;Acesso_SCM;2025;10428.0
2605301;Acesso_SCM;2025;1928.0
2605400;Acesso_SCM;2025;1600.0
2605459;Acesso_SCM;2025;14030.0
2605509;Acesso_SCM;2025;2122.0
2605608;Acesso_SCM;2025;1032.0
2605707;Acesso_SCM;2025;5537.0
2605806;Acesso_SCM;2025;332.0
2605905;Acesso_SCM;2025;2150.0
2606002;Acesso_SCM;2025;32604.0
2606101;Acesso_SCM;2025;1218.0
2606200;Acesso_SCM;2025;22596.0
2606309;Acesso_SCM;2025;248.0
2606408;Acesso_SCM;2025;20573.0
2606507;Acesso_SCM;2025;2933.0
2606606;Acesso_SCM;2025;2796.0
2606705;Acesso_SCM;2025;716.0
2606804;Acesso_SCM;2025;11805.0
2606903;Acesso_SCM;2025;218.0
2607000;Acesso_SCM;2025;1334.0
2607109;Acesso_SCM;2025;1046.0
2607208;Acesso_SCM;2025;18946.0
2607307;Acesso_SCM;2025;4020.0
2607406;Acesso_SCM;2025;861.0
2607505;Acesso_SCM;2025;525.0
2607604;Acesso_SCM;2025;4472.0
2607653;Acesso_SCM;2025;4694.0
2607703;Acesso_SCM;2025;1125.0
2607752;Acesso_SCM;2025;943.0
2607802;Acesso_SCM;2025;1762.0
2607901;Acesso_SCM;2025;58732.0
2607950;Acesso_SCM;2025;49.0
2608008;Acesso_SCM;2025;1431.0
2608057;Acesso_SCM;2025;1570.0
2608107;Acesso_SCM;2025;643.0
2608206;Acesso_SCM;2025;384.0
2608255;Acesso_SCM;2025;986.0
2608305;Acesso_SCM;2025;2572.0
2608404;Acesso_SCM;2025;634.0
2608453;Acesso_SCM;2025;2392.0
2608503;Acesso_SCM;2025;170.0
2608602;Acesso_SCM;2025;632.0
2608701;Acesso_SCM;2025;1833.0
2608750;Acesso_SCM;2025;4292.0
2608800;Acesso_SCM;2025;7281.0
2608909;Acesso_SCM;2025;9325.0
2609006;Acesso_SCM;2025;883.0
2609105;Acesso_SCM;2025;256.0
2609154;Acesso_SCM;2025;542.0
2609204;Acesso_SCM;2025;186.0
2609303;Acesso_SCM;2025;1181.0
2609402;Acesso_SCM;2025;7295.0
2609501;Acesso_SCM;2025;4392.0
2609600;Acesso_SCM;2025;45643.0
2609709;Acesso_SCM;2025;2638.0
2609808;Acesso_SCM;2025;2100.0
2609907;Acesso_SCM;2025;13129.0
2610004;Acesso_SCM;2025;4818.0
2610103;Acesso_SCM;2025;350.0
2610202;Acesso_SCM;2025;3936.0
2610301;Acesso_SCM;2025;994.0
2610400;Acesso_SCM;2025;736.0
2610509;Acesso_SCM;2025;1413.0
2610608;Acesso_SCM;2025;5877.0
2610707;Acesso_SCM;2025;40196.0
2610806;Acesso_SCM;2025;2786.0
2610905;Acesso_SCM;2025;12634.0
2611002;Acesso_SCM;2025;10950.0
2611101;Acesso_SCM;2025;109804.0
2611200;Acesso_SCM;2025;1823.0
2611309;Acesso_SCM;2025;5597.0
2611408;Acesso_SCM;2025;3875.0
2611507;Acesso_SCM;2025;653.0
2611533;Acesso_SCM;2025;472.0
2611606;Acesso_SCM;2025;282059.0
2611705;Acesso_SCM;2025;3000.0
2611804;Acesso_SCM;2025;5742.0
2611903;Acesso_SCM;2025;2912.0
2612000;Acesso_SCM;2025;2656.0
2612109;Acesso_SCM;2025;48.0
2612208;Acesso_SCM;2025;10055.0
2612307;Acesso_SCM;2025;1194.0
2612406;Acesso_SCM;2025;3778.0
2612455;Acesso_SCM;2025;886.0
2612471;Acesso_SCM;2025;1049.0
2612505;Acesso_SCM;2025;12109.0
2612554;Acesso_SCM;2025;720.0
2612604;Acesso_SCM;2025;3460.0
2612703;Acesso_SCM;2025;552.0
2612802;Acesso_SCM;2025;1370.0
2612901;Acesso_SCM;2025;79.0
2613008;Acesso_SCM;2025;6942.0
2613107;Acesso_SCM;2025;1627.0
2613206;Acesso_SCM;2025;1374.0
2613305;Acesso_SCM;2025;1192.0
2613404;Acesso_SCM;2025;5066.0
2613503;Acesso_SCM;2025;2450.0
2613602;Acesso_SCM;2025;7942.0
2613701;Acesso_SCM;2025;17111.0
2613800;Acesso_SCM;2025;985.0
2613909;Acesso_SCM;2025;19931.0
2614006;Acesso_SCM;2025;2449.0
2614105;Acesso_SCM;2025;4386.0
2614204;Acesso_SCM;2025;4919.0
2614303;Acesso_SCM;2025;338.0
2614402;Acesso_SCM;2025;435.0
2614501;Acesso_SCM;2025;7018.0
2614600;Acesso_SCM;2025;4350.0
2614709;Acesso_SCM;2025;2114.0
2614808;Acesso_SCM;2025;4077.0
2614857;Acesso_SCM;2025;6915.0
2615003;Acesso_SCM;2025;3333.0
2615102;Acesso_SCM;2025;227.0
2615201;Acesso_SCM;2025;596.0
2615300;Acesso_SCM;2025;10573.0
2615409;Acesso_SCM;2025;4742.0
2615508;Acesso_SCM;2025;1033.0
2615607;Acesso_SCM;2025;4507.0
2615706;Acesso_SCM;2025;779.0
2615805;Acesso_SCM;2025;1945.0
2615904;Acesso_SCM;2025;565.0
2616001;Acesso_SCM;2025;3454.0
2616100;Acesso_SCM;2025;1262.0
2616183;Acesso_SCM;2025;370.0
2616209;Acesso_SCM;2025;1190.0
2616308;Acesso_SCM;2025;1061.0
2616407;Acesso_SCM;2025;27757.0
2616506;Acesso_SCM;2025;120.0
2700102;Acesso_SCM;2025;2474.0
2700201;Acesso_SCM;2025;218.0
2700300;Acesso_SCM;2025;35471.0
2700409;Acesso_SCM;2025;2459.0
2700508;Acesso_SCM;2025;999.0
2700607;Acesso_SCM;2025;810.0
2700706;Acesso_SCM;2025;1603.0
2700805;Acesso_SCM;2025;114.0
2700904;Acesso_SCM;2025;209.0
2701001;Acesso_SCM;2025;599.0
2701100;Acesso_SCM;2025;989.0
2701209;Acesso_SCM;2025;763.0
2701308;Acesso_SCM;2025;1198.0
2701357;Acesso_SCM;2025;30.0
2701407;Acesso_SCM;2025;1178.0
2701506;Acesso_SCM;2025;86.0
2701605;Acesso_SCM;2025;1750.0
2701704;Acesso_SCM;2025;155.0
2701803;Acesso_SCM;2025;309.0
2701902;Acesso_SCM;2025;34.0
2702009;Acesso_SCM;2025;547.0
2702108;Acesso_SCM;2025;495.0
2702207;Acesso_SCM;2025;790.0
2702306;Acesso_SCM;2025;123.0
2702355;Acesso_SCM;2025;314.0
2702405;Acesso_SCM;2025;7103.0
2702504;Acesso_SCM;2025;522.0
2702553;Acesso_SCM;2025;623.0
2702603;Acesso_SCM;2025;473.0
2702702;Acesso_SCM;2025;16.0
2702801;Acesso_SCM;2025;572.0
2702900;Acesso_SCM;2025;1350.0
2703007;Acesso_SCM;2025;70.0
2703106;Acesso_SCM;2025;3302.0
2703205;Acesso_SCM;2025;40.0
2703304;Acesso_SCM;2025;1054.0
2703403;Acesso_SCM;2025;298.0
2703502;Acesso_SCM;2025;314.0
2703601;Acesso_SCM;2025;1402.0
2703700;Acesso_SCM;2025;373.0
2703759;Acesso_SCM;2025;41.0
2703809;Acesso_SCM;2025;242.0
2703908;Acesso_SCM;2025;78.0
2704005;Acesso_SCM;2025;427.0
2704104;Acesso_SCM;2025;499.0
2704203;Acesso_SCM;2025;2958.0
2704302;Acesso_SCM;2025;210517.0
2704401;Acesso_SCM;2025;1597.0
2704500;Acesso_SCM;2025;6466.0
2704609;Acesso_SCM;2025;891.0
2704708;Acesso_SCM;2025;11134.0
2704807;Acesso_SCM;2025;468.0
2704906;Acesso_SCM;2025;42.0
2705002;Acesso_SCM;2025;2191.0
2705101;Acesso_SCM;2025;1463.0
2705200;Acesso_SCM;2025;1475.0
2705309;Acesso_SCM;2025;473.0
2705408;Acesso_SCM;2025;274.0
2705507;Acesso_SCM;2025;850.0
2705606;Acesso_SCM;2025;358.0
2705705;Acesso_SCM;2025;3647.0
2705804;Acesso_SCM;2025;213.0
2705903;Acesso_SCM;2025;69.0
2706000;Acesso_SCM;2025;752.0
2706109;Acesso_SCM;2025;549.0
2706208;Acesso_SCM;2025;459.0
2706307;Acesso_SCM;2025;6127.0
2706406;Acesso_SCM;2025;237.0
2706422;Acesso_SCM;2025;859.0
2706448;Acesso_SCM;2025;2002.0
2706505;Acesso_SCM;2025;1282.0
2706604;Acesso_SCM;2025;21.0
2706703;Acesso_SCM;2025;170.0
2706802;Acesso_SCM;2025;49.0
2706901;Acesso_SCM;2025;3158.0
2707008;Acesso_SCM;2025;17.0
2707107;Acesso_SCM;2025;2721.0
2707206;Acesso_SCM;2025;517.0
2707305;Acesso_SCM;2025;797.0
2707404;Acesso_SCM;2025;753.0
2707503;Acesso_SCM;2025;118.0
2707602;Acesso_SCM;2025;160.0
2707701;Acesso_SCM;2025;9305.0
2707800;Acesso_SCM;2025;122.0
2707909;Acesso_SCM;2025;149.0
2708006;Acesso_SCM;2025;3819.0
2708105;Acesso_SCM;2025;1197.0
2708204;Acesso_SCM;2025;14.0
2708303;Acesso_SCM;2025;1696.0
2708402;Acesso_SCM;2025;1277.0
2708501;Acesso_SCM;2025;1116.0
2708600;Acesso_SCM;2025;4100.0
2708709;Acesso_SCM;2025;1130.0
2708808;Acesso_SCM;2025;171.0
2708907;Acesso_SCM;2025;302.0
2708956;Acesso_SCM;2025;283.0
2709004;Acesso_SCM;2025;282.0
2709103;Acesso_SCM;2025;815.0
2709152;Acesso_SCM;2025;2404.0
2709202;Acesso_SCM;2025;1138.0
2709301;Acesso_SCM;2025;6173.0
2709400;Acesso_SCM;2025;670.0
2800100;Acesso_SCM;2025;63.0
2800209;Acesso_SCM;2025;1800.0
2800308;Acesso_SCM;2025;203937.0
2800407;Acesso_SCM;2025;923.0
2800506;Acesso_SCM;2025;4709.0
2800605;Acesso_SCM;2025;8899.0
2800670;Acesso_SCM;2025;1986.0
2800704;Acesso_SCM;2025;201.0
2801009;Acesso_SCM;2025;3763.0
2801108;Acesso_SCM;2025;503.0
2801207;Acesso_SCM;2025;3464.0
2801306;Acesso_SCM;2025;4492.0
2801405;Acesso_SCM;2025;3065.0
2801504;Acesso_SCM;2025;1622.0
2801603;Acesso_SCM;2025;360.0
2801702;Acesso_SCM;2025;921.0
2801900;Acesso_SCM;2025;643.0
2802007;Acesso_SCM;2025;219.0
2802106;Acesso_SCM;2025;6430.0
2802205;Acesso_SCM;2025;855.0
2802304;Acesso_SCM;2025;1495.0
2802403;Acesso_SCM;2025;1830.0
2802502;Acesso_SCM;2025;470.0
2802601;Acesso_SCM;2025;584.0
2802700;Acesso_SCM;2025;137.0
2802809;Acesso_SCM;2025;942.0
2802908;Acesso_SCM;2025;24502.0
2803005;Acesso_SCM;2025;1801.0
2803104;Acesso_SCM;2025;890.0
2803203;Acesso_SCM;2025;10222.0
2803302;Acesso_SCM;2025;2445.0
2803401;Acesso_SCM;2025;989.0
2803500;Acesso_SCM;2025;28635.0
2803609;Acesso_SCM;2025;6026.0
2803708;Acesso_SCM;2025;915.0
2803807;Acesso_SCM;2025;568.0
2803906;Acesso_SCM;2025;1728.0
2804003;Acesso_SCM;2025;1755.0
2804102;Acesso_SCM;2025;679.0
2804201;Acesso_SCM;2025;628.0
2804300;Acesso_SCM;2025;693.0
2804409;Acesso_SCM;2025;472.0
2804458;Acesso_SCM;2025;325.0
2804508;Acesso_SCM;2025;8170.0
2804607;Acesso_SCM;2025;5557.0
2804706;Acesso_SCM;2025;1281.0
2804805;Acesso_SCM;2025;46731.0
2804904;Acesso_SCM;2025;636.0
2805000;Acesso_SCM;2025;290.0
2805109;Acesso_SCM;2025;2047.0
2805208;Acesso_SCM;2025;639.0
2805307;Acesso_SCM;2025;854.0
2805406;Acesso_SCM;2025;1375.0
2805505;Acesso_SCM;2025;4961.0
2805604;Acesso_SCM;2025;936.0
2805703;Acesso_SCM;2025;2589.0
2805802;Acesso_SCM;2025;2431.0
2805901;Acesso_SCM;2025;535.0
2806008;Acesso_SCM;2025;4423.0
2806107;Acesso_SCM;2025;1780.0
2806206;Acesso_SCM;2025;5320.0
2806305;Acesso_SCM;2025;419.0
2806404;Acesso_SCM;2025;67.0
2806503;Acesso_SCM;2025;315.0
2806602;Acesso_SCM;2025;883.0
2806701;Acesso_SCM;2025;23201.0
2806800;Acesso_SCM;2025;740.0
2806909;Acesso_SCM;2025;1029.0
2807006;Acesso_SCM;2025;295.0
2807105;Acesso_SCM;2025;11304.0
2807204;Acesso_SCM;2025;718.0
2807303;Acesso_SCM;2025;125.0
2807402;Acesso_SCM;2025;5561.0
2807501;Acesso_SCM;2025;2105.0
2807600;Acesso_SCM;2025;935.0
2900108;Acesso_SCM;2025;1153.0
2900207;Acesso_SCM;2025;1522.0
2900306;Acesso_SCM;2025;791.0
2900355;Acesso_SCM;2025;569.0
2900405;Acesso_SCM;2025;766.0
2900504;Acesso_SCM;2025;490.0
2900603;Acesso_SCM;2025;478.0
2900702;Acesso_SCM;2025;37931.0
2900801;Acesso_SCM;2025;529.0
2900900;Acesso_SCM;2025;65.0
2901007;Acesso_SCM;2025;7455.0
2901106;Acesso_SCM;2025;818.0
2901155;Acesso_SCM;2025;1550.0
2901205;Acesso_SCM;2025;757.0
2901304;Acesso_SCM;2025;162.0
2901353;Acesso_SCM;2025;812.0
2901403;Acesso_SCM;2025;926.0
2901502;Acesso_SCM;2025;2055.0
2901601;Acesso_SCM;2025;537.0
2901700;Acesso_SCM;2025;417.0
2901809;Acesso_SCM;2025;251.0
2901908;Acesso_SCM;2025;1214.0
2901957;Acesso_SCM;2025;40.0
2902005;Acesso_SCM;2025;516.0
2902054;Acesso_SCM;2025;2421.0
2902104;Acesso_SCM;2025;4032.0
2902203;Acesso_SCM;2025;257.0
2902252;Acesso_SCM;2025;1545.0
2902302;Acesso_SCM;2025;1562.0
2902401;Acesso_SCM;2025;579.0
2902500;Acesso_SCM;2025;1195.0
2902609;Acesso_SCM;2025;2695.0
2902658;Acesso_SCM;2025;75.0
2902708;Acesso_SCM;2025;10078.0
2902807;Acesso_SCM;2025;3282.0
2902906;Acesso_SCM;2025;709.0
2903003;Acesso_SCM;2025;3288.0
2903102;Acesso_SCM;2025;367.0
2903201;Acesso_SCM;2025;30202.0
2903235;Acesso_SCM;2025;2620.0
2903276;Acesso_SCM;2025;232.0
2903300;Acesso_SCM;2025;51.0
2903409;Acesso_SCM;2025;1303.0
2903508;Acesso_SCM;2025;3726.0
2903607;Acesso_SCM;2025;1708.0
2903706;Acesso_SCM;2025;662.0
2903805;Acesso_SCM;2025;609.0
2903904;Acesso_SCM;2025;3026.0
2903953;Acesso_SCM;2025;445.0
2904001;Acesso_SCM;2025;214.0
2904050;Acesso_SCM;2025;4909.0
2904100;Acesso_SCM;2025;1665.0
2904209;Acesso_SCM;2025;576.0
2904308;Acesso_SCM;2025;751.0
2904407;Acesso_SCM;2025;294.0
2904506;Acesso_SCM;2025;289.0
2904605;Acesso_SCM;2025;7474.0
2904704;Acesso_SCM;2025;1385.0
2904753;Acesso_SCM;2025;508.0
2904803;Acesso_SCM;2025;145.0
2904852;Acesso_SCM;2025;374.0
2904902;Acesso_SCM;2025;1295.0
2905008;Acesso_SCM;2025;8459.0
2905107;Acesso_SCM;2025;847.0
2905156;Acesso_SCM;2025;115.0
2905206;Acesso_SCM;2025;8110.0
2905305;Acesso_SCM;2025;1082.0
2905404;Acesso_SCM;2025;4064.0
2905503;Acesso_SCM;2025;3061.0
2905602;Acesso_SCM;2025;7769.0
2905701;Acesso_SCM;2025;63745.0
2905800;Acesso_SCM;2025;2697.0
2905909;Acesso_SCM;2025;1796.0
2906006;Acesso_SCM;2025;10170.0
2906105;Acesso_SCM;2025;1646.0
2906204;Acesso_SCM;2025;1838.0
2906303;Acesso_SCM;2025;4160.0
2906402;Acesso_SCM;2025;747.0
2906501;Acesso_SCM;2025;20983.0
2906600;Acesso_SCM;2025;30.0
2906709;Acesso_SCM;2025;1451.0
2906808;Acesso_SCM;2025;1129.0
2906824;Acesso_SCM;2025;215.0
2906857;Acesso_SCM;2025;1421.0
2906873;Acesso_SCM;2025;10114.0
2906899;Acesso_SCM;2025;395.0
2906907;Acesso_SCM;2025;2036.0
2907004;Acesso_SCM;2025;609.0
2907103;Acesso_SCM;2025;2441.0
2907202;Acesso_SCM;2025;17043.0
2907301;Acesso_SCM;2025;2201.0
2907400;Acesso_SCM;2025;323.0
2907509;Acesso_SCM;2025;6351.0
2907558;Acesso_SCM;2025;225.0
2907608;Acesso_SCM;2025;808.0
2907707;Acesso_SCM;2025;974.0
2907806;Acesso_SCM;2025;4043.0
2907905;Acesso_SCM;2025;1377.0
2908002;Acesso_SCM;2025;224.0
2908101;Acesso_SCM;2025;405.0
2908200;Acesso_SCM;2025;758.0
2908309;Acesso_SCM;2025;1324.0
2908408;Acesso_SCM;2025;4390.0
2908507;Acesso_SCM;2025;9869.0
2908606;Acesso_SCM;2025;951.0
2908705;Acesso_SCM;2025;1630.0
2908804;Acesso_SCM;2025;283.0
2908903;Acesso_SCM;2025;4028.0
2909000;Acesso_SCM;2025;27.0
2909109;Acesso_SCM;2025;265.0
2909208;Acesso_SCM;2025;2014.0
2909307;Acesso_SCM;2025;3620.0
2909406;Acesso_SCM;2025;1165.0
2909505;Acesso_SCM;2025;343.0
2909604;Acesso_SCM;2025;562.0
2909703;Acesso_SCM;2025;832.0
2909802;Acesso_SCM;2025;14687.0
2909901;Acesso_SCM;2025;1869.0
2910008;Acesso_SCM;2025;118.0
2910057;Acesso_SCM;2025;10493.0
2910107;Acesso_SCM;2025;957.0
2910206;Acesso_SCM;2025;86.0
2910305;Acesso_SCM;2025;822.0
2910404;Acesso_SCM;2025;100.0
2910503;Acesso_SCM;2025;3660.0
2910602;Acesso_SCM;2025;1688.0
2910701;Acesso_SCM;2025;5361.0
2910727;Acesso_SCM;2025;16213.0
2910750;Acesso_SCM;2025;3269.0
2910776;Acesso_SCM;2025;188.0
2910800;Acesso_SCM;2025;95853.0
2910859;Acesso_SCM;2025;3307.0
2910909;Acesso_SCM;2025;36.0
2911006;Acesso_SCM;2025;471.0
2911105;Acesso_SCM;2025;2946.0
2911204;Acesso_SCM;2025;4351.0
2911253;Acesso_SCM;2025;844.0
2911303;Acesso_SCM;2025;757.0
2911402;Acesso_SCM;2025;1542.0
2911501;Acesso_SCM;2025;522.0
2911600;Acesso_SCM;2025;1447.0
2911659;Acesso_SCM;2025;475.0
2911709;Acesso_SCM;2025;23580.0
2911808;Acesso_SCM;2025;3560.0
2911857;Acesso_SCM;2025;1629.0
2911907;Acesso_SCM;2025;3606.0
2912004;Acesso_SCM;2025;775.0
2912103;Acesso_SCM;2025;1260.0
2912202;Acesso_SCM;2025;1221.0
2912301;Acesso_SCM;2025;956.0
2912400;Acesso_SCM;2025;1952.0
2912509;Acesso_SCM;2025;559.0
2912608;Acesso_SCM;2025;100.0
2912707;Acesso_SCM;2025;822.0
2912806;Acesso_SCM;2025;1142.0
2912905;Acesso_SCM;2025;288.0
2913002;Acesso_SCM;2025;393.0
2913101;Acesso_SCM;2025;1810.0
2913200;Acesso_SCM;2025;309.0
2913309;Acesso_SCM;2025;876.0
2913408;Acesso_SCM;2025;225.0
2913457;Acesso_SCM;2025;610.0
2913507;Acesso_SCM;2025;764.0
2913606;Acesso_SCM;2025;53482.0
2913705;Acesso_SCM;2025;3980.0
2913804;Acesso_SCM;2025;638.0
2913903;Acesso_SCM;2025;3443.0
2914000;Acesso_SCM;2025;6292.0
2914109;Acesso_SCM;2025;757.0
2914208;Acesso_SCM;2025;33.0
2914307;Acesso_SCM;2025;1475.0
2914406;Acesso_SCM;2025;2197.0
2914505;Acesso_SCM;2025;2623.0
2914604;Acesso_SCM;2025;20439.0
2914653;Acesso_SCM;2025;4064.0
2914703;Acesso_SCM;2025;14999.0
2914802;Acesso_SCM;2025;49584.0
2914901;Acesso_SCM;2025;5341.0
2915007;Acesso_SCM;2025;1485.0
2915106;Acesso_SCM;2025;1391.0
2915205;Acesso_SCM;2025;503.0
2915304;Acesso_SCM;2025;216.0
2915353;Acesso_SCM;2025;999.0
2915403;Acesso_SCM;2025;90.0
2915502;Acesso_SCM;2025;2507.0
2915601;Acesso_SCM;2025;4388.0
2915700;Acesso_SCM;2025;1344.0
2915809;Acesso_SCM;2025;222.0
2915908;Acesso_SCM;2025;609.0
2916005;Acesso_SCM;2025;691.0
2916104;Acesso_SCM;2025;622.0
2916203;Acesso_SCM;2025;1578.0
2916302;Acesso_SCM;2025;97.0
2916401;Acesso_SCM;2025;3415.0
2916500;Acesso_SCM;2025;336.0
2916609;Acesso_SCM;2025;82.0
2916708;Acesso_SCM;2025;638.0
2916807;Acesso_SCM;2025;1543.0
2916856;Acesso_SCM;2025;3164.0
2916906;Acesso_SCM;2025;199.0
2917003;Acesso_SCM;2025;2982.0
2917102;Acesso_SCM;2025;1068.0
2917201;Acesso_SCM;2025;388.0
2917300;Acesso_SCM;2025;996.0
2917334;Acesso_SCM;2025;386.0
2917359;Acesso_SCM;2025;227.0
2917409;Acesso_SCM;2025;2120.0
2917508;Acesso_SCM;2025;24821.0
2917607;Acesso_SCM;2025;4251.0
2917706;Acesso_SCM;2025;1555.0
2917805;Acesso_SCM;2025;2396.0
2917904;Acesso_SCM;2025;121.0
2918001;Acesso_SCM;2025;27886.0
2918100;Acesso_SCM;2025;6597.0
2918209;Acesso_SCM;2025;1617.0
2918308;Acesso_SCM;2025;959.0
2918357;Acesso_SCM;2025;3305.0
2918407;Acesso_SCM;2025;44869.0
2918456;Acesso_SCM;2025;587.0
2918506;Acesso_SCM;2025;2154.0
2918555;Acesso_SCM;2025;705.0
2918605;Acesso_SCM;2025;822.0
2918704;Acesso_SCM;2025;90.0
2918753;Acesso_SCM;2025;621.0
2918803;Acesso_SCM;2025;3958.0
2918902;Acesso_SCM;2025;674.0
2919009;Acesso_SCM;2025;99.0
2919058;Acesso_SCM;2025;58.0
2919108;Acesso_SCM;2025;124.0
2919157;Acesso_SCM;2025;4698.0
2919207;Acesso_SCM;2025;42971.0
2919306;Acesso_SCM;2025;284.0
2919405;Acesso_SCM;2025;3692.0
2919504;Acesso_SCM;2025;7716.0
2919553;Acesso_SCM;2025;29972.0
2919603;Acesso_SCM;2025;1220.0
2919702;Acesso_SCM;2025;2233.0
2919801;Acesso_SCM;2025;4893.0
2919900;Acesso_SCM;2025;1163.0
2919926;Acesso_SCM;2025;1420.0
2919959;Acesso_SCM;2025;244.0
2920007;Acesso_SCM;2025;1480.0
2920106;Acesso_SCM;2025;2502.0
2920205;Acesso_SCM;2025;1894.0
2920304;Acesso_SCM;2025;39.0
2920403;Acesso_SCM;2025;625.0
2920452;Acesso_SCM;2025;249.0
2920502;Acesso_SCM;2025;850.0
2920601;Acesso_SCM;2025;2636.0
2920700;Acesso_SCM;2025;5821.0
2920809;Acesso_SCM;2025;888.0
2920908;Acesso_SCM;2025;1131.0
2921005;Acesso_SCM;2025;4993.0
2921054;Acesso_SCM;2025;1027.0
2921104;Acesso_SCM;2025;256.0
2921203;Acesso_SCM;2025;4743.0
2921302;Acesso_SCM;2025;869.0
2921401;Acesso_SCM;2025;2902.0
2921450;Acesso_SCM;2025;559.0
2921500;Acesso_SCM;2025;2536.0
2921609;Acesso_SCM;2025;51.0
2921708;Acesso_SCM;2025;5289.0
2921807;Acesso_SCM;2025;2977.0
2921906;Acesso_SCM;2025;1418.0
2922003;Acesso_SCM;2025;3652.0
2922052;Acesso_SCM;2025;589.0
2922102;Acesso_SCM;2025;1278.0
2922201;Acesso_SCM;2025;907.0
2922250;Acesso_SCM;2025;91.0
2922300;Acesso_SCM;2025;2483.0
2922409;Acesso_SCM;2025;2579.0
2922508;Acesso_SCM;2025;5512.0
2922607;Acesso_SCM;2025;772.0
2922656;Acesso_SCM;2025;184.0
2922706;Acesso_SCM;2025;1638.0
2922730;Acesso_SCM;2025;1023.0
2922755;Acesso_SCM;2025;26.0
2922805;Acesso_SCM;2025;355.0
2922854;Acesso_SCM;2025;316.0
2922904;Acesso_SCM;2025;982.0
2923001;Acesso_SCM;2025;3736.0
2923035;Acesso_SCM;2025;158.0
2923050;Acesso_SCM;2025;1921.0
2923100;Acesso_SCM;2025;2059.0
2923209;Acesso_SCM;2025;1077.0
2923308;Acesso_SCM;2025;133.0
2923357;Acesso_SCM;2025;3841.0
2923407;Acesso_SCM;2025;1904.0
2923506;Acesso_SCM;2025;1200.0
2923605;Acesso_SCM;2025;1191.0
2923704;Acesso_SCM;2025;487.0
2923803;Acesso_SCM;2025;5083.0
2923902;Acesso_SCM;2025;2036.0
2924009;Acesso_SCM;2025;29336.0
2924058;Acesso_SCM;2025;1247.0
2924108;Acesso_SCM;2025;87.0
2924207;Acesso_SCM;2025;57.0
2924306;Acesso_SCM;2025;471.0
2924405;Acesso_SCM;2025;773.0
2924504;Acesso_SCM;2025;1098.0
2924603;Acesso_SCM;2025;2150.0
2924652;Acesso_SCM;2025;716.0
2924678;Acesso_SCM;2025;198.0
2924702;Acesso_SCM;2025;3105.0
2924801;Acesso_SCM;2025;1318.0
2924900;Acesso_SCM;2025;50.0
2925006;Acesso_SCM;2025;642.0
2925105;Acesso_SCM;2025;5175.0
2925204;Acesso_SCM;2025;3510.0
2925253;Acesso_SCM;2025;3882.0
2925303;Acesso_SCM;2025;44447.0
2925402;Acesso_SCM;2025;1110.0
2925501;Acesso_SCM;2025;2714.0
2925600;Acesso_SCM;2025;1657.0
2925709;Acesso_SCM;2025;3231.0
2925758;Acesso_SCM;2025;4689.0
2925808;Acesso_SCM;2025;2264.0
2925907;Acesso_SCM;2025;499.0
2925931;Acesso_SCM;2025;1886.0
2925956;Acesso_SCM;2025;313.0
2926004;Acesso_SCM;2025;3745.0
2926103;Acesso_SCM;2025;1862.0
2926202;Acesso_SCM;2025;1624.0
2926301;Acesso_SCM;2025;7630.0
2926400;Acesso_SCM;2025;2144.0
2926509;Acesso_SCM;2025;1585.0
2926608;Acesso_SCM;2025;6857.0
2926657;Acesso_SCM;2025;845.0
2926707;Acesso_SCM;2025;1316.0
2926806;Acesso_SCM;2025;394.0
2926905;Acesso_SCM;2025;713.0
2927002;Acesso_SCM;2025;4219.0
2927101;Acesso_SCM;2025;2327.0
2927200;Acesso_SCM;2025;4579.0
2927309;Acesso_SCM;2025;878.0
2927408;Acesso_SCM;2025;501263.0
2927507;Acesso_SCM;2025;1990.0
2927606;Acesso_SCM;2025;1642.0
2927705;Acesso_SCM;2025;4694.0
2927804;Acesso_SCM;2025;187.0
2927903;Acesso_SCM;2025;763.0
2928000;Acesso_SCM;2025;7766.0
2928059;Acesso_SCM;2025;1857.0
2928109;Acesso_SCM;2025;4189.0
2928208;Acesso_SCM;2025;4650.0
2928307;Acesso_SCM;2025;616.0
2928406;Acesso_SCM;2025;2130.0
2928505;Acesso_SCM;2025;319.0
2928604;Acesso_SCM;2025;7962.0
2928703;Acesso_SCM;2025;30336.0
2928802;Acesso_SCM;2025;2642.0
2928901;Acesso_SCM;2025;4030.0
2928950;Acesso_SCM;2025;311.0
2929008;Acesso_SCM;2025;590.0
2929057;Acesso_SCM;2025;1475.0
2929107;Acesso_SCM;2025;1669.0
2929206;Acesso_SCM;2025;3259.0
2929255;Acesso_SCM;2025;2591.0
2929305;Acesso_SCM;2025;1577.0
2929354;Acesso_SCM;2025;106.0
2929370;Acesso_SCM;2025;2164.0
2929404;Acesso_SCM;2025;1195.0
2929503;Acesso_SCM;2025;6418.0
2929602;Acesso_SCM;2025;2166.0
2929701;Acesso_SCM;2025;1154.0
2929750;Acesso_SCM;2025;2423.0
2929800;Acesso_SCM;2025;2369.0
2929909;Acesso_SCM;2025;6016.0
2930006;Acesso_SCM;2025;37.0
2930105;Acesso_SCM;2025;17327.0
2930154;Acesso_SCM;2025;4305.0
2930204;Acesso_SCM;2025;2758.0
2930303;Acesso_SCM;2025;3355.0
2930402;Acesso_SCM;2025;1334.0
2930501;Acesso_SCM;2025;6631.0
2930600;Acesso_SCM;2025;4529.0
2930709;Acesso_SCM;2025;14603.0
2930758;Acesso_SCM;2025;93.0
2930766;Acesso_SCM;2025;1077.0
2930774;Acesso_SCM;2025;2064.0
2930808;Acesso_SCM;2025;2686.0
2930907;Acesso_SCM;2025;439.0
2931004;Acesso_SCM;2025;751.0
2931053;Acesso_SCM;2025;823.0
2931103;Acesso_SCM;2025;760.0
2931202;Acesso_SCM;2025;631.0
2931301;Acesso_SCM;2025;988.0
2931350;Acesso_SCM;2025;26482.0
2931400;Acesso_SCM;2025;1137.0
2931509;Acesso_SCM;2025;1109.0
2931608;Acesso_SCM;2025;763.0
2931707;Acesso_SCM;2025;1608.0
2931806;Acesso_SCM;2025;2027.0
2931905;Acesso_SCM;2025;4661.0
2932002;Acesso_SCM;2025;765.0
2932101;Acesso_SCM;2025;1349.0
2932200;Acesso_SCM;2025;2061.0
2932309;Acesso_SCM;2025;2309.0
2932408;Acesso_SCM;2025;2035.0
2932457;Acesso_SCM;2025;1047.0
2932507;Acesso_SCM;2025;4513.0
2932606;Acesso_SCM;2025;1352.0
2932705;Acesso_SCM;2025;1663.0
2932804;Acesso_SCM;2025;3009.0
2932903;Acesso_SCM;2025;16501.0
2933000;Acesso_SCM;2025;4317.0
2933059;Acesso_SCM;2025;901.0
2933109;Acesso_SCM;2025;1784.0
2933158;Acesso_SCM;2025;869.0
2933174;Acesso_SCM;2025;924.0
2933208;Acesso_SCM;2025;3075.0
2933257;Acesso_SCM;2025;85.0
2933307;Acesso_SCM;2025;85046.0
2933406;Acesso_SCM;2025;1306.0
2933455;Acesso_SCM;2025;409.0
2933505;Acesso_SCM;2025;791.0
2933604;Acesso_SCM;2025;3677.0
3100104;Acesso_SCM;2025;1265.0
3100203;Acesso_SCM;2025;9100.0
3100302;Acesso_SCM;2025;1077.0
3100401;Acesso_SCM;2025;1274.0
3100500;Acesso_SCM;2025;1239.0
3100609;Acesso_SCM;2025;1401.0
3100708;Acesso_SCM;2025;402.0
3100807;Acesso_SCM;2025;1274.0
3100906;Acesso_SCM;2025;1855.0
3101003;Acesso_SCM;2025;1098.0
3101102;Acesso_SCM;2025;3754.0
3101201;Acesso_SCM;2025;2105.0
3101300;Acesso_SCM;2025;735.0
3101409;Acesso_SCM;2025;767.0
3101508;Acesso_SCM;2025;10465.0
3101607;Acesso_SCM;2025;36569.0
3101631;Acesso_SCM;2025;2017.0
3101706;Acesso_SCM;2025;7911.0
3101805;Acesso_SCM;2025;824.0
3101904;Acesso_SCM;2025;3489.0
3102001;Acesso_SCM;2025;2818.0
3102050;Acesso_SCM;2025;2256.0
3102100;Acesso_SCM;2025;2590.0
3102209;Acesso_SCM;2025;1129.0
3102308;Acesso_SCM;2025;4434.0
3102407;Acesso_SCM;2025;1086.0
3102506;Acesso_SCM;2025;643.0
3102605;Acesso_SCM;2025;13897.0
3102704;Acesso_SCM;2025;1534.0
3102803;Acesso_SCM;2025;2198.0
3102852;Acesso_SCM;2025;1506.0
3102902;Acesso_SCM;2025;2855.0
3103009;Acesso_SCM;2025;1226.0
3103108;Acesso_SCM;2025;300.0
3103207;Acesso_SCM;2025;344.0
3103306;Acesso_SCM;2025;110.0
3103405;Acesso_SCM;2025;4815.0
3103504;Acesso_SCM;2025;30060.0
3103603;Acesso_SCM;2025;1028.0
3103702;Acesso_SCM;2025;403.0
3103751;Acesso_SCM;2025;1632.0
3103801;Acesso_SCM;2025;608.0
3103900;Acesso_SCM;2025;2659.0
3104007;Acesso_SCM;2025;34251.0
3104106;Acesso_SCM;2025;1966.0
3104205;Acesso_SCM;2025;16106.0
3104304;Acesso_SCM;2025;4261.0
3104403;Acesso_SCM;2025;504.0
3104452;Acesso_SCM;2025;29.0
3104502;Acesso_SCM;2025;3906.0
3104601;Acesso_SCM;2025;2577.0
3104700;Acesso_SCM;2025;1322.0
3104809;Acesso_SCM;2025;1134.0
3104908;Acesso_SCM;2025;5172.0
3105004;Acesso_SCM;2025;1764.0
3105103;Acesso_SCM;2025;6026.0
3105202;Acesso_SCM;2025;402.0
3105301;Acesso_SCM;2025;877.0
3105400;Acesso_SCM;2025;9345.0
3105509;Acesso_SCM;2025;567.0
3105608;Acesso_SCM;2025;45025.0
3105707;Acesso_SCM;2025;1611.0
3105905;Acesso_SCM;2025;6572.0
3106002;Acesso_SCM;2025;1624.0
3106101;Acesso_SCM;2025;179.0
3106200;Acesso_SCM;2025;973923.0
3106309;Acesso_SCM;2025;5349.0
3106408;Acesso_SCM;2025;1594.0
3106507;Acesso_SCM;2025;190.0
3106606;Acesso_SCM;2025;146.0
3106655;Acesso_SCM;2025;334.0
3106705;Acesso_SCM;2025;122732.0
3106804;Acesso_SCM;2025;228.0
3106903;Acesso_SCM;2025;5849.0
3107000;Acesso_SCM;2025;627.0
3107109;Acesso_SCM;2025;11086.0
3107208;Acesso_SCM;2025;1067.0
3107307;Acesso_SCM;2025;6465.0
3107406;Acesso_SCM;2025;16894.0
3107505;Acesso_SCM;2025;2633.0
3107604;Acesso_SCM;2025;1120.0
3107703;Acesso_SCM;2025;1156.0
3107802;Acesso_SCM;2025;1980.0
3107901;Acesso_SCM;2025;2435.0
3108008;Acesso_SCM;2025;5127.0
3108107;Acesso_SCM;2025;930.0
3108206;Acesso_SCM;2025;301.0
3108255;Acesso_SCM;2025;698.0
3108305;Acesso_SCM;2025;4637.0
3108404;Acesso_SCM;2025;3719.0
3108503;Acesso_SCM;2025;468.0
3108552;Acesso_SCM;2025;3726.0
3108602;Acesso_SCM;2025;6127.0
3108701;Acesso_SCM;2025;797.0
3108800;Acesso_SCM;2025;164.0
3108909;Acesso_SCM;2025;5525.0
3109006;Acesso_SCM;2025;16564.0
3109105;Acesso_SCM;2025;4223.0
3109204;Acesso_SCM;2025;1844.0
3109253;Acesso_SCM;2025;331.0
3109303;Acesso_SCM;2025;5872.0
3109402;Acesso_SCM;2025;5282.0
3109451;Acesso_SCM;2025;2050.0
3109501;Acesso_SCM;2025;2414.0
3109600;Acesso_SCM;2025;946.0
3109709;Acesso_SCM;2025;3102.0
3109808;Acesso_SCM;2025;360.0
3109907;Acesso_SCM;2025;2346.0
3110004;Acesso_SCM;2025;9377.0
3110103;Acesso_SCM;2025;1679.0
3110202;Acesso_SCM;2025;324.0
3110301;Acesso_SCM;2025;2913.0
3110400;Acesso_SCM;2025;695.0
3110509;Acesso_SCM;2025;8187.0
3110608;Acesso_SCM;2025;11253.0
3110707;Acesso_SCM;2025;2849.0
3110806;Acesso_SCM;2025;136.0
3110905;Acesso_SCM;2025;3062.0
3111002;Acesso_SCM;2025;6046.0
3111101;Acesso_SCM;2025;4194.0
3111150;Acesso_SCM;2025;96.0
3111200;Acesso_SCM;2025;14468.0
3111309;Acesso_SCM;2025;1535.0
3111408;Acesso_SCM;2025;1919.0
3111507;Acesso_SCM;2025;4004.0
3111606;Acesso_SCM;2025;3335.0
3111705;Acesso_SCM;2025;832.0
3111804;Acesso_SCM;2025;2103.0
3111903;Acesso_SCM;2025;1269.0
3112000;Acesso_SCM;2025;3583.0
3112059;Acesso_SCM;2025;966.0
3112109;Acesso_SCM;2025;1446.0
3112208;Acesso_SCM;2025;1524.0
3112307;Acesso_SCM;2025;4956.0
3112406;Acesso_SCM;2025;297.0
3112505;Acesso_SCM;2025;2670.0
3112604;Acesso_SCM;2025;3692.0
3112653;Acesso_SCM;2025;757.0
3112703;Acesso_SCM;2025;2347.0
3112802;Acesso_SCM;2025;4308.0
3112901;Acesso_SCM;2025;2733.0
3113008;Acesso_SCM;2025;662.0
3113107;Acesso_SCM;2025;639.0
3113206;Acesso_SCM;2025;2733.0
3113305;Acesso_SCM;2025;7981.0
3113404;Acesso_SCM;2025;30645.0
3113503;Acesso_SCM;2025;251.0
3113602;Acesso_SCM;2025;1719.0
3113701;Acesso_SCM;2025;2821.0
3113800;Acesso_SCM;2025;178.0
3113909;Acesso_SCM;2025;2431.0
3114006;Acesso_SCM;2025;3904.0
3114105;Acesso_SCM;2025;3044.0
3114204;Acesso_SCM;2025;6138.0
3114303;Acesso_SCM;2025;9237.0
3114402;Acesso_SCM;2025;6089.0
3114501;Acesso_SCM;2025;2968.0
3114550;Acesso_SCM;2025;1140.0
3114600;Acesso_SCM;2025;981.0
3114709;Acesso_SCM;2025;1266.0
3114808;Acesso_SCM;2025;1431.0
3114907;Acesso_SCM;2025;593.0
3115003;Acesso_SCM;2025;103.0
3115102;Acesso_SCM;2025;3911.0
3115201;Acesso_SCM;2025;982.0
3115300;Acesso_SCM;2025;19426.0
3115359;Acesso_SCM;2025;1672.0
3115409;Acesso_SCM;2025;262.0
3115458;Acesso_SCM;2025;637.0
3115474;Acesso_SCM;2025;289.0
3115508;Acesso_SCM;2025;6629.0
3115607;Acesso_SCM;2025;262.0
3115706;Acesso_SCM;2025;1621.0
3115805;Acesso_SCM;2025;1845.0
3115904;Acesso_SCM;2025;1174.0
3116001;Acesso_SCM;2025;1445.0
3116100;Acesso_SCM;2025;319.0
3116159;Acesso_SCM;2025;1234.0
3116209;Acesso_SCM;2025;257.0
3116308;Acesso_SCM;2025;1096.0
3116407;Acesso_SCM;2025;1141.0
3116506;Acesso_SCM;2025;881.0
3116605;Acesso_SCM;2025;11522.0
3116704;Acesso_SCM;2025;1787.0
3116803;Acesso_SCM;2025;1081.0
3116902;Acesso_SCM;2025;302.0
3117009;Acesso_SCM;2025;1144.0
3117108;Acesso_SCM;2025;2158.0
3117207;Acesso_SCM;2025;976.0
3117306;Acesso_SCM;2025;7803.0
3117405;Acesso_SCM;2025;911.0
3117504;Acesso_SCM;2025;8663.0
3117603;Acesso_SCM;2025;2148.0
3117702;Acesso_SCM;2025;4147.0
3117801;Acesso_SCM;2025;2282.0
3117836;Acesso_SCM;2025;480.0
3117876;Acesso_SCM;2025;2960.0
3117900;Acesso_SCM;2025;1455.0
3118007;Acesso_SCM;2025;17997.0
3118106;Acesso_SCM;2025;1190.0
3118205;Acesso_SCM;2025;2212.0
3118304;Acesso_SCM;2025;47587.0
3118403;Acesso_SCM;2025;5764.0
3118502;Acesso_SCM;2025;742.0
3118601;Acesso_SCM;2025;219304.0
3118700;Acesso_SCM;2025;1462.0
3118809;Acesso_SCM;2025;2010.0
3118908;Acesso_SCM;2025;2036.0
3119005;Acesso_SCM;2025;871.0
3119104;Acesso_SCM;2025;4277.0
3119203;Acesso_SCM;2025;741.0
3119302;Acesso_SCM;2025;6178.0
3119401;Acesso_SCM;2025;20203.0
3119500;Acesso_SCM;2025;1379.0
3119609;Acesso_SCM;2025;717.0
3119708;Acesso_SCM;2025;971.0
3119807;Acesso_SCM;2025;818.0
3119906;Acesso_SCM;2025;1525.0
3119955;Acesso_SCM;2025;1821.0
3120003;Acesso_SCM;2025;21.0
3120102;Acesso_SCM;2025;924.0
3120151;Acesso_SCM;2025;310.0
3120201;Acesso_SCM;2025;3843.0
3120300;Acesso_SCM;2025;797.0
3120409;Acesso_SCM;2025;440.0
3120508;Acesso_SCM;2025;2247.0
3120607;Acesso_SCM;2025;684.0
3120706;Acesso_SCM;2025;1173.0
3120805;Acesso_SCM;2025;3802.0
3120839;Acesso_SCM;2025;414.0
3120870;Acesso_SCM;2025;1352.0
3120904;Acesso_SCM;2025;21777.0
3121001;Acesso_SCM;2025;1081.0
3121100;Acesso_SCM;2025;1901.0
3121209;Acesso_SCM;2025;1925.0
3121258;Acesso_SCM;2025;1816.0
3121308;Acesso_SCM;2025;998.0
3121407;Acesso_SCM;2025;258.0
3121506;Acesso_SCM;2025;368.0
3121605;Acesso_SCM;2025;15241.0
3121704;Acesso_SCM;2025;458.0
3121803;Acesso_SCM;2025;496.0
3121902;Acesso_SCM;2025;186.0
3122009;Acesso_SCM;2025;5379.0
3122108;Acesso_SCM;2025;1018.0
3122207;Acesso_SCM;2025;2037.0
3122306;Acesso_SCM;2025;86780.0
3122355;Acesso_SCM;2025;424.0
3122405;Acesso_SCM;2025;1646.0
3122454;Acesso_SCM;2025;395.0
3122470;Acesso_SCM;2025;143.0
3122504;Acesso_SCM;2025;1284.0
3122603;Acesso_SCM;2025;1545.0
3122702;Acesso_SCM;2025;2569.0
3122801;Acesso_SCM;2025;1059.0
3122900;Acesso_SCM;2025;1489.0
3123007;Acesso_SCM;2025;3056.0
3123106;Acesso_SCM;2025;211.0
3123205;Acesso_SCM;2025;3533.0
3123304;Acesso_SCM;2025;150.0
3123403;Acesso_SCM;2025;43.0
3123502;Acesso_SCM;2025;163.0
3123528;Acesso_SCM;2025;2183.0
3123601;Acesso_SCM;2025;7296.0
3123700;Acesso_SCM;2025;1314.0
3123809;Acesso_SCM;2025;806.0
3123858;Acesso_SCM;2025;224.0
3123908;Acesso_SCM;2025;3977.0
3124005;Acesso_SCM;2025;1203.0
3124104;Acesso_SCM;2025;21978.0
3124203;Acesso_SCM;2025;8969.0
3124302;Acesso_SCM;2025;1654.0
3124401;Acesso_SCM;2025;786.0
3124500;Acesso_SCM;2025;896.0
3124609;Acesso_SCM;2025;88.0
3124708;Acesso_SCM;2025;751.0
3124807;Acesso_SCM;2025;535.0
3124906;Acesso_SCM;2025;902.0
3125002;Acesso_SCM;2025;833.0
3125101;Acesso_SCM;2025;24484.0
3125200;Acesso_SCM;2025;594.0
3125309;Acesso_SCM;2025;1553.0
3125408;Acesso_SCM;2025;1142.0
3125507;Acesso_SCM;2025;702.0
3125606;Acesso_SCM;2025;554.0
3125705;Acesso_SCM;2025;1206.0
3125804;Acesso_SCM;2025;267.0
3125903;Acesso_SCM;2025;1554.0
3125952;Acesso_SCM;2025;1135.0
3126000;Acesso_SCM;2025;3563.0
3126109;Acesso_SCM;2025;24947.0
3126208;Acesso_SCM;2025;385.0
3126307;Acesso_SCM;2025;532.0
3126406;Acesso_SCM;2025;937.0
3126505;Acesso_SCM;2025;123.0
3126604;Acesso_SCM;2025;328.0
3126703;Acesso_SCM;2025;4615.0
3126752;Acesso_SCM;2025;756.0
3126802;Acesso_SCM;2025;331.0
3126901;Acesso_SCM;2025;1414.0
3126950;Acesso_SCM;2025;458.0
3127008;Acesso_SCM;2025;3215.0
3127057;Acesso_SCM;2025;869.0
3127073;Acesso_SCM;2025;220.0
3127107;Acesso_SCM;2025;20857.0
3127206;Acesso_SCM;2025;1476.0
3127305;Acesso_SCM;2025;1134.0
3127339;Acesso_SCM;2025;71.0
3127354;Acesso_SCM;2025;301.0
3127370;Acesso_SCM;2025;775.0
3127388;Acesso_SCM;2025;1329.0
3127404;Acesso_SCM;2025;1625.0
3127503;Acesso_SCM;2025;1321.0
3127602;Acesso_SCM;2025;2400.0
3127701;Acesso_SCM;2025;101348.0
3127800;Acesso_SCM;2025;1555.0
3127909;Acesso_SCM;2025;23.0
3128006;Acesso_SCM;2025;7890.0
3128105;Acesso_SCM;2025;2469.0
3128204;Acesso_SCM;2025;1255.0
3128253;Acesso_SCM;2025;1899.0
3128303;Acesso_SCM;2025;2742.0
3128402;Acesso_SCM;2025;1293.0
3128501;Acesso_SCM;2025;1067.0
3128600;Acesso_SCM;2025;763.0
3128709;Acesso_SCM;2025;19225.0
3128808;Acesso_SCM;2025;2712.0
3128907;Acesso_SCM;2025;2282.0
3129004;Acesso_SCM;2025;1817.0
3129103;Acesso_SCM;2025;1041.0
3129202;Acesso_SCM;2025;1899.0
3129301;Acesso_SCM;2025;1658.0
3129400;Acesso_SCM;2025;1428.0
3129509;Acesso_SCM;2025;6011.0
3129608;Acesso_SCM;2025;703.0
3129657;Acesso_SCM;2025;269.0
3129707;Acesso_SCM;2025;2116.0
3129806;Acesso_SCM;2025;47488.0
3129905;Acesso_SCM;2025;598.0
3130002;Acesso_SCM;2025;709.0
3130051;Acesso_SCM;2025;487.0
3130101;Acesso_SCM;2025;17121.0
3130200;Acesso_SCM;2025;4092.0
3130309;Acesso_SCM;2025;1622.0
3130408;Acesso_SCM;2025;2301.0
3130507;Acesso_SCM;2025;2571.0
3130556;Acesso_SCM;2025;1618.0
3130606;Acesso_SCM;2025;1625.0
3130655;Acesso_SCM;2025;321.0
3130705;Acesso_SCM;2025;632.0
3130804;Acesso_SCM;2025;256.0
3130903;Acesso_SCM;2025;3880.0
3131000;Acesso_SCM;2025;1329.0
3131109;Acesso_SCM;2025;1581.0
3131158;Acesso_SCM;2025;852.0
3131208;Acesso_SCM;2025;4432.0
3131307;Acesso_SCM;2025;72750.0
3131406;Acesso_SCM;2025;635.0
3131505;Acesso_SCM;2025;1231.0
3131604;Acesso_SCM;2025;1560.0
3131703;Acesso_SCM;2025;38119.0
3131802;Acesso_SCM;2025;526.0
3131901;Acesso_SCM;2025;14088.0
3132008;Acesso_SCM;2025;382.0
3132107;Acesso_SCM;2025;1309.0
3132206;Acesso_SCM;2025;1583.0
3132305;Acesso_SCM;2025;1895.0
3132404;Acesso_SCM;2025;37615.0
3132503;Acesso_SCM;2025;3252.0
3132602;Acesso_SCM;2025;712.0
3132701;Acesso_SCM;2025;1377.0
3132800;Acesso_SCM;2025;667.0
3132909;Acesso_SCM;2025;3003.0
3133006;Acesso_SCM;2025;5558.0
3133105;Acesso_SCM;2025;4717.0
3133204;Acesso_SCM;2025;1228.0
3133303;Acesso_SCM;2025;2172.0
3133402;Acesso_SCM;2025;2434.0
3133501;Acesso_SCM;2025;6354.0
3133600;Acesso_SCM;2025;5932.0
3133709;Acesso_SCM;2025;2367.0
3133758;Acesso_SCM;2025;3849.0
3133808;Acesso_SCM;2025;36451.0
3133907;Acesso_SCM;2025;1209.0
3134004;Acesso_SCM;2025;1510.0
3134103;Acesso_SCM;2025;1067.0
3134202;Acesso_SCM;2025;33754.0
3134301;Acesso_SCM;2025;1312.0
3134400;Acesso_SCM;2025;10152.0
3134509;Acesso_SCM;2025;1497.0
3134608;Acesso_SCM;2025;3205.0
3134707;Acesso_SCM;2025;1713.0
3134806;Acesso_SCM;2025;2241.0
3134905;Acesso_SCM;2025;8876.0
3135001;Acesso_SCM;2025;338.0
3135050;Acesso_SCM;2025;9596.0
3135076;Acesso_SCM;2025;420.0
3135100;Acesso_SCM;2025;13860.0
3135209;Acesso_SCM;2025;10231.0
3135308;Acesso_SCM;2025;838.0
3135357;Acesso_SCM;2025;306.0
3135407;Acesso_SCM;2025;1459.0
3135456;Acesso_SCM;2025;103.0
3135506;Acesso_SCM;2025;1908.0
3135605;Acesso_SCM;2025;1342.0
3135704;Acesso_SCM;2025;1548.0
3135803;Acesso_SCM;2025;2387.0
3135902;Acesso_SCM;2025;274.0
3136009;Acesso_SCM;2025;1898.0
3136108;Acesso_SCM;2025;401.0
3136207;Acesso_SCM;2025;26320.0
3136306;Acesso_SCM;2025;5253.0
3136405;Acesso_SCM;2025;480.0
3136504;Acesso_SCM;2025;1206.0
3136520;Acesso_SCM;2025;496.0
3136553;Acesso_SCM;2025;45.0
3136579;Acesso_SCM;2025;226.0
3136603;Acesso_SCM;2025;1674.0
3136652;Acesso_SCM;2025;12617.0
3136702;Acesso_SCM;2025;234400.0
3136801;Acesso_SCM;2025;110.0
3136900;Acesso_SCM;2025;2531.0
3136959;Acesso_SCM;2025;32.0
3137007;Acesso_SCM;2025;745.0
3137106;Acesso_SCM;2025;963.0
3137205;Acesso_SCM;2025;17853.0
3137304;Acesso_SCM;2025;178.0
3137403;Acesso_SCM;2025;2653.0
3137502;Acesso_SCM;2025;6432.0
3137536;Acesso_SCM;2025;680.0
3137601;Acesso_SCM;2025;32531.0
3137700;Acesso_SCM;2025;4480.0
3137809;Acesso_SCM;2025;4716.0
3137908;Acesso_SCM;2025;1082.0
3138005;Acesso_SCM;2025;459.0
3138104;Acesso_SCM;2025;1116.0
3138203;Acesso_SCM;2025;35927.0
3138302;Acesso_SCM;2025;489.0
3138351;Acesso_SCM;2025;912.0
3138401;Acesso_SCM;2025;15094.0
3138500;Acesso_SCM;2025;1404.0
3138609;Acesso_SCM;2025;5174.0
3138625;Acesso_SCM;2025;1136.0
3138658;Acesso_SCM;2025;304.0
3138674;Acesso_SCM;2025;952.0
3138682;Acesso_SCM;2025;339.0
3138708;Acesso_SCM;2025;462.0
3138807;Acesso_SCM;2025;4726.0
3138906;Acesso_SCM;2025;662.0
3139003;Acesso_SCM;2025;12223.0
3139102;Acesso_SCM;2025;1782.0
3139201;Acesso_SCM;2025;2565.0
3139250;Acesso_SCM;2025;21.0
3139300;Acesso_SCM;2025;121.0
3139409;Acesso_SCM;2025;27844.0
3139508;Acesso_SCM;2025;6097.0
3139607;Acesso_SCM;2025;4214.0
3139706;Acesso_SCM;2025;1700.0
3139805;Acesso_SCM;2025;5391.0
3139904;Acesso_SCM;2025;2125.0
3140001;Acesso_SCM;2025;22454.0
3140100;Acesso_SCM;2025;494.0
3140159;Acesso_SCM;2025;4659.0
3140209;Acesso_SCM;2025;410.0
3140308;Acesso_SCM;2025;557.0
3140407;Acesso_SCM;2025;89.0
3140506;Acesso_SCM;2025;5462.0
3140530;Acesso_SCM;2025;3177.0
3140555;Acesso_SCM;2025;180.0
3140605;Acesso_SCM;2025;197.0
3140704;Acesso_SCM;2025;14869.0
3140803;Acesso_SCM;2025;4824.0
3140852;Acesso_SCM;2025;878.0
3140902;Acesso_SCM;2025;2672.0
3141009;Acesso_SCM;2025;573.0
3141108;Acesso_SCM;2025;9761.0
3141207;Acesso_SCM;2025;1210.0
3141306;Acesso_SCM;2025;728.0
3141405;Acesso_SCM;2025;4349.0
3141504;Acesso_SCM;2025;217.0
3141603;Acesso_SCM;2025;2261.0
3141702;Acesso_SCM;2025;614.0
3141801;Acesso_SCM;2025;779.0
3141900;Acesso_SCM;2025;578.0
3142007;Acesso_SCM;2025;2400.0
3142106;Acesso_SCM;2025;2798.0
3142205;Acesso_SCM;2025;2502.0
3142254;Acesso_SCM;2025;151.0
3142304;Acesso_SCM;2025;1637.0
3142403;Acesso_SCM;2025;3318.0
3142502;Acesso_SCM;2025;134.0
3142601;Acesso_SCM;2025;2601.0
3142700;Acesso_SCM;2025;78.0
3142809;Acesso_SCM;2025;4257.0
3142908;Acesso_SCM;2025;1932.0
3143005;Acesso_SCM;2025;2563.0
3143104;Acesso_SCM;2025;8356.0
3143153;Acesso_SCM;2025;299.0
3143203;Acesso_SCM;2025;6996.0
3143302;Acesso_SCM;2025;119775.0
3143401;Acesso_SCM;2025;8792.0
3143450;Acesso_SCM;2025;80.0
3143500;Acesso_SCM;2025;3893.0
3143609;Acesso_SCM;2025;117.0
3143708;Acesso_SCM;2025;1148.0
3143807;Acesso_SCM;2025;2896.0
3143906;Acesso_SCM;2025;53777.0
3144003;Acesso_SCM;2025;4911.0
3144102;Acesso_SCM;2025;7180.0
3144201;Acesso_SCM;2025;406.0
3144300;Acesso_SCM;2025;4563.0
3144359;Acesso_SCM;2025;1053.0
3144375;Acesso_SCM;2025;360.0
3144409;Acesso_SCM;2025;1397.0
3144508;Acesso_SCM;2025;2873.0
3144607;Acesso_SCM;2025;5727.0
3144656;Acesso_SCM;2025;722.0
3144672;Acesso_SCM;2025;147.0
3144706;Acesso_SCM;2025;3596.0
3144805;Acesso_SCM;2025;46705.0
3144904;Acesso_SCM;2025;651.0
3145000;Acesso_SCM;2025;3674.0
3145059;Acesso_SCM;2025;969.0
3145109;Acesso_SCM;2025;3824.0
3145208;Acesso_SCM;2025;40722.0
3145307;Acesso_SCM;2025;2944.0
3145356;Acesso_SCM;2025;888.0
3145372;Acesso_SCM;2025;132.0
3145406;Acesso_SCM;2025;549.0
3145455;Acesso_SCM;2025;708.0
3145505;Acesso_SCM;2025;273.0
3145604;Acesso_SCM;2025;14205.0
3145703;Acesso_SCM;2025;147.0
3145802;Acesso_SCM;2025;1088.0
3145851;Acesso_SCM;2025;1190.0
3145877;Acesso_SCM;2025;943.0
3145901;Acesso_SCM;2025;14477.0
3146008;Acesso_SCM;2025;10211.0
3146107;Acesso_SCM;2025;27449.0
3146206;Acesso_SCM;2025;404.0
3146255;Acesso_SCM;2025;98.0
3146305;Acesso_SCM;2025;1166.0
3146404;Acesso_SCM;2025;584.0
3146503;Acesso_SCM;2025;2401.0
3146552;Acesso_SCM;2025;353.0
3146602;Acesso_SCM;2025;109.0
3146701;Acesso_SCM;2025;854.0
3146750;Acesso_SCM;2025;1252.0
3146909;Acesso_SCM;2025;3198.0
3147006;Acesso_SCM;2025;27447.0
3147105;Acesso_SCM;2025;39307.0
3147204;Acesso_SCM;2025;4875.0
3147303;Acesso_SCM;2025;7306.0
3147402;Acesso_SCM;2025;4867.0
3147501;Acesso_SCM;2025;363.0
3147600;Acesso_SCM;2025;4974.0
3147709;Acesso_SCM;2025;477.0
3147808;Acesso_SCM;2025;306.0
3147907;Acesso_SCM;2025;30393.0
3147956;Acesso_SCM;2025;605.0
3148004;Acesso_SCM;2025;64296.0
3148103;Acesso_SCM;2025;26059.0
3148202;Acesso_SCM;2025;463.0
3148301;Acesso_SCM;2025;221.0
3148400;Acesso_SCM;2025;188.0
3148509;Acesso_SCM;2025;841.0
3148608;Acesso_SCM;2025;3200.0
3148707;Acesso_SCM;2025;3691.0
3148756;Acesso_SCM;2025;442.0
3148806;Acesso_SCM;2025;103.0
3148905;Acesso_SCM;2025;1095.0
3149002;Acesso_SCM;2025;315.0
3149101;Acesso_SCM;2025;3278.0
3149150;Acesso_SCM;2025;210.0
3149200;Acesso_SCM;2025;868.0
3149309;Acesso_SCM;2025;20562.0
3149408;Acesso_SCM;2025;221.0
3149507;Acesso_SCM;2025;1269.0
3149606;Acesso_SCM;2025;1491.0
3149705;Acesso_SCM;2025;4984.0
3149804;Acesso_SCM;2025;2833.0
3149903;Acesso_SCM;2025;6809.0
3149952;Acesso_SCM;2025;540.0
3150000;Acesso_SCM;2025;459.0
3150109;Acesso_SCM;2025;633.0
3150158;Acesso_SCM;2025;1694.0
3150208;Acesso_SCM;2025;1250.0
3150307;Acesso_SCM;2025;1276.0
3150406;Acesso_SCM;2025;377.0
3150505;Acesso_SCM;2025;1291.0
3150539;Acesso_SCM;2025;16.0
3150570;Acesso_SCM;2025;183.0
3150604;Acesso_SCM;2025;591.0
3150703;Acesso_SCM;2025;1765.0
3150802;Acesso_SCM;2025;1260.0
3150901;Acesso_SCM;2025;2072.0
3151008;Acesso_SCM;2025;3422.0
3151107;Acesso_SCM;2025;419.0
3151206;Acesso_SCM;2025;17603.0
3151305;Acesso_SCM;2025;1246.0
3151404;Acesso_SCM;2025;8762.0
3151503;Acesso_SCM;2025;6369.0
3151602;Acesso_SCM;2025;3144.0
3151701;Acesso_SCM;2025;2516.0
3151800;Acesso_SCM;2025;77099.0
3151909;Acesso_SCM;2025;1414.0
3152006;Acesso_SCM;2025;9371.0
3152105;Acesso_SCM;2025;20018.0
3152131;Acesso_SCM;2025;236.0
3152170;Acesso_SCM;2025;595.0
3152204;Acesso_SCM;2025;5235.0
3152303;Acesso_SCM;2025;934.0
3152402;Acesso_SCM;2025;1684.0
3152501;Acesso_SCM;2025;52673.0
3152600;Acesso_SCM;2025;1940.0
3152709;Acesso_SCM;2025;2753.0
3152808;Acesso_SCM;2025;7540.0
3152907;Acesso_SCM;2025;1452.0
3153004;Acesso_SCM;2025;384.0
3153103;Acesso_SCM;2025;615.0
3153202;Acesso_SCM;2025;572.0
3153301;Acesso_SCM;2025;613.0
3153400;Acesso_SCM;2025;3901.0
3153509;Acesso_SCM;2025;2443.0
3153608;Acesso_SCM;2025;1891.0
3153707;Acesso_SCM;2025;628.0
3153806;Acesso_SCM;2025;539.0
3153905;Acesso_SCM;2025;2308.0
3154002;Acesso_SCM;2025;4696.0
3154101;Acesso_SCM;2025;1239.0
3154150;Acesso_SCM;2025;1844.0
3154200;Acesso_SCM;2025;2940.0
3154309;Acesso_SCM;2025;3873.0
3154408;Acesso_SCM;2025;857.0
3154457;Acesso_SCM;2025;227.0
3154507;Acesso_SCM;2025;784.0
3154606;Acesso_SCM;2025;86816.0
3154705;Acesso_SCM;2025;1381.0
3154804;Acesso_SCM;2025;2895.0
3154903;Acesso_SCM;2025;3231.0
3155009;Acesso_SCM;2025;1048.0
3155108;Acesso_SCM;2025;495.0
3155207;Acesso_SCM;2025;1598.0
3155306;Acesso_SCM;2025;513.0
3155405;Acesso_SCM;2025;2572.0
3155504;Acesso_SCM;2025;3858.0
3155603;Acesso_SCM;2025;2674.0
3155702;Acesso_SCM;2025;4218.0
3155801;Acesso_SCM;2025;3001.0
3155900;Acesso_SCM;2025;1594.0
3156007;Acesso_SCM;2025;797.0
3156106;Acesso_SCM;2025;1340.0
3156205;Acesso_SCM;2025;763.0
3156304;Acesso_SCM;2025;1511.0
3156403;Acesso_SCM;2025;292.0
3156452;Acesso_SCM;2025;1014.0
3156502;Acesso_SCM;2025;583.0
3156601;Acesso_SCM;2025;1400.0
3156700;Acesso_SCM;2025;35111.0
3156809;Acesso_SCM;2025;754.0
3156908;Acesso_SCM;2025;8737.0
3157005;Acesso_SCM;2025;8714.0
3157104;Acesso_SCM;2025;233.0
3157203;Acesso_SCM;2025;9762.0
3157252;Acesso_SCM;2025;208.0
3157278;Acesso_SCM;2025;769.0
3157302;Acesso_SCM;2025;388.0
3157336;Acesso_SCM;2025;2962.0
3157377;Acesso_SCM;2025;436.0
3157401;Acesso_SCM;2025;1581.0
3157500;Acesso_SCM;2025;1715.0
3157609;Acesso_SCM;2025;924.0
3157658;Acesso_SCM;2025;1225.0
3157708;Acesso_SCM;2025;4665.0
3157807;Acesso_SCM;2025;74448.0
3157906;Acesso_SCM;2025;1070.0
3158003;Acesso_SCM;2025;3002.0
3158102;Acesso_SCM;2025;30.0
3158201;Acesso_SCM;2025;172.0
3158300;Acesso_SCM;2025;841.0
3158409;Acesso_SCM;2025;778.0
3158508;Acesso_SCM;2025;1252.0
3158607;Acesso_SCM;2025;307.0
3158706;Acesso_SCM;2025;535.0
3158805;Acesso_SCM;2025;1486.0
3158904;Acesso_SCM;2025;1861.0
3158953;Acesso_SCM;2025;10001.0
3159001;Acesso_SCM;2025;913.0
3159100;Acesso_SCM;2025;966.0
3159209;Acesso_SCM;2025;1707.0
3159308;Acesso_SCM;2025;1727.0
3159357;Acesso_SCM;2025;2083.0
3159407;Acesso_SCM;2025;729.0
3159506;Acesso_SCM;2025;403.0
3159605;Acesso_SCM;2025;15313.0
3159704;Acesso_SCM;2025;561.0
3159803;Acesso_SCM;2025;5243.0
3159902;Acesso_SCM;2025;5251.0
3160009;Acesso_SCM;2025;794.0
3160108;Acesso_SCM;2025;237.0
3160207;Acesso_SCM;2025;266.0
3160306;Acesso_SCM;2025;1897.0
3160405;Acesso_SCM;2025;9847.0
3160454;Acesso_SCM;2025;397.0
3160504;Acesso_SCM;2025;379.0
3160603;Acesso_SCM;2025;411.0
3160702;Acesso_SCM;2025;12466.0
3160801;Acesso_SCM;2025;867.0
3160900;Acesso_SCM;2025;1353.0
3160959;Acesso_SCM;2025;1322.0
3161007;Acesso_SCM;2025;2920.0
3161056;Acesso_SCM;2025;94.0
3161106;Acesso_SCM;2025;7102.0
3161205;Acesso_SCM;2025;1995.0
3161304;Acesso_SCM;2025;1321.0
3161403;Acesso_SCM;2025;774.0
3161502;Acesso_SCM;2025;2550.0
3161601;Acesso_SCM;2025;822.0
3161650;Acesso_SCM;2025;651.0
3161700;Acesso_SCM;2025;1786.0
3161809;Acesso_SCM;2025;2686.0
3161908;Acesso_SCM;2025;3697.0
3162005;Acesso_SCM;2025;7824.0
3162104;Acesso_SCM;2025;13417.0
3162203;Acesso_SCM;2025;1112.0
3162252;Acesso_SCM;2025;255.0
3162302;Acesso_SCM;2025;523.0
3162401;Acesso_SCM;2025;1464.0
3162450;Acesso_SCM;2025;252.0
3162500;Acesso_SCM;2025;35833.0
3162559;Acesso_SCM;2025;1616.0
3162575;Acesso_SCM;2025;458.0
3162609;Acesso_SCM;2025;123.0
3162658;Acesso_SCM;2025;121.0
3162708;Acesso_SCM;2025;3291.0
3162807;Acesso_SCM;2025;2673.0
3162906;Acesso_SCM;2025;7642.0
3162922;Acesso_SCM;2025;8437.0
3162948;Acesso_SCM;2025;1676.0
3162955;Acesso_SCM;2025;9439.0
3163003;Acesso_SCM;2025;132.0
3163102;Acesso_SCM;2025;1571.0
3163201;Acesso_SCM;2025;915.0
3163300;Acesso_SCM;2025;717.0
3163409;Acesso_SCM;2025;443.0
3163508;Acesso_SCM;2025;331.0
3163607;Acesso_SCM;2025;631.0
3163706;Acesso_SCM;2025;20204.0
3163805;Acesso_SCM;2025;1554.0
3163904;Acesso_SCM;2025;987.0
3164001;Acesso_SCM;2025;1659.0
3164100;Acesso_SCM;2025;306.0
3164209;Acesso_SCM;2025;782.0
3164308;Acesso_SCM;2025;1219.0
3164407;Acesso_SCM;2025;1387.0
3164431;Acesso_SCM;2025;545.0
3164472;Acesso_SCM;2025;1272.0
3164506;Acesso_SCM;2025;458.0
3164605;Acesso_SCM;2025;1176.0
3164704;Acesso_SCM;2025;26740.0
3164803;Acesso_SCM;2025;232.0
3164902;Acesso_SCM;2025;567.0
3165008;Acesso_SCM;2025;3347.0
3165107;Acesso_SCM;2025;2249.0
3165206;Acesso_SCM;2025;1658.0
3165305;Acesso_SCM;2025;746.0
3165404;Acesso_SCM;2025;1735.0
3165503;Acesso_SCM;2025;1925.0
3165537;Acesso_SCM;2025;25284.0
3165552;Acesso_SCM;2025;825.0
3165560;Acesso_SCM;2025;299.0
3165578;Acesso_SCM;2025;2716.0
3165602;Acesso_SCM;2025;698.0
3165701;Acesso_SCM;2025;357.0
3165800;Acesso_SCM;2025;40.0
3165909;Acesso_SCM;2025;1779.0
3166006;Acesso_SCM;2025;1290.0
3166105;Acesso_SCM;2025;456.0
3166204;Acesso_SCM;2025;2661.0
3166303;Acesso_SCM;2025;1821.0
3166402;Acesso_SCM;2025;447.0
3166501;Acesso_SCM;2025;317.0
3166600;Acesso_SCM;2025;37.0
3166709;Acesso_SCM;2025;508.0
3166808;Acesso_SCM;2025;3067.0
3166907;Acesso_SCM;2025;1948.0
3166956;Acesso_SCM;2025;405.0
3167004;Acesso_SCM;2025;386.0
3167103;Acesso_SCM;2025;4598.0
3167202;Acesso_SCM;2025;81304.0
3167301;Acesso_SCM;2025;153.0
3167400;Acesso_SCM;2025;1330.0
3167509;Acesso_SCM;2025;74.0
3167608;Acesso_SCM;2025;5260.0
3167707;Acesso_SCM;2025;457.0
3167806;Acesso_SCM;2025;1498.0
3167905;Acesso_SCM;2025;368.0
3168002;Acesso_SCM;2025;7766.0
3168051;Acesso_SCM;2025;596.0
3168101;Acesso_SCM;2025;507.0
3168200;Acesso_SCM;2025;409.0
3168309;Acesso_SCM;2025;720.0
3168408;Acesso_SCM;2025;401.0
3168507;Acesso_SCM;2025;721.0
3168606;Acesso_SCM;2025;23848.0
3168705;Acesso_SCM;2025;23930.0
3168804;Acesso_SCM;2025;3915.0
3168903;Acesso_SCM;2025;852.0
3169000;Acesso_SCM;2025;2456.0
3169059;Acesso_SCM;2025;316.0
3169109;Acesso_SCM;2025;3161.0
3169208;Acesso_SCM;2025;3576.0
3169307;Acesso_SCM;2025;25067.0
3169356;Acesso_SCM;2025;11217.0
3169406;Acesso_SCM;2025;7392.0
3169505;Acesso_SCM;2025;769.0
3169604;Acesso_SCM;2025;6518.0
3169703;Acesso_SCM;2025;3598.0
3169802;Acesso_SCM;2025;1218.0
3169901;Acesso_SCM;2025;27805.0
3170008;Acesso_SCM;2025;330.0
3170057;Acesso_SCM;2025;3737.0
3170107;Acesso_SCM;2025;142847.0
3170206;Acesso_SCM;2025;299684.0
3170305;Acesso_SCM;2025;79.0
3170404;Acesso_SCM;2025;30899.0
3170438;Acesso_SCM;2025;1147.0
3170479;Acesso_SCM;2025;465.0
3170503;Acesso_SCM;2025;3870.0
3170529;Acesso_SCM;2025;493.0
3170578;Acesso_SCM;2025;15.0
3170602;Acesso_SCM;2025;457.0
3170651;Acesso_SCM;2025;695.0
3170701;Acesso_SCM;2025;51390.0
3170750;Acesso_SCM;2025;1818.0
3170800;Acesso_SCM;2025;5572.0
3170909;Acesso_SCM;2025;1665.0
3171006;Acesso_SCM;2025;2384.0
3171030;Acesso_SCM;2025;461.0
3171071;Acesso_SCM;2025;837.0
3171105;Acesso_SCM;2025;621.0
3171154;Acesso_SCM;2025;178.0
3171204;Acesso_SCM;2025;38513.0
3171303;Acesso_SCM;2025;25529.0
3171402;Acesso_SCM;2025;616.0
3171501;Acesso_SCM;2025;241.0
3171600;Acesso_SCM;2025;485.0
3171709;Acesso_SCM;2025;1860.0
3171808;Acesso_SCM;2025;1880.0
3171907;Acesso_SCM;2025;877.0
3172004;Acesso_SCM;2025;12290.0
3172103;Acesso_SCM;2025;53.0
3172202;Acesso_SCM;2025;290.0
3200102;Acesso_SCM;2025;3539.0
3200136;Acesso_SCM;2025;1172.0
3200169;Acesso_SCM;2025;1344.0
3200201;Acesso_SCM;2025;9023.0
3200300;Acesso_SCM;2025;4706.0
3200359;Acesso_SCM;2025;1128.0
3200409;Acesso_SCM;2025;8521.0
3200508;Acesso_SCM;2025;1054.0
3200607;Acesso_SCM;2025;21600.0
3200706;Acesso_SCM;2025;4050.0
3200805;Acesso_SCM;2025;7327.0
3200904;Acesso_SCM;2025;5153.0
3201001;Acesso_SCM;2025;2384.0
3201100;Acesso_SCM;2025;3377.0
3201159;Acesso_SCM;2025;2468.0
3201209;Acesso_SCM;2025;64908.0
3201308;Acesso_SCM;2025;107648.0
3201407;Acesso_SCM;2025;15489.0
3201506;Acesso_SCM;2025;37083.0
3201605;Acesso_SCM;2025;5775.0
3201704;Acesso_SCM;2025;1313.0
3201803;Acesso_SCM;2025;951.0
3201902;Acesso_SCM;2025;11434.0
3202009;Acesso_SCM;2025;1808.0
3202108;Acesso_SCM;2025;949.0
3202207;Acesso_SCM;2025;3080.0
3202256;Acesso_SCM;2025;632.0
3202306;Acesso_SCM;2025;8461.0
3202405;Acesso_SCM;2025;42557.0
3202454;Acesso_SCM;2025;9120.0
3202504;Acesso_SCM;2025;2714.0
3202553;Acesso_SCM;2025;2690.0
3202603;Acesso_SCM;2025;3869.0
3202652;Acesso_SCM;2025;3724.0
3202702;Acesso_SCM;2025;2753.0
3202801;Acesso_SCM;2025;10926.0
3202900;Acesso_SCM;2025;1986.0
3203007;Acesso_SCM;2025;6615.0
3203056;Acesso_SCM;2025;3298.0
3203106;Acesso_SCM;2025;2640.0
3203130;Acesso_SCM;2025;4962.0
3203163;Acesso_SCM;2025;2953.0
3203205;Acesso_SCM;2025;50119.0
3203304;Acesso_SCM;2025;1065.0
3203320;Acesso_SCM;2025;14720.0
3203346;Acesso_SCM;2025;4769.0
3203353;Acesso_SCM;2025;3937.0
3203403;Acesso_SCM;2025;3787.0
3203502;Acesso_SCM;2025;2754.0
3203601;Acesso_SCM;2025;2150.0
3203700;Acesso_SCM;2025;3426.0
3203809;Acesso_SCM;2025;3683.0
3203908;Acesso_SCM;2025;7505.0
3204005;Acesso_SCM;2025;3579.0
3204054;Acesso_SCM;2025;1618.0
3204104;Acesso_SCM;2025;3912.0
3204203;Acesso_SCM;2025;9710.0
3204252;Acesso_SCM;2025;1486.0
3204302;Acesso_SCM;2025;2384.0
3204351;Acesso_SCM;2025;2345.0
3204401;Acesso_SCM;2025;2850.0
3204500;Acesso_SCM;2025;3003.0
3204559;Acesso_SCM;2025;13647.0
3204609;Acesso_SCM;2025;10096.0
3204658;Acesso_SCM;2025;1555.0
3204708;Acesso_SCM;2025;4087.0
3204807;Acesso_SCM;2025;3325.0
3204906;Acesso_SCM;2025;32878.0
3204955;Acesso_SCM;2025;2756.0
3205002;Acesso_SCM;2025;134236.0
3205010;Acesso_SCM;2025;7279.0
3205036;Acesso_SCM;2025;6273.0
3205069;Acesso_SCM;2025;7113.0
3205101;Acesso_SCM;2025;7703.0
3205150;Acesso_SCM;2025;500.0
3205176;Acesso_SCM;2025;884.0
3205200;Acesso_SCM;2025;162931.0
3205309;Acesso_SCM;2025;142266.0
3300100;Acesso_SCM;2025;54175.0
3300159;Acesso_SCM;2025;2036.0
3300209;Acesso_SCM;2025;43176.0
3300225;Acesso_SCM;2025;2232.0
3300233;Acesso_SCM;2025;29770.0
3300258;Acesso_SCM;2025;17024.0
3300308;Acesso_SCM;2025;30884.0
3300407;Acesso_SCM;2025;40895.0
3300456;Acesso_SCM;2025;75977.0
3300506;Acesso_SCM;2025;10028.0
3300605;Acesso_SCM;2025;11468.0
3300704;Acesso_SCM;2025;88664.0
3300803;Acesso_SCM;2025;17278.0
3300902;Acesso_SCM;2025;2743.0
3300936;Acesso_SCM;2025;2197.0
3300951;Acesso_SCM;2025;2849.0
3301009;Acesso_SCM;2025;111665.0
3301108;Acesso_SCM;2025;6722.0
3301157;Acesso_SCM;2025;3135.0
3301207;Acesso_SCM;2025;5960.0
3301306;Acesso_SCM;2025;11319.0
3301405;Acesso_SCM;2025;7895.0
3301504;Acesso_SCM;2025;7297.0
3301603;Acesso_SCM;2025;3107.0
3301702;Acesso_SCM;2025;160160.0
3301801;Acesso_SCM;2025;230.0
3301850;Acesso_SCM;2025;11289.0
3301876;Acesso_SCM;2025;12143.0
3301900;Acesso_SCM;2025;22905.0
3302007;Acesso_SCM;2025;34096.0
3302056;Acesso_SCM;2025;2811.0
3302106;Acesso_SCM;2025;5456.0
3302205;Acesso_SCM;2025;31508.0
3302254;Acesso_SCM;2025;8710.0
3302270;Acesso_SCM;2025;4669.0
3302304;Acesso_SCM;2025;942.0
3302403;Acesso_SCM;2025;57283.0
3302452;Acesso_SCM;2025;2530.0
3302502;Acesso_SCM;2025;50469.0
3302601;Acesso_SCM;2025;19221.0
3302700;Acesso_SCM;2025;49536.0
3302809;Acesso_SCM;2025;1464.0
3302858;Acesso_SCM;2025;30260.0
3302908;Acesso_SCM;2025;8148.0
3303005;Acesso_SCM;2025;3165.0
3303104;Acesso_SCM;2025;5653.0
3303203;Acesso_SCM;2025;39990.0
3303302;Acesso_SCM;2025;198695.0
3303401;Acesso_SCM;2025;80097.0
3303500;Acesso_SCM;2025;121445.0
3303609;Acesso_SCM;2025;13679.0
3303708;Acesso_SCM;2025;10970.0
3303807;Acesso_SCM;2025;20773.0
3303856;Acesso_SCM;2025;6987.0
3303906;Acesso_SCM;2025;102602.0
3303955;Acesso_SCM;2025;5654.0
3304003;Acesso_SCM;2025;3955.0
3304102;Acesso_SCM;2025;6281.0
3304110;Acesso_SCM;2025;6381.0
3304128;Acesso_SCM;2025;3380.0
3304144;Acesso_SCM;2025;18362.0
3304151;Acesso_SCM;2025;7792.0
3304201;Acesso_SCM;2025;48741.0
3304300;Acesso_SCM;2025;8071.0
3304409;Acesso_SCM;2025;1334.0
3304508;Acesso_SCM;2025;1527.0
3304524;Acesso_SCM;2025;64728.0
3304557;Acesso_SCM;2025;1829802.0
3304607;Acesso_SCM;2025;1842.0
3304706;Acesso_SCM;2025;4273.0
3304755;Acesso_SCM;2025;7517.0
3304805;Acesso_SCM;2025;6387.0
3304904;Acesso_SCM;2025;101929.0
3305000;Acesso_SCM;2025;5667.0
3305109;Acesso_SCM;2025;53906.0
3305133;Acesso_SCM;2025;655.0
3305158;Acesso_SCM;2025;1094.0
3305208;Acesso_SCM;2025;31628.0
3305307;Acesso_SCM;2025;1525.0
3305406;Acesso_SCM;2025;4349.0
3305505;Acesso_SCM;2025;26598.0
3305554;Acesso_SCM;2025;21686.0
3305604;Acesso_SCM;2025;4311.0
3305703;Acesso_SCM;2025;3247.0
3305752;Acesso_SCM;2025;13751.0
3305802;Acesso_SCM;2025;61294.0
3305901;Acesso_SCM;2025;647.0
3306008;Acesso_SCM;2025;24575.0
3306107;Acesso_SCM;2025;22396.0
3306156;Acesso_SCM;2025;2543.0
3306206;Acesso_SCM;2025;11932.0
3306305;Acesso_SCM;2025;106398.0
3500105;Acesso_SCM;2025;12697.0
3500204;Acesso_SCM;2025;2001.0
3500303;Acesso_SCM;2025;6014.0
3500402;Acesso_SCM;2025;3297.0
3500501;Acesso_SCM;2025;5156.0
3500550;Acesso_SCM;2025;2538.0
3500600;Acesso_SCM;2025;1237.0
3500709;Acesso_SCM;2025;13179.0
3500758;Acesso_SCM;2025;1364.0
3500808;Acesso_SCM;2025;665.0
3500907;Acesso_SCM;2025;704.0
3501004;Acesso_SCM;2025;5395.0
3501103;Acesso_SCM;2025;634.0
3501152;Acesso_SCM;2025;4275.0
3501202;Acesso_SCM;2025;817.0
3501301;Acesso_SCM;2025;6617.0
3501400;Acesso_SCM;2025;823.0
3501509;Acesso_SCM;2025;915.0
3501608;Acesso_SCM;2025;106184.0
3501707;Acesso_SCM;2025;10596.0
3501806;Acesso_SCM;2025;959.0
3501905;Acesso_SCM;2025;26886.0
3502002;Acesso_SCM;2025;597.0
3502101;Acesso_SCM;2025;18854.0
3502200;Acesso_SCM;2025;7688.0
3502309;Acesso_SCM;2025;2229.0
3502408;Acesso_SCM;2025;1040.0
3502507;Acesso_SCM;2025;12186.0
3502606;Acesso_SCM;2025;158.0
3502705;Acesso_SCM;2025;2429.0
3502754;Acesso_SCM;2025;6376.0
3502804;Acesso_SCM;2025;85086.0
3502903;Acesso_SCM;2025;7450.0
3503000;Acesso_SCM;2025;1799.0
3503109;Acesso_SCM;2025;2233.0
3503158;Acesso_SCM;2025;765.0
3503208;Acesso_SCM;2025;105144.0
3503307;Acesso_SCM;2025;54741.0
3503356;Acesso_SCM;2025;489.0
3503406;Acesso_SCM;2025;3311.0
3503505;Acesso_SCM;2025;929.0
3503604;Acesso_SCM;2025;1984.0
3503703;Acesso_SCM;2025;1607.0
3503802;Acesso_SCM;2025;14910.0
3503901;Acesso_SCM;2025;29247.0
3503950;Acesso_SCM;2025;217.0
3504008;Acesso_SCM;2025;23690.0
3504107;Acesso_SCM;2025;70538.0
3504206;Acesso_SCM;2025;970.0
3504305;Acesso_SCM;2025;1445.0
3504404;Acesso_SCM;2025;907.0
3504503;Acesso_SCM;2025;36276.0
3504602;Acesso_SCM;2025;12484.0
3504701;Acesso_SCM;2025;562.0
3504800;Acesso_SCM;2025;4302.0
3504909;Acesso_SCM;2025;2865.0
3505005;Acesso_SCM;2025;948.0
3505104;Acesso_SCM;2025;1305.0
3505203;Acesso_SCM;2025;11694.0
3505302;Acesso_SCM;2025;14514.0
3505351;Acesso_SCM;2025;336.0
3505401;Acesso_SCM;2025;1707.0
3505500;Acesso_SCM;2025;53075.0
3505609;Acesso_SCM;2025;10319.0
3505708;Acesso_SCM;2025;244141.0
3505807;Acesso_SCM;2025;7704.0
3505906;Acesso_SCM;2025;22291.0
3506003;Acesso_SCM;2025;180977.0
3506102;Acesso_SCM;2025;28593.0
3506201;Acesso_SCM;2025;185.0
3506300;Acesso_SCM;2025;2541.0
3506359;Acesso_SCM;2025;40718.0
3506409;Acesso_SCM;2025;749.0
3506508;Acesso_SCM;2025;36853.0
3506607;Acesso_SCM;2025;8823.0
3506706;Acesso_SCM;2025;1855.0
3506805;Acesso_SCM;2025;3872.0
3506904;Acesso_SCM;2025;3421.0
3507001;Acesso_SCM;2025;29790.0
3507100;Acesso_SCM;2025;8446.0
3507159;Acesso_SCM;2025;515.0
3507209;Acesso_SCM;2025;260.0
3507308;Acesso_SCM;2025;1371.0
3507407;Acesso_SCM;2025;3951.0
3507456;Acesso_SCM;2025;948.0
3507506;Acesso_SCM;2025;63330.0
3507605;Acesso_SCM;2025;72691.0
3507704;Acesso_SCM;2025;1530.0
3507753;Acesso_SCM;2025;353.0
3507803;Acesso_SCM;2025;9149.0
3507902;Acesso_SCM;2025;8164.0
3508009;Acesso_SCM;2025;5950.0
3508108;Acesso_SCM;2025;2936.0
3508207;Acesso_SCM;2025;1454.0
3508306;Acesso_SCM;2025;1345.0
3508405;Acesso_SCM;2025;9043.0
3508504;Acesso_SCM;2025;25796.0
3508603;Acesso_SCM;2025;10332.0
3508702;Acesso_SCM;2025;5159.0
3508801;Acesso_SCM;2025;4805.0
3508900;Acesso_SCM;2025;667.0
3509007;Acesso_SCM;2025;22842.0
3509106;Acesso_SCM;2025;438.0
3509205;Acesso_SCM;2025;20682.0
3509254;Acesso_SCM;2025;3130.0
3509304;Acesso_SCM;2025;2994.0
3509403;Acesso_SCM;2025;8489.0
3509452;Acesso_SCM;2025;2323.0
3509502;Acesso_SCM;2025;485583.0
3509601;Acesso_SCM;2025;18906.0
3509700;Acesso_SCM;2025;13958.0
3509809;Acesso_SCM;2025;1028.0
3509908;Acesso_SCM;2025;2565.0
3509957;Acesso_SCM;2025;1508.0
3510005;Acesso_SCM;2025;7575.0
3510104;Acesso_SCM;2025;621.0
3510153;Acesso_SCM;2025;1349.0
3510203;Acesso_SCM;2025;10455.0
3510302;Acesso_SCM;2025;7122.0
3510401;Acesso_SCM;2025;19322.0
3510500;Acesso_SCM;2025;68467.0
3510609;Acesso_SCM;2025;101662.0
3510708;Acesso_SCM;2025;3029.0
3510807;Acesso_SCM;2025;10549.0
3510906;Acesso_SCM;2025;861.0
3511003;Acesso_SCM;2025;4837.0
3511102;Acesso_SCM;2025;42043.0
3511201;Acesso_SCM;2025;1789.0
3511300;Acesso_SCM;2025;4850.0
3511409;Acesso_SCM;2025;5552.0
3511508;Acesso_SCM;2025;18447.0
3511607;Acesso_SCM;2025;5876.0
3511706;Acesso_SCM;2025;5179.0
3511904;Acesso_SCM;2025;1624.0
3512001;Acesso_SCM;2025;3500.0
3512100;Acesso_SCM;2025;1739.0
3512209;Acesso_SCM;2025;7595.0
3512308;Acesso_SCM;2025;5678.0
3512407;Acesso_SCM;2025;11089.0
3512506;Acesso_SCM;2025;648.0
3512605;Acesso_SCM;2025;1174.0
3512704;Acesso_SCM;2025;1365.0
3512803;Acesso_SCM;2025;14919.0
3512902;Acesso_SCM;2025;662.0
3513009;Acesso_SCM;2025;102303.0
3513108;Acesso_SCM;2025;13963.0
3513207;Acesso_SCM;2025;1826.0
3513306;Acesso_SCM;2025;125.0
3513405;Acesso_SCM;2025;16708.0
3513504;Acesso_SCM;2025;27894.0
3513603;Acesso_SCM;2025;4792.0
3513702;Acesso_SCM;2025;8224.0
3513801;Acesso_SCM;2025;108384.0
3513850;Acesso_SCM;2025;173.0
3513900;Acesso_SCM;2025;2553.0
3514007;Acesso_SCM;2025;2384.0
3514106;Acesso_SCM;2025;10487.0
3514205;Acesso_SCM;2025;230.0
3514304;Acesso_SCM;2025;2034.0
3514403;Acesso_SCM;2025;14232.0
3514502;Acesso_SCM;2025;4320.0
3514601;Acesso_SCM;2025;2337.0
3514700;Acesso_SCM;2025;1572.0
3514809;Acesso_SCM;2025;2682.0
3514908;Acesso_SCM;2025;4857.0
3514924;Acesso_SCM;2025;657.0
3514957;Acesso_SCM;2025;426.0
3515004;Acesso_SCM;2025;50180.0
3515103;Acesso_SCM;2025;16662.0
3515129;Acesso_SCM;2025;552.0
3515152;Acesso_SCM;2025;5538.0
3515186;Acesso_SCM;2025;15723.0
3515194;Acesso_SCM;2025;1441.0
3515202;Acesso_SCM;2025;1021.0
3515301;Acesso_SCM;2025;404.0
3515350;Acesso_SCM;2025;1984.0
3515400;Acesso_SCM;2025;4332.0
3515509;Acesso_SCM;2025;17592.0
3515608;Acesso_SCM;2025;454.0
3515657;Acesso_SCM;2025;457.0
3515707;Acesso_SCM;2025;41586.0
3515806;Acesso_SCM;2025;276.0
3515905;Acesso_SCM;2025;141.0
3516002;Acesso_SCM;2025;2653.0
3516101;Acesso_SCM;2025;702.0
3516200;Acesso_SCM;2025;140671.0
3516309;Acesso_SCM;2025;41332.0
3516408;Acesso_SCM;2025;33978.0
3516507;Acesso_SCM;2025;830.0
3516606;Acesso_SCM;2025;2020.0
3516705;Acesso_SCM;2025;19766.0
3516804;Acesso_SCM;2025;201.0
3516853;Acesso_SCM;2025;1742.0
3516903;Acesso_SCM;2025;1035.0
3517000;Acesso_SCM;2025;751.0
3517109;Acesso_SCM;2025;445.0
3517208;Acesso_SCM;2025;1761.0
3517307;Acesso_SCM;2025;483.0
3517406;Acesso_SCM;2025;14652.0
3517505;Acesso_SCM;2025;4992.0
3517604;Acesso_SCM;2025;784.0
3517703;Acesso_SCM;2025;5383.0
3517802;Acesso_SCM;2025;1113.0
3517901;Acesso_SCM;2025;3033.0
3518008;Acesso_SCM;2025;334.0
3518107;Acesso_SCM;2025;2166.0
3518206;Acesso_SCM;2025;8524.0
3518305;Acesso_SCM;2025;13808.0
3518404;Acesso_SCM;2025;42467.0
3518503;Acesso_SCM;2025;4382.0
3518602;Acesso_SCM;2025;6353.0
3518701;Acesso_SCM;2025;131221.0
3518800;Acesso_SCM;2025;379945.0
3518859;Acesso_SCM;2025;1495.0
3518909;Acesso_SCM;2025;339.0
3519006;Acesso_SCM;2025;3003.0
3519055;Acesso_SCM;2025;5068.0
3519071;Acesso_SCM;2025;98251.0
3519105;Acesso_SCM;2025;2958.0
3519204;Acesso_SCM;2025;2007.0
3519253;Acesso_SCM;2025;919.0
3519303;Acesso_SCM;2025;7337.0
3519402;Acesso_SCM;2025;1508.0
3519501;Acesso_SCM;2025;1632.0
3519600;Acesso_SCM;2025;23200.0
3519709;Acesso_SCM;2025;34154.0
3519808;Acesso_SCM;2025;362.0
3519907;Acesso_SCM;2025;1004.0
3520004;Acesso_SCM;2025;7848.0
3520103;Acesso_SCM;2025;5718.0
3520202;Acesso_SCM;2025;2801.0
3520301;Acesso_SCM;2025;10967.0
3520400;Acesso_SCM;2025;18796.0
3520426;Acesso_SCM;2025;10004.0
3520442;Acesso_SCM;2025;5973.0
3520509;Acesso_SCM;2025;108848.0
3520608;Acesso_SCM;2025;1433.0
3520707;Acesso_SCM;2025;55.0
3520806;Acesso_SCM;2025;614.0
3520905;Acesso_SCM;2025;3250.0
3521002;Acesso_SCM;2025;12712.0
3521101;Acesso_SCM;2025;2671.0
3521150;Acesso_SCM;2025;102.0
3521200;Acesso_SCM;2025;1166.0
3521309;Acesso_SCM;2025;3507.0
3521408;Acesso_SCM;2025;6272.0
3521507;Acesso_SCM;2025;558.0
3521606;Acesso_SCM;2025;915.0
3521705;Acesso_SCM;2025;2818.0
3521804;Acesso_SCM;2025;6659.0
3521903;Acesso_SCM;2025;3425.0
3522000;Acesso_SCM;2025;1143.0
3522109;Acesso_SCM;2025;65661.0
3522158;Acesso_SCM;2025;180.0
3522208;Acesso_SCM;2025;32298.0
3522307;Acesso_SCM;2025;48428.0
3522406;Acesso_SCM;2025;27195.0
3522505;Acesso_SCM;2025;42039.0
3522604;Acesso_SCM;2025;22345.0
3522653;Acesso_SCM;2025;535.0
3522703;Acesso_SCM;2025;4909.0
3522802;Acesso_SCM;2025;3388.0
3522901;Acesso_SCM;2025;3878.0
3523008;Acesso_SCM;2025;1005.0
3523107;Acesso_SCM;2025;65092.0
3523206;Acesso_SCM;2025;9617.0
3523305;Acesso_SCM;2025;1571.0
3523404;Acesso_SCM;2025;40714.0
3523503;Acesso_SCM;2025;3713.0
3523602;Acesso_SCM;2025;1134.0
3523701;Acesso_SCM;2025;1847.0
3523800;Acesso_SCM;2025;1401.0
3523909;Acesso_SCM;2025;65688.0
3524006;Acesso_SCM;2025;46538.0
3524105;Acesso_SCM;2025;11599.0
3524204;Acesso_SCM;2025;870.0
3524303;Acesso_SCM;2025;23936.0
3524402;Acesso_SCM;2025;74223.0
3524501;Acesso_SCM;2025;1634.0
3524600;Acesso_SCM;2025;3200.0
3524709;Acesso_SCM;2025;24438.0
3524808;Acesso_SCM;2025;10923.0
3524907;Acesso_SCM;2025;1728.0
3525003;Acesso_SCM;2025;32446.0
3525102;Acesso_SCM;2025;15333.0
3525201;Acesso_SCM;2025;11101.0
3525300;Acesso_SCM;2025;58339.0
3525409;Acesso_SCM;2025;83.0
3525508;Acesso_SCM;2025;3922.0
3525607;Acesso_SCM;2025;683.0
3525706;Acesso_SCM;2025;11454.0
3525805;Acesso_SCM;2025;586.0
3525854;Acesso_SCM;2025;1041.0
3525904;Acesso_SCM;2025;177822.0
3526001;Acesso_SCM;2025;2118.0
3526100;Acesso_SCM;2025;6571.0
3526209;Acesso_SCM;2025;12983.0
3526308;Acesso_SCM;2025;854.0
3526407;Acesso_SCM;2025;10265.0
3526506;Acesso_SCM;2025;774.0
3526605;Acesso_SCM;2025;1709.0
3526704;Acesso_SCM;2025;37253.0
3526803;Acesso_SCM;2025;24585.0
3526902;Acesso_SCM;2025;103182.0
3527009;Acesso_SCM;2025;2493.0
3527108;Acesso_SCM;2025;27198.0
3527207;Acesso_SCM;2025;28970.0
3527256;Acesso_SCM;2025;165.0
3527306;Acesso_SCM;2025;18103.0
3527405;Acesso_SCM;2025;5774.0
3527504;Acesso_SCM;2025;967.0
3527603;Acesso_SCM;2025;3690.0
3527702;Acesso_SCM;2025;818.0
3527801;Acesso_SCM;2025;1141.0
3527900;Acesso_SCM;2025;355.0
3528007;Acesso_SCM;2025;5755.0
3528106;Acesso_SCM;2025;822.0
3528205;Acesso_SCM;2025;724.0
3528304;Acesso_SCM;2025;372.0
3528403;Acesso_SCM;2025;18392.0
3528502;Acesso_SCM;2025;23892.0
3528601;Acesso_SCM;2025;2612.0
3528700;Acesso_SCM;2025;1825.0
3528809;Acesso_SCM;2025;1816.0
3528858;Acesso_SCM;2025;332.0
3528908;Acesso_SCM;2025;1099.0
3529005;Acesso_SCM;2025;75739.0
3529104;Acesso_SCM;2025;96.0
3529203;Acesso_SCM;2025;6541.0
3529302;Acesso_SCM;2025;26084.0
3529401;Acesso_SCM;2025;109085.0
3529500;Acesso_SCM;2025;2031.0
3529609;Acesso_SCM;2025;257.0
3529658;Acesso_SCM;2025;66.0
3529708;Acesso_SCM;2025;2771.0
3529807;Acesso_SCM;2025;3826.0
3529906;Acesso_SCM;2025;5265.0
3530003;Acesso_SCM;2025;353.0
3530102;Acesso_SCM;2025;5625.0
3530201;Acesso_SCM;2025;2759.0
3530300;Acesso_SCM;2025;25369.0
3530409;Acesso_SCM;2025;719.0
3530508;Acesso_SCM;2025;22870.0
3530607;Acesso_SCM;2025;158703.0
3530706;Acesso_SCM;2025;50792.0
3530805;Acesso_SCM;2025;36375.0
3530904;Acesso_SCM;2025;1529.0
3531001;Acesso_SCM;2025;280.0
3531100;Acesso_SCM;2025;39250.0
3531209;Acesso_SCM;2025;2573.0
3531308;Acesso_SCM;2025;9471.0
3531407;Acesso_SCM;2025;2787.0
3531506;Acesso_SCM;2025;4646.0
3531605;Acesso_SCM;2025;926.0
3531704;Acesso_SCM;2025;791.0
3531803;Acesso_SCM;2025;21632.0
3531902;Acesso_SCM;2025;6526.0
3532009;Acesso_SCM;2025;3844.0
3532058;Acesso_SCM;2025;794.0
3532108;Acesso_SCM;2025;724.0
3532157;Acesso_SCM;2025;286.0
3532207;Acesso_SCM;2025;1340.0
3532306;Acesso_SCM;2025;1193.0
3532405;Acesso_SCM;2025;5188.0
3532504;Acesso_SCM;2025;4229.0
3532603;Acesso_SCM;2025;938.0
3532702;Acesso_SCM;2025;1108.0
3532801;Acesso_SCM;2025;2171.0
3532827;Acesso_SCM;2025;624.0
3532843;Acesso_SCM;2025;32.0
3532868;Acesso_SCM;2025;251.0
3532900;Acesso_SCM;2025;3400.0
3533007;Acesso_SCM;2025;4936.0
3533106;Acesso_SCM;2025;563.0
3533205;Acesso_SCM;2025;1318.0
3533254;Acesso_SCM;2025;1521.0
3533304;Acesso_SCM;2025;176.0
3533403;Acesso_SCM;2025;24946.0
3533502;Acesso_SCM;2025;13381.0
3533601;Acesso_SCM;2025;1823.0
3533700;Acesso_SCM;2025;686.0
3533809;Acesso_SCM;2025;471.0
3533908;Acesso_SCM;2025;17646.0
3534005;Acesso_SCM;2025;1361.0
3534104;Acesso_SCM;2025;1856.0
3534203;Acesso_SCM;2025;881.0
3534302;Acesso_SCM;2025;12314.0
3534401;Acesso_SCM;2025;258733.0
3534500;Acesso_SCM;2025;475.0
3534609;Acesso_SCM;2025;7764.0
3534708;Acesso_SCM;2025;41635.0
3534757;Acesso_SCM;2025;884.0
3534807;Acesso_SCM;2025;1572.0
3534906;Acesso_SCM;2025;2433.0
3535002;Acesso_SCM;2025;1356.0
3535101;Acesso_SCM;2025;1400.0
3535200;Acesso_SCM;2025;1648.0
3535309;Acesso_SCM;2025;3279.0
3535408;Acesso_SCM;2025;3156.0
3535507;Acesso_SCM;2025;3893.0
3535606;Acesso_SCM;2025;6179.0
3535705;Acesso_SCM;2025;566.0
3535804;Acesso_SCM;2025;6259.0
3535903;Acesso_SCM;2025;101.0
3536000;Acesso_SCM;2025;2137.0
3536109;Acesso_SCM;2025;4823.0
3536208;Acesso_SCM;2025;4002.0
3536257;Acesso_SCM;2025;479.0
3536307;Acesso_SCM;2025;5328.0
3536406;Acesso_SCM;2025;1483.0
3536505;Acesso_SCM;2025;49247.0
3536570;Acesso_SCM;2025;737.0
3536604;Acesso_SCM;2025;462.0
3536703;Acesso_SCM;2025;17562.0
3536802;Acesso_SCM;2025;1150.0
3536901;Acesso_SCM;2025;238.0
3537008;Acesso_SCM;2025;1967.0
3537107;Acesso_SCM;2025;16454.0
3537156;Acesso_SCM;2025;410.0
3537206;Acesso_SCM;2025;1754.0
3537305;Acesso_SCM;2025;17277.0
3537404;Acesso_SCM;2025;5170.0
3537503;Acesso_SCM;2025;3073.0
3537602;Acesso_SCM;2025;33593.0
3537701;Acesso_SCM;2025;1266.0
3537800;Acesso_SCM;2025;17466.0
3537909;Acesso_SCM;2025;4613.0
3538006;Acesso_SCM;2025;47802.0
3538105;Acesso_SCM;2025;2943.0
3538204;Acesso_SCM;2025;5798.0
3538303;Acesso_SCM;2025;504.0
3538501;Acesso_SCM;2025;3074.0
3538600;Acesso_SCM;2025;11459.0
3538709;Acesso_SCM;2025;178952.0
3538808;Acesso_SCM;2025;9001.0
3538907;Acesso_SCM;2025;7251.0
3539004;Acesso_SCM;2025;3362.0
3539103;Acesso_SCM;2025;2702.0
3539202;Acesso_SCM;2025;10018.0
3539301;Acesso_SCM;2025;30724.0
3539400;Acesso_SCM;2025;5515.0
3539509;Acesso_SCM;2025;9223.0
3539608;Acesso_SCM;2025;1367.0
3539707;Acesso_SCM;2025;805.0
3539806;Acesso_SCM;2025;33380.0
3539905;Acesso_SCM;2025;461.0
3540002;Acesso_SCM;2025;8634.0
3540101;Acesso_SCM;2025;491.0
3540200;Acesso_SCM;2025;8605.0
3540259;Acesso_SCM;2025;763.0
3540309;Acesso_SCM;2025;316.0
3540408;Acesso_SCM;2025;89.0
3540507;Acesso_SCM;2025;4675.0
3540606;Acesso_SCM;2025;14892.0
3540705;Acesso_SCM;2025;23007.0
3540754;Acesso_SCM;2025;5408.0
3540804;Acesso_SCM;2025;4704.0
3540853;Acesso_SCM;2025;304.0
3540903;Acesso_SCM;2025;2678.0
3541000;Acesso_SCM;2025;195186.0
3541059;Acesso_SCM;2025;1612.0
3541109;Acesso_SCM;2025;1183.0
3541208;Acesso_SCM;2025;3601.0
3541307;Acesso_SCM;2025;14296.0
3541406;Acesso_SCM;2025;93464.0
3541505;Acesso_SCM;2025;9103.0
3541604;Acesso_SCM;2025;14252.0
3541653;Acesso_SCM;2025;739.0
3541703;Acesso_SCM;2025;1082.0
3541802;Acesso_SCM;2025;962.0
3541901;Acesso_SCM;2025;1305.0
3542008;Acesso_SCM;2025;1249.0
3542107;Acesso_SCM;2025;3027.0
3542206;Acesso_SCM;2025;5878.0
3542305;Acesso_SCM;2025;1086.0
3542404;Acesso_SCM;2025;8254.0
3542503;Acesso_SCM;2025;761.0
3542602;Acesso_SCM;2025;27102.0
3542701;Acesso_SCM;2025;1415.0
3542800;Acesso_SCM;2025;228.0
3542909;Acesso_SCM;2025;3600.0
3543006;Acesso_SCM;2025;244.0
3543105;Acesso_SCM;2025;1551.0
3543204;Acesso_SCM;2025;863.0
3543238;Acesso_SCM;2025;543.0
3543253;Acesso_SCM;2025;1861.0
3543303;Acesso_SCM;2025;35229.0
3543402;Acesso_SCM;2025;307520.0
3543501;Acesso_SCM;2025;1450.0
3543600;Acesso_SCM;2025;1649.0
3543709;Acesso_SCM;2025;2127.0
3543808;Acesso_SCM;2025;1472.0
3543907;Acesso_SCM;2025;65685.0
3544004;Acesso_SCM;2025;7750.0
3544103;Acesso_SCM;2025;10189.0
3544202;Acesso_SCM;2025;277.0
3544251;Acesso_SCM;2025;1695.0
3544301;Acesso_SCM;2025;2751.0
3544400;Acesso_SCM;2025;345.0
3544509;Acesso_SCM;2025;1199.0
3544608;Acesso_SCM;2025;371.0
3544707;Acesso_SCM;2025;444.0
3544806;Acesso_SCM;2025;2234.0
3544905;Acesso_SCM;2025;3120.0
3545001;Acesso_SCM;2025;4498.0
3545100;Acesso_SCM;2025;536.0
3545159;Acesso_SCM;2025;3368.0
3545209;Acesso_SCM;2025;49612.0
3545308;Acesso_SCM;2025;17238.0
3545407;Acesso_SCM;2025;2860.0
3545506;Acesso_SCM;2025;682.0
3545605;Acesso_SCM;2025;2742.0
3545704;Acesso_SCM;2025;178.0
3545803;Acesso_SCM;2025;68844.0
3546009;Acesso_SCM;2025;4899.0
3546108;Acesso_SCM;2025;690.0
3546207;Acesso_SCM;2025;1637.0
3546256;Acesso_SCM;2025;735.0
3546306;Acesso_SCM;2025;6366.0
3546405;Acesso_SCM;2025;15636.0
3546504;Acesso_SCM;2025;460.0
3546603;Acesso_SCM;2025;6212.0
3546702;Acesso_SCM;2025;8623.0
3546801;Acesso_SCM;2025;6946.0
3546900;Acesso_SCM;2025;1827.0
3547007;Acesso_SCM;2025;1772.0
3547106;Acesso_SCM;2025;715.0
3547205;Acesso_SCM;2025;196.0
3547304;Acesso_SCM;2025;48679.0
3547403;Acesso_SCM;2025;92.0
3547502;Acesso_SCM;2025;9182.0
3547601;Acesso_SCM;2025;7534.0
3547650;Acesso_SCM;2025;208.0
3547700;Acesso_SCM;2025;5851.0
3547809;Acesso_SCM;2025;292534.0
3547908;Acesso_SCM;2025;1970.0
3548005;Acesso_SCM;2025;7806.0
3548054;Acesso_SCM;2025;1155.0
3548104;Acesso_SCM;2025;2051.0
3548203;Acesso_SCM;2025;1915.0
3548302;Acesso_SCM;2025;400.0
3548401;Acesso_SCM;2025;1036.0
3548500;Acesso_SCM;2025;202907.0
3548609;Acesso_SCM;2025;3925.0
3548708;Acesso_SCM;2025;258182.0
3548807;Acesso_SCM;2025;77322.0
3548906;Acesso_SCM;2025;113565.0
3549003;Acesso_SCM;2025;595.0
3549102;Acesso_SCM;2025;38597.0
3549201;Acesso_SCM;2025;538.0
3549250;Acesso_SCM;2025;59.0
3549300;Acesso_SCM;2025;587.0
3549409;Acesso_SCM;2025;17747.0
3549508;Acesso_SCM;2025;1245.0
3549607;Acesso_SCM;2025;1490.0
3549706;Acesso_SCM;2025;17190.0
3549805;Acesso_SCM;2025;204157.0
3549904;Acesso_SCM;2025;276861.0
3549953;Acesso_SCM;2025;3013.0
3550001;Acesso_SCM;2025;2524.0
3550100;Acesso_SCM;2025;14423.0
3550209;Acesso_SCM;2025;5702.0
3550308;Acesso_SCM;2025;4737930.0
3550407;Acesso_SCM;2025;10986.0
3550506;Acesso_SCM;2025;1106.0
3550605;Acesso_SCM;2025;26526.0
3550704;Acesso_SCM;2025;45574.0
3550803;Acesso_SCM;2025;2797.0
3550902;Acesso_SCM;2025;4646.0
3551009;Acesso_SCM;2025;118289.0
3551108;Acesso_SCM;2025;2068.0
3551207;Acesso_SCM;2025;961.0
3551306;Acesso_SCM;2025;450.0
3551405;Acesso_SCM;2025;1359.0
3551504;Acesso_SCM;2025;14230.0
3551603;Acesso_SCM;2025;12571.0
3551702;Acesso_SCM;2025;41803.0
3551801;Acesso_SCM;2025;2872.0
3551900;Acesso_SCM;2025;3106.0
3552007;Acesso_SCM;2025;1776.0
3552106;Acesso_SCM;2025;11583.0
3552205;Acesso_SCM;2025;302492.0
3552304;Acesso_SCM;2025;76.0
3552403;Acesso_SCM;2025;101141.0
3552502;Acesso_SCM;2025;75351.0
3552551;Acesso_SCM;2025;131.0
3552601;Acesso_SCM;2025;3163.0
3552700;Acesso_SCM;2025;5059.0
3552809;Acesso_SCM;2025;77858.0
3552908;Acesso_SCM;2025;1259.0
3553005;Acesso_SCM;2025;3381.0
3553104;Acesso_SCM;2025;1627.0
3553203;Acesso_SCM;2025;1263.0
3553302;Acesso_SCM;2025;8113.0
3553401;Acesso_SCM;2025;3956.0
3553500;Acesso_SCM;2025;2346.0
3553609;Acesso_SCM;2025;3273.0
3553658;Acesso_SCM;2025;760.0
3553708;Acesso_SCM;2025;11653.0
3553807;Acesso_SCM;2025;6485.0
3553856;Acesso_SCM;2025;1510.0
3553906;Acesso_SCM;2025;1317.0
3553955;Acesso_SCM;2025;3221.0
3554003;Acesso_SCM;2025;50267.0
3554102;Acesso_SCM;2025;120411.0
3554201;Acesso_SCM;2025;711.0
3554300;Acesso_SCM;2025;6559.0
3554409;Acesso_SCM;2025;1197.0
3554508;Acesso_SCM;2025;15425.0
3554607;Acesso_SCM;2025;386.0
3554656;Acesso_SCM;2025;481.0
3554706;Acesso_SCM;2025;3320.0
3554755;Acesso_SCM;2025;32.0
3554805;Acesso_SCM;2025;13934.0
3554904;Acesso_SCM;2025;935.0
3554953;Acesso_SCM;2025;3667.0
3555000;Acesso_SCM;2025;22492.0
3555109;Acesso_SCM;2025;3648.0
3555208;Acesso_SCM;2025;119.0
3555307;Acesso_SCM;2025;84.0
3555356;Acesso_SCM;2025;1665.0
3555406;Acesso_SCM;2025;57835.0
3555505;Acesso_SCM;2025;1124.0
3555604;Acesso_SCM;2025;2558.0
3555703;Acesso_SCM;2025;88.0
3555802;Acesso_SCM;2025;1114.0
3555901;Acesso_SCM;2025;327.0
3556008;Acesso_SCM;2025;21465.0
3556107;Acesso_SCM;2025;489.0
3556206;Acesso_SCM;2025;54419.0
3556305;Acesso_SCM;2025;5614.0
3556354;Acesso_SCM;2025;3209.0
3556404;Acesso_SCM;2025;10460.0
3556453;Acesso_SCM;2025;11663.0
3556503;Acesso_SCM;2025;27366.0
3556602;Acesso_SCM;2025;1462.0
3556701;Acesso_SCM;2025;33667.0
3556800;Acesso_SCM;2025;5018.0
3556909;Acesso_SCM;2025;2557.0
3556958;Acesso_SCM;2025;19.0
3557006;Acesso_SCM;2025;49057.0
3557105;Acesso_SCM;2025;25388.0
3557154;Acesso_SCM;2025;689.0
3557204;Acesso_SCM;2025;2782.0
3557303;Acesso_SCM;2025;2562.0
4100103;Acesso_SCM;2025;695.0
4100202;Acesso_SCM;2025;521.0
4100301;Acesso_SCM;2025;3734.0
4100400;Acesso_SCM;2025;26288.0
4100459;Acesso_SCM;2025;609.0
4100509;Acesso_SCM;2025;5608.0
4100608;Acesso_SCM;2025;3390.0
4100707;Acesso_SCM;2025;1314.0
4100806;Acesso_SCM;2025;2425.0
4100905;Acesso_SCM;2025;80.0
4101002;Acesso_SCM;2025;6370.0
4101051;Acesso_SCM;2025;756.0
4101101;Acesso_SCM;2025;4525.0
4101150;Acesso_SCM;2025;1102.0
4101200;Acesso_SCM;2025;5088.0
4101309;Acesso_SCM;2025;436.0
4101408;Acesso_SCM;2025;42086.0
4101507;Acesso_SCM;2025;42818.0
4101606;Acesso_SCM;2025;6725.0
4101655;Acesso_SCM;2025;790.0
4101705;Acesso_SCM;2025;3209.0
4101804;Acesso_SCM;2025;46433.0
4101853;Acesso_SCM;2025;174.0
4101903;Acesso_SCM;2025;975.0
4102000;Acesso_SCM;2025;3251.0
4102109;Acesso_SCM;2025;8298.0
4102208;Acesso_SCM;2025;926.0
4102307;Acesso_SCM;2025;2444.0
4102406;Acesso_SCM;2025;10668.0
4102505;Acesso_SCM;2025;2412.0
4102604;Acesso_SCM;2025;3083.0
4102703;Acesso_SCM;2025;606.0
4102752;Acesso_SCM;2025;827.0
4102802;Acesso_SCM;2025;3595.0
4102901;Acesso_SCM;2025;2105.0
4103008;Acesso_SCM;2025;633.0
4103024;Acesso_SCM;2025;618.0
4103040;Acesso_SCM;2025;213.0
4103057;Acesso_SCM;2025;778.0
4103107;Acesso_SCM;2025;1402.0
4103156;Acesso_SCM;2025;945.0
4103206;Acesso_SCM;2025;715.0
4103222;Acesso_SCM;2025;68.0
4103305;Acesso_SCM;2025;615.0
4103354;Acesso_SCM;2025;668.0
4103370;Acesso_SCM;2025;280.0
4103404;Acesso_SCM;2025;855.0
4103453;Acesso_SCM;2025;7347.0
4103479;Acesso_SCM;2025;833.0
4103503;Acesso_SCM;2025;838.0
4103602;Acesso_SCM;2025;6193.0
4103701;Acesso_SCM;2025;35633.0
4103800;Acesso_SCM;2025;1082.0
4103909;Acesso_SCM;2025;5133.0
4103958;Acesso_SCM;2025;639.0
4104006;Acesso_SCM;2025;9199.0
4104055;Acesso_SCM;2025;838.0
4104105;Acesso_SCM;2025;1050.0
4104204;Acesso_SCM;2025;34957.0
4104253;Acesso_SCM;2025;5350.0
4104303;Acesso_SCM;2025;29410.0
4104402;Acesso_SCM;2025;1851.0
4104428;Acesso_SCM;2025;7349.0
4104451;Acesso_SCM;2025;2613.0
4104501;Acesso_SCM;2025;4176.0
4104600;Acesso_SCM;2025;4084.0
4104659;Acesso_SCM;2025;6768.0
4104709;Acesso_SCM;2025;1788.0
4104808;Acesso_SCM;2025;137108.0
4104907;Acesso_SCM;2025;17013.0
4105003;Acesso_SCM;2025;2422.0
4105102;Acesso_SCM;2025;2786.0
4105201;Acesso_SCM;2025;1269.0
4105300;Acesso_SCM;2025;3707.0
4105409;Acesso_SCM;2025;5781.0
4105508;Acesso_SCM;2025;21158.0
4105607;Acesso_SCM;2025;3813.0
4105706;Acesso_SCM;2025;4310.0
4105805;Acesso_SCM;2025;75767.0
4105904;Acesso_SCM;2025;7899.0
4106001;Acesso_SCM;2025;1734.0
4106100;Acesso_SCM;2025;791.0
4106209;Acesso_SCM;2025;4815.0
4106308;Acesso_SCM;2025;4997.0
4106407;Acesso_SCM;2025;17873.0
4106456;Acesso_SCM;2025;1235.0
4106506;Acesso_SCM;2025;8735.0
4106555;Acesso_SCM;2025;660.0
4106571;Acesso_SCM;2025;1369.0
4106605;Acesso_SCM;2025;5689.0
4106704;Acesso_SCM;2025;866.0
4106803;Acesso_SCM;2025;1623.0
4106852;Acesso_SCM;2025;263.0
4106902;Acesso_SCM;2025;810899.0
4107009;Acesso_SCM;2025;2086.0
4107108;Acesso_SCM;2025;400.0
4107124;Acesso_SCM;2025;734.0
4107157;Acesso_SCM;2025;1483.0
4107207;Acesso_SCM;2025;17159.0
4107256;Acesso_SCM;2025;2325.0
4107306;Acesso_SCM;2025;1291.0
4107405;Acesso_SCM;2025;1710.0
4107504;Acesso_SCM;2025;3036.0
4107520;Acesso_SCM;2025;507.0
4107538;Acesso_SCM;2025;1874.0
4107546;Acesso_SCM;2025;1339.0
4107553;Acesso_SCM;2025;878.0
4107603;Acesso_SCM;2025;1370.0
4107652;Acesso_SCM;2025;31792.0
4107702;Acesso_SCM;2025;1549.0
4107736;Acesso_SCM;2025;474.0
4107751;Acesso_SCM;2025;598.0
4107801;Acesso_SCM;2025;948.0
4107850;Acesso_SCM;2025;1043.0
4107900;Acesso_SCM;2025;1968.0
4108007;Acesso_SCM;2025;1896.0
4108106;Acesso_SCM;2025;985.0
4108205;Acesso_SCM;2025;1040.0
4108304;Acesso_SCM;2025;97937.0
4108320;Acesso_SCM;2025;201.0
4108403;Acesso_SCM;2025;35923.0
4108452;Acesso_SCM;2025;210.0
4108502;Acesso_SCM;2025;1565.0
4108551;Acesso_SCM;2025;224.0
4108601;Acesso_SCM;2025;5088.0
4108650;Acesso_SCM;2025;767.0
4108700;Acesso_SCM;2025;433.0
4108809;Acesso_SCM;2025;7747.0
4108908;Acesso_SCM;2025;599.0
4108957;Acesso_SCM;2025;1197.0
4109005;Acesso_SCM;2025;851.0
4109104;Acesso_SCM;2025;290.0
4109203;Acesso_SCM;2025;1417.0
4109302;Acesso_SCM;2025;3385.0
4109401;Acesso_SCM;2025;54312.0
4109500;Acesso_SCM;2025;424.0
4109609;Acesso_SCM;2025;16895.0
4109658;Acesso_SCM;2025;344.0
4109708;Acesso_SCM;2025;7813.0
4109757;Acesso_SCM;2025;1171.0
4109807;Acesso_SCM;2025;6987.0
4109906;Acesso_SCM;2025;3199.0
4110003;Acesso_SCM;2025;892.0
4110052;Acesso_SCM;2025;315.0
4110078;Acesso_SCM;2025;2638.0
4110102;Acesso_SCM;2025;5502.0
4110201;Acesso_SCM;2025;720.0
4110300;Acesso_SCM;2025;787.0
4110409;Acesso_SCM;2025;1431.0
4110508;Acesso_SCM;2025;3933.0
4110607;Acesso_SCM;2025;4567.0
4110656;Acesso_SCM;2025;205.0
4110706;Acesso_SCM;2025;18384.0
4110805;Acesso_SCM;2025;2827.0
4110904;Acesso_SCM;2025;972.0
4110953;Acesso_SCM;2025;3999.0
4111001;Acesso_SCM;2025;1919.0
4111100;Acesso_SCM;2025;1102.0
4111209;Acesso_SCM;2025;3981.0
4111258;Acesso_SCM;2025;4500.0
4111308;Acesso_SCM;2025;248.0
4111407;Acesso_SCM;2025;442.0
4111506;Acesso_SCM;2025;9220.0
4111555;Acesso_SCM;2025;2154.0
4111605;Acesso_SCM;2025;1039.0
4111704;Acesso_SCM;2025;587.0
4111803;Acesso_SCM;2025;13275.0
4111902;Acesso_SCM;2025;4747.0
4112009;Acesso_SCM;2025;7414.0
4112108;Acesso_SCM;2025;5175.0
4112207;Acesso_SCM;2025;584.0
4112306;Acesso_SCM;2025;1362.0
4112405;Acesso_SCM;2025;2279.0
4112504;Acesso_SCM;2025;1879.0
4112603;Acesso_SCM;2025;186.0
4112702;Acesso_SCM;2025;3040.0
4112751;Acesso_SCM;2025;959.0
4112801;Acesso_SCM;2025;1361.0
4112900;Acesso_SCM;2025;562.0
4112959;Acesso_SCM;2025;933.0
4113007;Acesso_SCM;2025;2043.0
4113106;Acesso_SCM;2025;377.0
4113205;Acesso_SCM;2025;6657.0
4113254;Acesso_SCM;2025;580.0
4113304;Acesso_SCM;2025;9567.0
4113403;Acesso_SCM;2025;843.0
4113429;Acesso_SCM;2025;545.0
4113452;Acesso_SCM;2025;1180.0
4113502;Acesso_SCM;2025;7211.0
4113601;Acesso_SCM;2025;1600.0
4113700;Acesso_SCM;2025;219370.0
4113734;Acesso_SCM;2025;458.0
4113759;Acesso_SCM;2025;571.0
4113809;Acesso_SCM;2025;1578.0
4113908;Acesso_SCM;2025;2822.0
4114005;Acesso_SCM;2025;3641.0
4114104;Acesso_SCM;2025;7128.0
4114203;Acesso_SCM;2025;13531.0
4114302;Acesso_SCM;2025;11331.0
4114351;Acesso_SCM;2025;425.0
4114401;Acesso_SCM;2025;2781.0
4114500;Acesso_SCM;2025;465.0
4114609;Acesso_SCM;2025;23384.0
4114708;Acesso_SCM;2025;1243.0
4114807;Acesso_SCM;2025;14786.0
4114906;Acesso_SCM;2025;496.0
4115002;Acesso_SCM;2025;813.0
4115101;Acesso_SCM;2025;2073.0
4115200;Acesso_SCM;2025;174239.0
4115309;Acesso_SCM;2025;924.0
4115358;Acesso_SCM;2025;1887.0
4115408;Acesso_SCM;2025;4382.0
4115457;Acesso_SCM;2025;169.0
4115507;Acesso_SCM;2025;737.0
4115606;Acesso_SCM;2025;6227.0
4115705;Acesso_SCM;2025;14265.0
4115739;Acesso_SCM;2025;808.0
4115754;Acesso_SCM;2025;1653.0
4115804;Acesso_SCM;2025;19644.0
4115853;Acesso_SCM;2025;2332.0
4115903;Acesso_SCM;2025;96.0
4116000;Acesso_SCM;2025;509.0
4116059;Acesso_SCM;2025;3972.0
4116109;Acesso_SCM;2025;3457.0
4116208;Acesso_SCM;2025;6569.0
4116307;Acesso_SCM;2025;1458.0
4116406;Acesso_SCM;2025;1453.0
4116505;Acesso_SCM;2025;250.0
4116604;Acesso_SCM;2025;142.0
4116703;Acesso_SCM;2025;1942.0
4116802;Acesso_SCM;2025;1206.0
4116901;Acesso_SCM;2025;9884.0
4116950;Acesso_SCM;2025;1603.0
4117008;Acesso_SCM;2025;1997.0
4117057;Acesso_SCM;2025;1442.0
4117107;Acesso_SCM;2025;2588.0
4117206;Acesso_SCM;2025;1083.0
4117214;Acesso_SCM;2025;176.0
4117222;Acesso_SCM;2025;3365.0
4117255;Acesso_SCM;2025;3542.0
4117271;Acesso_SCM;2025;299.0
4117297;Acesso_SCM;2025;231.0
4117305;Acesso_SCM;2025;3094.0
4117404;Acesso_SCM;2025;274.0
4117453;Acesso_SCM;2025;2366.0
4117503;Acesso_SCM;2025;13207.0
4117602;Acesso_SCM;2025;11961.0
4117701;Acesso_SCM;2025;9007.0
4117800;Acesso_SCM;2025;1157.0
4117909;Acesso_SCM;2025;7889.0
4118006;Acesso_SCM;2025;2056.0
4118105;Acesso_SCM;2025;2150.0
4118204;Acesso_SCM;2025;52769.0
4118303;Acesso_SCM;2025;414.0
4118402;Acesso_SCM;2025;26070.0
4118451;Acesso_SCM;2025;2299.0
4118501;Acesso_SCM;2025;40094.0
4118600;Acesso_SCM;2025;1464.0
4118709;Acesso_SCM;2025;1302.0
4118808;Acesso_SCM;2025;4064.0
4118857;Acesso_SCM;2025;1741.0
4118907;Acesso_SCM;2025;2506.0
4119004;Acesso_SCM;2025;1544.0
4119103;Acesso_SCM;2025;3795.0
4119152;Acesso_SCM;2025;51641.0
4119202;Acesso_SCM;2025;1679.0
4119251;Acesso_SCM;2025;565.0
4119301;Acesso_SCM;2025;8074.0
4119400;Acesso_SCM;2025;3338.0
4119509;Acesso_SCM;2025;28627.0
4119608;Acesso_SCM;2025;5418.0
4119657;Acesso_SCM;2025;541.0
4119707;Acesso_SCM;2025;452.0
4119806;Acesso_SCM;2025;3890.0
4119905;Acesso_SCM;2025;138441.0
4119954;Acesso_SCM;2025;13545.0
4120002;Acesso_SCM;2025;2617.0
4120101;Acesso_SCM;2025;1023.0
4120150;Acesso_SCM;2025;838.0
4120200;Acesso_SCM;2025;977.0
4120309;Acesso_SCM;2025;822.0
4120333;Acesso_SCM;2025;595.0
4120358;Acesso_SCM;2025;1942.0
4120408;Acesso_SCM;2025;1137.0
4120507;Acesso_SCM;2025;1213.0
4120606;Acesso_SCM;2025;8364.0
4120655;Acesso_SCM;2025;959.0
4120705;Acesso_SCM;2025;1746.0
4120804;Acesso_SCM;2025;7682.0
4120853;Acesso_SCM;2025;1868.0
4120903;Acesso_SCM;2025;8088.0
4121000;Acesso_SCM;2025;1498.0
4121109;Acesso_SCM;2025;1163.0
4121208;Acesso_SCM;2025;5624.0
4121257;Acesso_SCM;2025;1382.0
4121307;Acesso_SCM;2025;609.0
4121356;Acesso_SCM;2025;234.0
4121406;Acesso_SCM;2025;6174.0
4121505;Acesso_SCM;2025;3409.0
4121604;Acesso_SCM;2025;1459.0
4121703;Acesso_SCM;2025;4375.0
4121752;Acesso_SCM;2025;714.0
4121802;Acesso_SCM;2025;3769.0
4121901;Acesso_SCM;2025;3294.0
4122008;Acesso_SCM;2025;2955.0
4122107;Acesso_SCM;2025;203.0
4122156;Acesso_SCM;2025;920.0
4122172;Acesso_SCM;2025;815.0
4122206;Acesso_SCM;2025;3104.0
4122305;Acesso_SCM;2025;8823.0
4122404;Acesso_SCM;2025;21761.0
4122503;Acesso_SCM;2025;1167.0
4122602;Acesso_SCM;2025;2132.0
4122651;Acesso_SCM;2025;265.0
4122701;Acesso_SCM;2025;1576.0
4122800;Acesso_SCM;2025;549.0
4122909;Acesso_SCM;2025;873.0
4123006;Acesso_SCM;2025;4768.0
4123105;Acesso_SCM;2025;800.0
4123204;Acesso_SCM;2025;125.0
4123303;Acesso_SCM;2025;1213.0
4123402;Acesso_SCM;2025;4660.0
4123501;Acesso_SCM;2025;11912.0
4123600;Acesso_SCM;2025;453.0
4123709;Acesso_SCM;2025;1494.0
4123808;Acesso_SCM;2025;3172.0
4123824;Acesso_SCM;2025;613.0
4123857;Acesso_SCM;2025;947.0
4123907;Acesso_SCM;2025;3221.0
4123956;Acesso_SCM;2025;667.0
4124004;Acesso_SCM;2025;817.0
4124020;Acesso_SCM;2025;4334.0
4124053;Acesso_SCM;2025;7677.0
4124103;Acesso_SCM;2025;15346.0
4124202;Acesso_SCM;2025;641.0
4124301;Acesso_SCM;2025;324.0
4124400;Acesso_SCM;2025;6827.0
4124509;Acesso_SCM;2025;1863.0
4124608;Acesso_SCM;2025;1555.0
4124707;Acesso_SCM;2025;904.0
4124806;Acesso_SCM;2025;4167.0
4124905;Acesso_SCM;2025;961.0
4125001;Acesso_SCM;2025;1613.0
4125100;Acesso_SCM;2025;1890.0
4125209;Acesso_SCM;2025;2812.0
4125308;Acesso_SCM;2025;1018.0
4125357;Acesso_SCM;2025;1697.0
4125407;Acesso_SCM;2025;837.0
4125456;Acesso_SCM;2025;1427.0
4125506;Acesso_SCM;2025;131709.0
4125555;Acesso_SCM;2025;230.0
4125605;Acesso_SCM;2025;14093.0
4125704;Acesso_SCM;2025;8418.0
4125753;Acesso_SCM;2025;1806.0
4125803;Acesso_SCM;2025;1769.0
4125902;Acesso_SCM;2025;314.0
4126009;Acesso_SCM;2025;2143.0
4126108;Acesso_SCM;2025;277.0
4126207;Acesso_SCM;2025;647.0
4126256;Acesso_SCM;2025;31206.0
4126272;Acesso_SCM;2025;1552.0
4126306;Acesso_SCM;2025;1933.0
4126355;Acesso_SCM;2025;1689.0
4126405;Acesso_SCM;2025;1133.0
4126504;Acesso_SCM;2025;3810.0
4126603;Acesso_SCM;2025;3717.0
4126652;Acesso_SCM;2025;204.0
4126678;Acesso_SCM;2025;1900.0
4126702;Acesso_SCM;2025;1149.0
4126801;Acesso_SCM;2025;3207.0
4126900;Acesso_SCM;2025;1793.0
4127007;Acesso_SCM;2025;878.0
4127106;Acesso_SCM;2025;23578.0
4127205;Acesso_SCM;2025;5595.0
4127304;Acesso_SCM;2025;2299.0
4127403;Acesso_SCM;2025;4257.0
4127502;Acesso_SCM;2025;2852.0
4127601;Acesso_SCM;2025;5349.0
4127700;Acesso_SCM;2025;61892.0
4127809;Acesso_SCM;2025;1423.0
4127858;Acesso_SCM;2025;1561.0
4127882;Acesso_SCM;2025;676.0
4127908;Acesso_SCM;2025;1729.0
4127957;Acesso_SCM;2025;1445.0
4127965;Acesso_SCM;2025;821.0
4128005;Acesso_SCM;2025;8068.0
4128104;Acesso_SCM;2025;45237.0
4128203;Acesso_SCM;2025;19459.0
4128302;Acesso_SCM;2025;466.0
4128401;Acesso_SCM;2025;3430.0
4128500;Acesso_SCM;2025;3967.0
4128534;Acesso_SCM;2025;754.0
4128559;Acesso_SCM;2025;2932.0
4128609;Acesso_SCM;2025;2895.0
4128625;Acesso_SCM;2025;1447.0
4128633;Acesso_SCM;2025;173.0
4128658;Acesso_SCM;2025;955.0
4128708;Acesso_SCM;2025;3077.0
4128807;Acesso_SCM;2025;926.0
4200051;Acesso_SCM;2025;968.0
4200101;Acesso_SCM;2025;6441.0
4200200;Acesso_SCM;2025;4970.0
4200309;Acesso_SCM;2025;1457.0
4200408;Acesso_SCM;2025;2215.0
4200507;Acesso_SCM;2025;1490.0
4200556;Acesso_SCM;2025;1119.0
4200606;Acesso_SCM;2025;2860.0
4200705;Acesso_SCM;2025;2383.0
4200754;Acesso_SCM;2025;634.0
4200804;Acesso_SCM;2025;2078.0
4200903;Acesso_SCM;2025;2481.0
4201000;Acesso_SCM;2025;1085.0
4201109;Acesso_SCM;2025;941.0
4201208;Acesso_SCM;2025;4826.0
4201257;Acesso_SCM;2025;3673.0
4201273;Acesso_SCM;2025;1266.0
4201307;Acesso_SCM;2025;15717.0
4201406;Acesso_SCM;2025;27574.0
4201505;Acesso_SCM;2025;3262.0
4201604;Acesso_SCM;2025;1442.0
4201653;Acesso_SCM;2025;1003.0
4201703;Acesso_SCM;2025;3069.0
4201802;Acesso_SCM;2025;1175.0
4201901;Acesso_SCM;2025;1970.0
4201950;Acesso_SCM;2025;9816.0
4202008;Acesso_SCM;2025;84598.0
4202057;Acesso_SCM;2025;5455.0
4202073;Acesso_SCM;2025;6841.0
4202081;Acesso_SCM;2025;503.0
4202099;Acesso_SCM;2025;173.0
4202107;Acesso_SCM;2025;25753.0
4202131;Acesso_SCM;2025;767.0
4202156;Acesso_SCM;2025;549.0
4202206;Acesso_SCM;2025;4653.0
4202305;Acesso_SCM;2025;35236.0
4202404;Acesso_SCM;2025;163952.0
4202438;Acesso_SCM;2025;617.0
4202453;Acesso_SCM;2025;21936.0
4202503;Acesso_SCM;2025;1261.0
4202537;Acesso_SCM;2025;969.0
4202578;Acesso_SCM;2025;832.0
4202602;Acesso_SCM;2025;2763.0
4202701;Acesso_SCM;2025;2125.0
4202800;Acesso_SCM;2025;12593.0
4202859;Acesso_SCM;2025;1186.0
4202875;Acesso_SCM;2025;1269.0
4202909;Acesso_SCM;2025;56976.0
4203006;Acesso_SCM;2025;24134.0
4203105;Acesso_SCM;2025;2563.0
4203154;Acesso_SCM;2025;309.0
4203204;Acesso_SCM;2025;37103.0
4203253;Acesso_SCM;2025;715.0
4203303;Acesso_SCM;2025;2292.0
4203402;Acesso_SCM;2025;2361.0
4203501;Acesso_SCM;2025;2362.0
4203600;Acesso_SCM;2025;11091.0
4203709;Acesso_SCM;2025;3032.0
4203808;Acesso_SCM;2025;15411.0
4203907;Acesso_SCM;2025;7718.0
4203956;Acesso_SCM;2025;6777.0
4204004;Acesso_SCM;2025;4157.0
4204103;Acesso_SCM;2025;1173.0
4204152;Acesso_SCM;2025;90.0
4204178;Acesso_SCM;2025;768.0
4204194;Acesso_SCM;2025;874.0
4204202;Acesso_SCM;2025;106688.0
4204251;Acesso_SCM;2025;7435.0
4204301;Acesso_SCM;2025;34339.0
4204350;Acesso_SCM;2025;1684.0
4204400;Acesso_SCM;2025;2672.0
4204459;Acesso_SCM;2025;321.0
4204509;Acesso_SCM;2025;4243.0
4204558;Acesso_SCM;2025;4685.0
4204608;Acesso_SCM;2025;90726.0
4204707;Acesso_SCM;2025;4054.0
4204756;Acesso_SCM;2025;829.0
4204806;Acesso_SCM;2025;16245.0
4204905;Acesso_SCM;2025;2851.0
4205001;Acesso_SCM;2025;5076.0
4205100;Acesso_SCM;2025;1040.0
4205159;Acesso_SCM;2025;1572.0
4205175;Acesso_SCM;2025;800.0
4205191;Acesso_SCM;2025;857.0
4205209;Acesso_SCM;2025;841.0
4205308;Acesso_SCM;2025;4315.0
4205357;Acesso_SCM;2025;703.0
4205407;Acesso_SCM;2025;307239.0
4205431;Acesso_SCM;2025;1310.0
4205456;Acesso_SCM;2025;9281.0
4205506;Acesso_SCM;2025;12699.0
4205555;Acesso_SCM;2025;694.0
4205605;Acesso_SCM;2025;975.0
4205704;Acesso_SCM;2025;15467.0
4205803;Acesso_SCM;2025;4966.0
4205902;Acesso_SCM;2025;26507.0
4206009;Acesso_SCM;2025;13780.0
4206108;Acesso_SCM;2025;2099.0
4206207;Acesso_SCM;2025;4254.0
4206306;Acesso_SCM;2025;8997.0
4206405;Acesso_SCM;2025;4217.0
4206504;Acesso_SCM;2025;17821.0
4206603;Acesso_SCM;2025;1161.0
4206652;Acesso_SCM;2025;1909.0
4206702;Acesso_SCM;2025;5402.0
4206751;Acesso_SCM;2025;630.0
4206801;Acesso_SCM;2025;378.0
4206900;Acesso_SCM;2025;6450.0
4207007;Acesso_SCM;2025;20224.0
4207106;Acesso_SCM;2025;6654.0
4207205;Acesso_SCM;2025;4269.0
4207304;Acesso_SCM;2025;29357.0
4207403;Acesso_SCM;2025;1660.0
4207502;Acesso_SCM;2025;28962.0
4207577;Acesso_SCM;2025;1056.0
4207601;Acesso_SCM;2025;1490.0
4207650;Acesso_SCM;2025;3313.0
4207684;Acesso_SCM;2025;1143.0
4207700;Acesso_SCM;2025;2400.0
4207759;Acesso_SCM;2025;1364.0
4207809;Acesso_SCM;2025;3125.0
4207858;Acesso_SCM;2025;621.0
4207908;Acesso_SCM;2025;2443.0
4208005;Acesso_SCM;2025;1970.0
4208104;Acesso_SCM;2025;6622.0
4208203;Acesso_SCM;2025;123568.0
4208302;Acesso_SCM;2025;51911.0
4208401;Acesso_SCM;2025;6324.0
4208450;Acesso_SCM;2025;21122.0
4208500;Acesso_SCM;2025;10039.0
4208609;Acesso_SCM;2025;1566.0
4208708;Acesso_SCM;2025;3794.0
4208807;Acesso_SCM;2025;17042.0
4208906;Acesso_SCM;2025;74328.0
4208955;Acesso_SCM;2025;479.0
4209003;Acesso_SCM;2025;11136.0
4209102;Acesso_SCM;2025;239279.0
4209151;Acesso_SCM;2025;1095.0
4209177;Acesso_SCM;2025;667.0
4209201;Acesso_SCM;2025;870.0
4209300;Acesso_SCM;2025;52208.0
4209409;Acesso_SCM;2025;17916.0
4209458;Acesso_SCM;2025;336.0
4209508;Acesso_SCM;2025;2900.0
4209607;Acesso_SCM;2025;4451.0
4209706;Acesso_SCM;2025;2846.0
4209805;Acesso_SCM;2025;1052.0
4209854;Acesso_SCM;2025;1607.0
4209904;Acesso_SCM;2025;3804.0
4210001;Acesso_SCM;2025;3911.0
4210035;Acesso_SCM;2025;1823.0
4210050;Acesso_SCM;2025;619.0
4210100;Acesso_SCM;2025;16999.0
4210209;Acesso_SCM;2025;1379.0
4210308;Acesso_SCM;2025;1776.0
4210407;Acesso_SCM;2025;2890.0
4210506;Acesso_SCM;2025;12624.0
4210555;Acesso_SCM;2025;720.0
4210605;Acesso_SCM;2025;6541.0
4210704;Acesso_SCM;2025;199.0
4210803;Acesso_SCM;2025;2786.0
4210852;Acesso_SCM;2025;619.0
4210902;Acesso_SCM;2025;1504.0
4211009;Acesso_SCM;2025;3521.0
4211058;Acesso_SCM;2025;6719.0
4211108;Acesso_SCM;2025;2379.0
4211207;Acesso_SCM;2025;7060.0
4211256;Acesso_SCM;2025;1215.0
4211306;Acesso_SCM;2025;47975.0
4211405;Acesso_SCM;2025;859.0
4211454;Acesso_SCM;2025;1379.0
4211504;Acesso_SCM;2025;4811.0
4211603;Acesso_SCM;2025;5512.0
4211652;Acesso_SCM;2025;554.0
4211702;Acesso_SCM;2025;9814.0
4211751;Acesso_SCM;2025;5696.0
4211801;Acesso_SCM;2025;2209.0
4211850;Acesso_SCM;2025;791.0
4211876;Acesso_SCM;2025;602.0
4211892;Acesso_SCM;2025;775.0
4211900;Acesso_SCM;2025;112641.0
4212007;Acesso_SCM;2025;2009.0
4212056;Acesso_SCM;2025;1523.0
4212106;Acesso_SCM;2025;6365.0
4212205;Acesso_SCM;2025;4281.0
4212239;Acesso_SCM;2025;638.0
4212254;Acesso_SCM;2025;6886.0
4212270;Acesso_SCM;2025;1274.0
4212304;Acesso_SCM;2025;4106.0
4212403;Acesso_SCM;2025;1526.0
4212502;Acesso_SCM;2025;12317.0
4212601;Acesso_SCM;2025;1019.0
4212650;Acesso_SCM;2025;3145.0
4212700;Acesso_SCM;2025;933.0
4212809;Acesso_SCM;2025;17314.0
4212908;Acesso_SCM;2025;8759.0
4213005;Acesso_SCM;2025;1140.0
4213104;Acesso_SCM;2025;2183.0
4213153;Acesso_SCM;2025;276.0
4213203;Acesso_SCM;2025;13417.0
4213302;Acesso_SCM;2025;1294.0
4213351;Acesso_SCM;2025;754.0
4213401;Acesso_SCM;2025;3783.0
4213500;Acesso_SCM;2025;15988.0
4213609;Acesso_SCM;2025;10422.0
4213708;Acesso_SCM;2025;4110.0
4213807;Acesso_SCM;2025;1570.0
4213906;Acesso_SCM;2025;697.0
4214003;Acesso_SCM;2025;4039.0
4214102;Acesso_SCM;2025;795.0
4214151;Acesso_SCM;2025;1164.0
4214201;Acesso_SCM;2025;1866.0
4214300;Acesso_SCM;2025;2272.0
4214409;Acesso_SCM;2025;2257.0
4214508;Acesso_SCM;2025;1112.0
4214607;Acesso_SCM;2025;2859.0
4214706;Acesso_SCM;2025;4666.0
4214805;Acesso_SCM;2025;30110.0
4214904;Acesso_SCM;2025;2075.0
4215000;Acesso_SCM;2025;10776.0
4215059;Acesso_SCM;2025;585.0
4215075;Acesso_SCM;2025;1857.0
4215109;Acesso_SCM;2025;4757.0
4215208;Acesso_SCM;2025;1467.0
4215307;Acesso_SCM;2025;1462.0
4215356;Acesso_SCM;2025;1023.0
4215406;Acesso_SCM;2025;1081.0
4215455;Acesso_SCM;2025;3497.0
4215505;Acesso_SCM;2025;3400.0
4215554;Acesso_SCM;2025;787.0
4215604;Acesso_SCM;2025;1005.0
4215653;Acesso_SCM;2025;4195.0
4215679;Acesso_SCM;2025;2120.0
4215687;Acesso_SCM;2025;797.0
4215695;Acesso_SCM;2025;324.0
4215703;Acesso_SCM;2025;12157.0
4215752;Acesso_SCM;2025;97.0
4215802;Acesso_SCM;2025;28466.0
4215901;Acesso_SCM;2025;1554.0
4216008;Acesso_SCM;2025;3902.0
4216057;Acesso_SCM;2025;811.0
4216107;Acesso_SCM;2025;2164.0
4216206;Acesso_SCM;2025;32044.0
4216255;Acesso_SCM;2025;2340.0
4216305;Acesso_SCM;2025;11063.0
4216354;Acesso_SCM;2025;1819.0
4216404;Acesso_SCM;2025;3114.0
4216503;Acesso_SCM;2025;8848.0
4216602;Acesso_SCM;2025;132912.0
4216701;Acesso_SCM;2025;5816.0
4216800;Acesso_SCM;2025;3055.0
4216909;Acesso_SCM;2025;8420.0
4217006;Acesso_SCM;2025;5402.0
4217105;Acesso_SCM;2025;1663.0
4217154;Acesso_SCM;2025;506.0
4217204;Acesso_SCM;2025;18599.0
4217253;Acesso_SCM;2025;2172.0
4217303;Acesso_SCM;2025;2923.0
4217402;Acesso_SCM;2025;6726.0
4217501;Acesso_SCM;2025;5777.0
4217550;Acesso_SCM;2025;1196.0
4217600;Acesso_SCM;2025;6251.0
4217709;Acesso_SCM;2025;7036.0
4217758;Acesso_SCM;2025;997.0
4217808;Acesso_SCM;2025;6696.0
4217907;Acesso_SCM;2025;2561.0
4217956;Acesso_SCM;2025;818.0
4218004;Acesso_SCM;2025;23519.0
4218103;Acesso_SCM;2025;2331.0
4218202;Acesso_SCM;2025;19124.0
4218251;Acesso_SCM;2025;1895.0
4218301;Acesso_SCM;2025;4744.0
4218350;Acesso_SCM;2025;1372.0
4218400;Acesso_SCM;2025;2773.0
4218509;Acesso_SCM;2025;2756.0
4218608;Acesso_SCM;2025;2836.0
4218707;Acesso_SCM;2025;52868.0
4218756;Acesso_SCM;2025;1597.0
4218806;Acesso_SCM;2025;5862.0
4218855;Acesso_SCM;2025;1298.0
4218905;Acesso_SCM;2025;6031.0
4218954;Acesso_SCM;2025;1085.0
4219002;Acesso_SCM;2025;7126.0
4219101;Acesso_SCM;2025;1269.0
4219150;Acesso_SCM;2025;823.0
4219176;Acesso_SCM;2025;1635.0
4219200;Acesso_SCM;2025;1292.0
4219309;Acesso_SCM;2025;21893.0
4219358;Acesso_SCM;2025;676.0
4219408;Acesso_SCM;2025;796.0
4219507;Acesso_SCM;2025;19372.0
4219606;Acesso_SCM;2025;1260.0
4219705;Acesso_SCM;2025;9025.0
4219853;Acesso_SCM;2025;1522.0
4220000;Acesso_SCM;2025;11605.0
4300034;Acesso_SCM;2025;1085.0
4300059;Acesso_SCM;2025;316.0
4300109;Acesso_SCM;2025;3215.0
4300208;Acesso_SCM;2025;2521.0
4300307;Acesso_SCM;2025;1273.0
4300406;Acesso_SCM;2025;23951.0
4300455;Acesso_SCM;2025;680.0
4300471;Acesso_SCM;2025;700.0
4300505;Acesso_SCM;2025;2291.0
4300554;Acesso_SCM;2025;547.0
4300570;Acesso_SCM;2025;1179.0
4300604;Acesso_SCM;2025;59756.0
4300638;Acesso_SCM;2025;1608.0
4300646;Acesso_SCM;2025;2620.0
4300661;Acesso_SCM;2025;459.0
4300703;Acesso_SCM;2025;426.0
4300802;Acesso_SCM;2025;5508.0
4300851;Acesso_SCM;2025;2427.0
4300877;Acesso_SCM;2025;2714.0
4300901;Acesso_SCM;2025;2286.0
4301008;Acesso_SCM;2025;9223.0
4301057;Acesso_SCM;2025;7594.0
4301073;Acesso_SCM;2025;619.0
4301107;Acesso_SCM;2025;4220.0
4301206;Acesso_SCM;2025;2347.0
4301305;Acesso_SCM;2025;4059.0
4301404;Acesso_SCM;2025;1892.0
4301503;Acesso_SCM;2025;2761.0
4301552;Acesso_SCM;2025;1658.0
4301602;Acesso_SCM;2025;30386.0
4301636;Acesso_SCM;2025;6107.0
4301651;Acesso_SCM;2025;2465.0
4301701;Acesso_SCM;2025;2079.0
4301750;Acesso_SCM;2025;1056.0
4301800;Acesso_SCM;2025;1269.0
4301859;Acesso_SCM;2025;964.0
4301875;Acesso_SCM;2025;963.0
4301909;Acesso_SCM;2025;2306.0
4301925;Acesso_SCM;2025;254.0
4301958;Acesso_SCM;2025;939.0
4302006;Acesso_SCM;2025;2519.0
4302055;Acesso_SCM;2025;122.0
4302105;Acesso_SCM;2025;50063.0
4302154;Acesso_SCM;2025;690.0
4302204;Acesso_SCM;2025;2905.0
4302220;Acesso_SCM;2025;720.0
4302238;Acesso_SCM;2025;317.0
4302253;Acesso_SCM;2025;937.0
4302303;Acesso_SCM;2025;3920.0
4302352;Acesso_SCM;2025;5998.0
4302378;Acesso_SCM;2025;370.0
4302402;Acesso_SCM;2025;4354.0
4302451;Acesso_SCM;2025;1777.0
4302501;Acesso_SCM;2025;1015.0
4302584;Acesso_SCM;2025;792.0
4302600;Acesso_SCM;2025;702.0
4302659;Acesso_SCM;2025;1447.0
4302709;Acesso_SCM;2025;2212.0
4302808;Acesso_SCM;2025;9075.0
4302907;Acesso_SCM;2025;2978.0
4303004;Acesso_SCM;2025;26199.0
4303103;Acesso_SCM;2025;35527.0
4303202;Acesso_SCM;2025;1104.0
4303301;Acesso_SCM;2025;1405.0
4303400;Acesso_SCM;2025;1495.0
4303509;Acesso_SCM;2025;19935.0
4303558;Acesso_SCM;2025;390.0
4303608;Acesso_SCM;2025;2326.0
4303673;Acesso_SCM;2025;1226.0
4303707;Acesso_SCM;2025;1383.0
4303806;Acesso_SCM;2025;1455.0
4303905;Acesso_SCM;2025;22521.0
4304002;Acesso_SCM;2025;1263.0
4304101;Acesso_SCM;2025;1227.0
4304200;Acesso_SCM;2025;6802.0
4304309;Acesso_SCM;2025;1391.0
4304358;Acesso_SCM;2025;3204.0
4304408;Acesso_SCM;2025;23253.0
4304507;Acesso_SCM;2025;10164.0
4304606;Acesso_SCM;2025;134005.0
4304614;Acesso_SCM;2025;283.0
4304622;Acesso_SCM;2025;72.0
4304630;Acesso_SCM;2025;51225.0
4304655;Acesso_SCM;2025;616.0
4304663;Acesso_SCM;2025;5714.0
4304671;Acesso_SCM;2025;1673.0
4304689;Acesso_SCM;2025;2393.0
4304697;Acesso_SCM;2025;907.0
4304705;Acesso_SCM;2025;29763.0
4304713;Acesso_SCM;2025;2966.0
4304804;Acesso_SCM;2025;12453.0
4304853;Acesso_SCM;2025;187.0
4304903;Acesso_SCM;2025;3108.0
4304952;Acesso_SCM;2025;1139.0
4305009;Acesso_SCM;2025;3331.0
4305108;Acesso_SCM;2025;195003.0
4305116;Acesso_SCM;2025;513.0
4305124;Acesso_SCM;2025;490.0
4305132;Acesso_SCM;2025;1118.0
4305157;Acesso_SCM;2025;867.0
4305173;Acesso_SCM;2025;545.0
4305207;Acesso_SCM;2025;5179.0
4305306;Acesso_SCM;2025;2755.0
4305355;Acesso_SCM;2025;12487.0
4305371;Acesso_SCM;2025;410.0
4305405;Acesso_SCM;2025;1215.0
4305439;Acesso_SCM;2025;63.0
4305447;Acesso_SCM;2025;547.0
4305454;Acesso_SCM;2025;8038.0
4305504;Acesso_SCM;2025;482.0
4305587;Acesso_SCM;2025;564.0
4305603;Acesso_SCM;2025;1049.0
4305702;Acesso_SCM;2025;2646.0
4305801;Acesso_SCM;2025;1668.0
4305835;Acesso_SCM;2025;32.0
4305850;Acesso_SCM;2025;537.0
4305871;Acesso_SCM;2025;1114.0
4305900;Acesso_SCM;2025;454.0
4305934;Acesso_SCM;2025;408.0
4305959;Acesso_SCM;2025;725.0
4305975;Acesso_SCM;2025;701.0
4306007;Acesso_SCM;2025;1685.0
4306056;Acesso_SCM;2025;1803.0
4306072;Acesso_SCM;2025;764.0
4306106;Acesso_SCM;2025;18419.0
4306130;Acesso_SCM;2025;462.0
4306205;Acesso_SCM;2025;3629.0
4306304;Acesso_SCM;2025;1289.0
4306320;Acesso_SCM;2025;746.0
4306353;Acesso_SCM;2025;323.0
4306379;Acesso_SCM;2025;720.0
4306403;Acesso_SCM;2025;12783.0
4306429;Acesso_SCM;2025;581.0
4306452;Acesso_SCM;2025;238.0
4306502;Acesso_SCM;2025;1813.0
4306551;Acesso_SCM;2025;101.0
4306601;Acesso_SCM;2025;12239.0
4306700;Acesso_SCM;2025;1024.0
4306734;Acesso_SCM;2025;1475.0
4306759;Acesso_SCM;2025;260.0
4306767;Acesso_SCM;2025;11123.0
4306809;Acesso_SCM;2025;8239.0
4306908;Acesso_SCM;2025;3153.0
4306924;Acesso_SCM;2025;358.0
4306932;Acesso_SCM;2025;2622.0
4306957;Acesso_SCM;2025;797.0
4306973;Acesso_SCM;2025;984.0
4307005;Acesso_SCM;2025;56105.0
4307054;Acesso_SCM;2025;1125.0
4307104;Acesso_SCM;2025;618.0
4307203;Acesso_SCM;2025;265.0
4307302;Acesso_SCM;2025;1970.0
4307401;Acesso_SCM;2025;592.0
4307450;Acesso_SCM;2025;339.0
4307500;Acesso_SCM;2025;4977.0
4307559;Acesso_SCM;2025;2126.0
4307609;Acesso_SCM;2025;18790.0
4307708;Acesso_SCM;2025;30897.0
4307807;Acesso_SCM;2025;11996.0
4307815;Acesso_SCM;2025;766.0
4307831;Acesso_SCM;2025;982.0
4307864;Acesso_SCM;2025;846.0
4307906;Acesso_SCM;2025;30501.0
4308003;Acesso_SCM;2025;1493.0
4308052;Acesso_SCM;2025;67.0
4308078;Acesso_SCM;2025;1218.0
4308102;Acesso_SCM;2025;5628.0
4308201;Acesso_SCM;2025;10627.0
4308250;Acesso_SCM;2025;411.0
4308300;Acesso_SCM;2025;2102.0
4308409;Acesso_SCM;2025;1534.0
4308433;Acesso_SCM;2025;638.0
4308458;Acesso_SCM;2025;1639.0
4308508;Acesso_SCM;2025;13550.0
4308607;Acesso_SCM;2025;14998.0
4308656;Acesso_SCM;2025;1034.0
4308706;Acesso_SCM;2025;2067.0
4308805;Acesso_SCM;2025;1572.0
4308854;Acesso_SCM;2025;529.0
4308904;Acesso_SCM;2025;6421.0
4309001;Acesso_SCM;2025;5066.0
4309050;Acesso_SCM;2025;1430.0
4309100;Acesso_SCM;2025;21756.0
4309126;Acesso_SCM;2025;516.0
4309159;Acesso_SCM;2025;511.0
4309209;Acesso_SCM;2025;85560.0
4309258;Acesso_SCM;2025;498.0
4309308;Acesso_SCM;2025;19895.0
4309407;Acesso_SCM;2025;9200.0
4309506;Acesso_SCM;2025;1137.0
4309555;Acesso_SCM;2025;1063.0
4309571;Acesso_SCM;2025;574.0
4309605;Acesso_SCM;2025;6943.0
4309654;Acesso_SCM;2025;890.0
4309704;Acesso_SCM;2025;1316.0
4309753;Acesso_SCM;2025;442.0
4309803;Acesso_SCM;2025;1720.0
4309902;Acesso_SCM;2025;1120.0
4309951;Acesso_SCM;2025;259.0
4310009;Acesso_SCM;2025;8645.0
4310108;Acesso_SCM;2025;5735.0
4310207;Acesso_SCM;2025;35322.0
4310306;Acesso_SCM;2025;491.0
4310330;Acesso_SCM;2025;20681.0
4310363;Acesso_SCM;2025;987.0
4310405;Acesso_SCM;2025;1798.0
4310413;Acesso_SCM;2025;455.0
4310439;Acesso_SCM;2025;2438.0
4310462;Acesso_SCM;2025;750.0
4310504;Acesso_SCM;2025;2134.0
4310538;Acesso_SCM;2025;1457.0
4310553;Acesso_SCM;2025;407.0
4310579;Acesso_SCM;2025;96.0
4310603;Acesso_SCM;2025;7614.0
4310652;Acesso_SCM;2025;1492.0
4310702;Acesso_SCM;2025;150.0
4310751;Acesso_SCM;2025;135.0
4310801;Acesso_SCM;2025;8541.0
4310850;Acesso_SCM;2025;1183.0
4310876;Acesso_SCM;2025;415.0
4310900;Acesso_SCM;2025;1004.0
4311007;Acesso_SCM;2025;5485.0
4311106;Acesso_SCM;2025;2069.0
4311122;Acesso_SCM;2025;667.0
4311130;Acesso_SCM;2025;772.0
4311155;Acesso_SCM;2025;2413.0
4311205;Acesso_SCM;2025;5947.0
4311239;Acesso_SCM;2025;679.0
4311254;Acesso_SCM;2025;891.0
4311270;Acesso_SCM;2025;656.0
4311304;Acesso_SCM;2025;7941.0
4311403;Acesso_SCM;2025;42152.0
4311429;Acesso_SCM;2025;793.0
4311502;Acesso_SCM;2025;2340.0
4311601;Acesso_SCM;2025;1300.0
4311627;Acesso_SCM;2025;2342.0
4311643;Acesso_SCM;2025;554.0
4311700;Acesso_SCM;2025;422.0
4311718;Acesso_SCM;2025;1111.0
4311734;Acesso_SCM;2025;1487.0
4311759;Acesso_SCM;2025;1412.0
4311775;Acesso_SCM;2025;3209.0
4311791;Acesso_SCM;2025;672.0
4311809;Acesso_SCM;2025;18137.0
4311908;Acesso_SCM;2025;1829.0
4311981;Acesso_SCM;2025;802.0
4312005;Acesso_SCM;2025;835.0
4312054;Acesso_SCM;2025;778.0
4312104;Acesso_SCM;2025;496.0
4312138;Acesso_SCM;2025;565.0
4312153;Acesso_SCM;2025;922.0
4312179;Acesso_SCM;2025;404.0
4312203;Acesso_SCM;2025;876.0
4312252;Acesso_SCM;2025;1076.0
4312302;Acesso_SCM;2025;1502.0
4312351;Acesso_SCM;2025;150.0
4312377;Acesso_SCM;2025;542.0
4312385;Acesso_SCM;2025;907.0
4312401;Acesso_SCM;2025;23202.0
4312427;Acesso_SCM;2025;777.0
4312443;Acesso_SCM;2025;1477.0
4312450;Acesso_SCM;2025;1955.0
4312476;Acesso_SCM;2025;2558.0
4312500;Acesso_SCM;2025;5880.0
4312609;Acesso_SCM;2025;1498.0
4312617;Acesso_SCM;2025;797.0
4312625;Acesso_SCM;2025;534.0
4312658;Acesso_SCM;2025;4587.0
4312674;Acesso_SCM;2025;324.0
4312708;Acesso_SCM;2025;4610.0
4312757;Acesso_SCM;2025;389.0
4312807;Acesso_SCM;2025;2818.0
4312906;Acesso_SCM;2025;3334.0
4312955;Acesso_SCM;2025;681.0
4313003;Acesso_SCM;2025;319.0
4313011;Acesso_SCM;2025;1139.0
4313037;Acesso_SCM;2025;1740.0
4313060;Acesso_SCM;2025;7947.0
4313086;Acesso_SCM;2025;294.0
4313102;Acesso_SCM;2025;1148.0
4313201;Acesso_SCM;2025;9852.0
4313300;Acesso_SCM;2025;10242.0
4313334;Acesso_SCM;2025;497.0
4313359;Acesso_SCM;2025;1292.0
4313375;Acesso_SCM;2025;7283.0
4313391;Acesso_SCM;2025;1173.0
4313409;Acesso_SCM;2025;93701.0
4313425;Acesso_SCM;2025;637.0
4313441;Acesso_SCM;2025;656.0
4313466;Acesso_SCM;2025;437.0
4313490;Acesso_SCM;2025;516.0
4313508;Acesso_SCM;2025;22664.0
4313607;Acesso_SCM;2025;849.0
4313656;Acesso_SCM;2025;5427.0
4313706;Acesso_SCM;2025;12131.0
4313805;Acesso_SCM;2025;1741.0
4313904;Acesso_SCM;2025;19464.0
4313953;Acesso_SCM;2025;1062.0
4314001;Acesso_SCM;2025;3428.0
4314027;Acesso_SCM;2025;1866.0
4314035;Acesso_SCM;2025;1213.0
4314050;Acesso_SCM;2025;16643.0
4314068;Acesso_SCM;2025;1067.0
4314076;Acesso_SCM;2025;565.0
4314100;Acesso_SCM;2025;86283.0
4314134;Acesso_SCM;2025;586.0
4314159;Acesso_SCM;2025;2385.0
4314175;Acesso_SCM;2025;373.0
4314209;Acesso_SCM;2025;782.0
4314308;Acesso_SCM;2025;1330.0
4314407;Acesso_SCM;2025;127234.0
4314423;Acesso_SCM;2025;2269.0
4314456;Acesso_SCM;2025;1145.0
4314464;Acesso_SCM;2025;748.0
4314472;Acesso_SCM;2025;242.0
4314498;Acesso_SCM;2025;1672.0
4314506;Acesso_SCM;2025;3462.0
4314548;Acesso_SCM;2025;1425.0
4314555;Acesso_SCM;2025;326.0
4314605;Acesso_SCM;2025;3626.0
4314704;Acesso_SCM;2025;3465.0
4314753;Acesso_SCM;2025;825.0
4314779;Acesso_SCM;2025;866.0
4314787;Acesso_SCM;2025;156.0
4314803;Acesso_SCM;2025;8908.0
4314902;Acesso_SCM;2025;613744.0
4315008;Acesso_SCM;2025;938.0
4315057;Acesso_SCM;2025;109.0
4315073;Acesso_SCM;2025;375.0
4315107;Acesso_SCM;2025;2243.0
4315131;Acesso_SCM;2025;379.0
4315149;Acesso_SCM;2025;1307.0
4315156;Acesso_SCM;2025;1065.0
4315172;Acesso_SCM;2025;693.0
4315206;Acesso_SCM;2025;724.0
4315305;Acesso_SCM;2025;8297.0
4315313;Acesso_SCM;2025;469.0
4315321;Acesso_SCM;2025;436.0
4315354;Acesso_SCM;2025;1912.0
4315404;Acesso_SCM;2025;1464.0
4315453;Acesso_SCM;2025;292.0
4315503;Acesso_SCM;2025;4010.0
4315552;Acesso_SCM;2025;1371.0
4315602;Acesso_SCM;2025;80238.0
4315701;Acesso_SCM;2025;5215.0
4315750;Acesso_SCM;2025;1237.0
4315800;Acesso_SCM;2025;1941.0
4315909;Acesso_SCM;2025;2641.0
4315958;Acesso_SCM;2025;248.0
4316006;Acesso_SCM;2025;8351.0
4316105;Acesso_SCM;2025;2438.0
4316204;Acesso_SCM;2025;1207.0
4316303;Acesso_SCM;2025;778.0
4316402;Acesso_SCM;2025;12666.0
4316428;Acesso_SCM;2025;877.0
4316436;Acesso_SCM;2025;1072.0
4316451;Acesso_SCM;2025;2568.0
4316477;Acesso_SCM;2025;1025.0
4316501;Acesso_SCM;2025;3051.0
4316600;Acesso_SCM;2025;4204.0
4316709;Acesso_SCM;2025;3484.0
4316733;Acesso_SCM;2025;203.0
4316758;Acesso_SCM;2025;2434.0
4316808;Acesso_SCM;2025;51319.0
4316907;Acesso_SCM;2025;109187.0
4316956;Acesso_SCM;2025;2665.0
4316972;Acesso_SCM;2025;1289.0
4317004;Acesso_SCM;2025;1865.0
4317103;Acesso_SCM;2025;30915.0
4317202;Acesso_SCM;2025;29867.0
4317251;Acesso_SCM;2025;473.0
4317301;Acesso_SCM;2025;9582.0
4317400;Acesso_SCM;2025;13147.0
4317509;Acesso_SCM;2025;31050.0
4317558;Acesso_SCM;2025;366.0
4317608;Acesso_SCM;2025;16519.0
4317707;Acesso_SCM;2025;2867.0
4317756;Acesso_SCM;2025;1233.0
4317806;Acesso_SCM;2025;4588.0
4317905;Acesso_SCM;2025;4116.0
4317954;Acesso_SCM;2025;442.0
4318002;Acesso_SCM;2025;19273.0
4318051;Acesso_SCM;2025;771.0
4318101;Acesso_SCM;2025;3495.0
4318200;Acesso_SCM;2025;7085.0
4318309;Acesso_SCM;2025;23708.0
4318408;Acesso_SCM;2025;7192.0
4318424;Acesso_SCM;2025;608.0
4318432;Acesso_SCM;2025;568.0
4318440;Acesso_SCM;2025;671.0
4318457;Acesso_SCM;2025;590.0
4318465;Acesso_SCM;2025;316.0
4318481;Acesso_SCM;2025;1472.0
4318499;Acesso_SCM;2025;926.0
4318507;Acesso_SCM;2025;4258.0
4318606;Acesso_SCM;2025;1701.0
4318614;Acesso_SCM;2025;694.0
4318622;Acesso_SCM;2025;1504.0
4318705;Acesso_SCM;2025;89929.0
4318804;Acesso_SCM;2025;11813.0
4318903;Acesso_SCM;2025;10274.0
4319000;Acesso_SCM;2025;7560.0
4319109;Acesso_SCM;2025;696.0
4319125;Acesso_SCM;2025;353.0
4319158;Acesso_SCM;2025;1617.0
4319208;Acesso_SCM;2025;385.0
4319307;Acesso_SCM;2025;1955.0
4319356;Acesso_SCM;2025;1459.0
4319364;Acesso_SCM;2025;560.0
4319372;Acesso_SCM;2025;640.0
4319406;Acesso_SCM;2025;3738.0
4319505;Acesso_SCM;2025;4414.0
4319604;Acesso_SCM;2025;3569.0
4319703;Acesso_SCM;2025;313.0
4319711;Acesso_SCM;2025;1347.0
4319737;Acesso_SCM;2025;319.0
4319752;Acesso_SCM;2025;839.0
4319802;Acesso_SCM;2025;2321.0
4319901;Acesso_SCM;2025;13119.0
4320008;Acesso_SCM;2025;43914.0
4320107;Acesso_SCM;2025;10504.0
4320206;Acesso_SCM;2025;3599.0
4320230;Acesso_SCM;2025;374.0
4320263;Acesso_SCM;2025;1106.0
4320305;Acesso_SCM;2025;1906.0
4320321;Acesso_SCM;2025;543.0
4320354;Acesso_SCM;2025;965.0
4320404;Acesso_SCM;2025;6740.0
4320453;Acesso_SCM;2025;279.0
4320503;Acesso_SCM;2025;2372.0
4320552;Acesso_SCM;2025;2060.0
4320578;Acesso_SCM;2025;258.0
4320602;Acesso_SCM;2025;1271.0
4320651;Acesso_SCM;2025;311.0
4320677;Acesso_SCM;2025;841.0
4320701;Acesso_SCM;2025;4571.0
4320800;Acesso_SCM;2025;10511.0
4320859;Acesso_SCM;2025;1616.0
4320909;Acesso_SCM;2025;7219.0
4321006;Acesso_SCM;2025;3459.0
4321105;Acesso_SCM;2025;4389.0
4321204;Acesso_SCM;2025;9307.0
4321303;Acesso_SCM;2025;10331.0
4321329;Acesso_SCM;2025;762.0
4321352;Acesso_SCM;2025;1173.0
4321402;Acesso_SCM;2025;4726.0
4321436;Acesso_SCM;2025;4544.0
4321451;Acesso_SCM;2025;13484.0
4321469;Acesso_SCM;2025;1095.0
4321477;Acesso_SCM;2025;188.0
4321493;Acesso_SCM;2025;881.0
4321501;Acesso_SCM;2025;24585.0
4321600;Acesso_SCM;2025;33684.0
4321626;Acesso_SCM;2025;412.0
4321634;Acesso_SCM;2025;871.0
4321667;Acesso_SCM;2025;2633.0
4321709;Acesso_SCM;2025;7992.0
4321808;Acesso_SCM;2025;9066.0
4321832;Acesso_SCM;2025;1479.0
4321857;Acesso_SCM;2025;1225.0
4321907;Acesso_SCM;2025;7116.0
4321956;Acesso_SCM;2025;2430.0
4322004;Acesso_SCM;2025;7713.0
4322103;Acesso_SCM;2025;1374.0
4322152;Acesso_SCM;2025;908.0
4322186;Acesso_SCM;2025;71.0
4322202;Acesso_SCM;2025;6135.0
4322251;Acesso_SCM;2025;1732.0
4322301;Acesso_SCM;2025;2307.0
4322327;Acesso_SCM;2025;931.0
4322343;Acesso_SCM;2025;246.0
4322350;Acesso_SCM;2025;40.0
4322376;Acesso_SCM;2025;965.0
4322400;Acesso_SCM;2025;38678.0
4322509;Acesso_SCM;2025;26652.0
4322525;Acesso_SCM;2025;1332.0
4322533;Acesso_SCM;2025;2085.0
4322541;Acesso_SCM;2025;1998.0
4322558;Acesso_SCM;2025;453.0
4322608;Acesso_SCM;2025;17382.0
4322707;Acesso_SCM;2025;4120.0
4322806;Acesso_SCM;2025;10297.0
4322855;Acesso_SCM;2025;83.0
4322905;Acesso_SCM;2025;1350.0
4323002;Acesso_SCM;2025;73037.0
4323101;Acesso_SCM;2025;1207.0
4323200;Acesso_SCM;2025;847.0
4323309;Acesso_SCM;2025;1419.0
4323358;Acesso_SCM;2025;340.0
4323408;Acesso_SCM;2025;785.0
4323457;Acesso_SCM;2025;1040.0
4323507;Acesso_SCM;2025;702.0
4323606;Acesso_SCM;2025;495.0
4323705;Acesso_SCM;2025;902.0
4323754;Acesso_SCM;2025;1007.0
4323770;Acesso_SCM;2025;1212.0
4323804;Acesso_SCM;2025;15275.0
5000203;Acesso_SCM;2025;2366.0
5000252;Acesso_SCM;2025;1618.0
5000609;Acesso_SCM;2025;7287.0
5000708;Acesso_SCM;2025;1176.0
5000807;Acesso_SCM;2025;2501.0
5000856;Acesso_SCM;2025;2072.0
5000906;Acesso_SCM;2025;1733.0
5001003;Acesso_SCM;2025;1904.0
5001102;Acesso_SCM;2025;2374.0
5001243;Acesso_SCM;2025;1437.0
5001508;Acesso_SCM;2025;612.0
5001904;Acesso_SCM;2025;8063.0
5002001;Acesso_SCM;2025;2715.0
5002100;Acesso_SCM;2025;940.0
5002159;Acesso_SCM;2025;307.0
5002209;Acesso_SCM;2025;2183.0
5002308;Acesso_SCM;2025;778.0
5002407;Acesso_SCM;2025;8702.0
5002605;Acesso_SCM;2025;740.0
5002704;Acesso_SCM;2025;336154.0
5002803;Acesso_SCM;2025;654.0
5002902;Acesso_SCM;2025;1879.0
5002951;Acesso_SCM;2025;3140.0
5003108;Acesso_SCM;2025;569.0
5003157;Acesso_SCM;2025;2055.0
5003207;Acesso_SCM;2025;20629.0
5003256;Acesso_SCM;2025;3038.0
5003306;Acesso_SCM;2025;7860.0
5003454;Acesso_SCM;2025;4944.0
5003488;Acesso_SCM;2025;651.0
5003504;Acesso_SCM;2025;1268.0
5003702;Acesso_SCM;2025;91345.0
5003751;Acesso_SCM;2025;1912.0
5003801;Acesso_SCM;2025;5870.0
5003900;Acesso_SCM;2025;244.0
5004007;Acesso_SCM;2025;2338.0
5004106;Acesso_SCM;2025;394.0
5004304;Acesso_SCM;2025;3733.0
5004403;Acesso_SCM;2025;1079.0
5004502;Acesso_SCM;2025;2526.0
5004601;Acesso_SCM;2025;4163.0
5004700;Acesso_SCM;2025;2113.0
5004809;Acesso_SCM;2025;759.0
5004908;Acesso_SCM;2025;827.0
5005004;Acesso_SCM;2025;1479.0
5005103;Acesso_SCM;2025;990.0
5005152;Acesso_SCM;2025;2204.0
5005202;Acesso_SCM;2025;1821.0
5005251;Acesso_SCM;2025;382.0
5005400;Acesso_SCM;2025;6249.0
5005608;Acesso_SCM;2025;1151.0
5005681;Acesso_SCM;2025;5074.0
5005707;Acesso_SCM;2025;13225.0
5005806;Acesso_SCM;2025;1144.0
5006002;Acesso_SCM;2025;4016.0
5006200;Acesso_SCM;2025;12925.0
5006259;Acesso_SCM;2025;1616.0
5006275;Acesso_SCM;2025;330.0
5006309;Acesso_SCM;2025;11509.0
5006358;Acesso_SCM;2025;1572.0
5006408;Acesso_SCM;2025;2087.0
5006606;Acesso_SCM;2025;17690.0
5006903;Acesso_SCM;2025;597.0
5007109;Acesso_SCM;2025;3657.0
5007208;Acesso_SCM;2025;9314.0
5007307;Acesso_SCM;2025;279.0
5007406;Acesso_SCM;2025;3271.0
5007505;Acesso_SCM;2025;555.0
5007554;Acesso_SCM;2025;1035.0
5007695;Acesso_SCM;2025;5213.0
5007703;Acesso_SCM;2025;2340.0
5007802;Acesso_SCM;2025;659.0
5007901;Acesso_SCM;2025;2188.0
5007935;Acesso_SCM;2025;2625.0
5007950;Acesso_SCM;2025;1302.0
5007976;Acesso_SCM;2025;468.0
5008008;Acesso_SCM;2025;2437.0
5008305;Acesso_SCM;2025;41393.0
5008404;Acesso_SCM;2025;1989.0
5100102;Acesso_SCM;2025;1006.0
5100201;Acesso_SCM;2025;3406.0
5100250;Acesso_SCM;2025;12381.0
5100300;Acesso_SCM;2025;1096.0
5100359;Acesso_SCM;2025;589.0
5100409;Acesso_SCM;2025;1685.0
5100508;Acesso_SCM;2025;457.0
5100607;Acesso_SCM;2025;224.0
5100805;Acesso_SCM;2025;1326.0
5101001;Acesso_SCM;2025;677.0
5101209;Acesso_SCM;2025;225.0
5101258;Acesso_SCM;2025;1868.0
5101308;Acesso_SCM;2025;2467.0
5101407;Acesso_SCM;2025;3632.0
5101605;Acesso_SCM;2025;433.0
5101704;Acesso_SCM;2025;8810.0
5101803;Acesso_SCM;2025;16597.0
5101852;Acesso_SCM;2025;691.0
5101902;Acesso_SCM;2025;2869.0
5102504;Acesso_SCM;2025;15532.0
5102603;Acesso_SCM;2025;1095.0
5102637;Acesso_SCM;2025;9817.0
5102678;Acesso_SCM;2025;12921.0
5102686;Acesso_SCM;2025;2355.0
5102694;Acesso_SCM;2025;683.0
5102702;Acesso_SCM;2025;7171.0
5102793;Acesso_SCM;2025;1348.0
5102850;Acesso_SCM;2025;1307.0
5103007;Acesso_SCM;2025;6606.0
5103056;Acesso_SCM;2025;3161.0
5103106;Acesso_SCM;2025;2203.0
5103205;Acesso_SCM;2025;10878.0
5103254;Acesso_SCM;2025;2745.0
5103304;Acesso_SCM;2025;2099.0
5103353;Acesso_SCM;2025;6212.0
5103361;Acesso_SCM;2025;747.0
5103379;Acesso_SCM;2025;1291.0
5103403;Acesso_SCM;2025;232782.0
5103437;Acesso_SCM;2025;179.0
5103452;Acesso_SCM;2025;763.0
5103502;Acesso_SCM;2025;6392.0
5103601;Acesso_SCM;2025;1360.0
5103700;Acesso_SCM;2025;2891.0
5103809;Acesso_SCM;2025;78.0
5103858;Acesso_SCM;2025;1827.0
5103908;Acesso_SCM;2025;119.0
5103957;Acesso_SCM;2025;915.0
5104104;Acesso_SCM;2025;9674.0
5104203;Acesso_SCM;2025;1632.0
5104500;Acesso_SCM;2025;212.0
5104526;Acesso_SCM;2025;1764.0
5104542;Acesso_SCM;2025;801.0
5104559;Acesso_SCM;2025;2043.0
5104609;Acesso_SCM;2025;2226.0
5104807;Acesso_SCM;2025;6279.0
5104906;Acesso_SCM;2025;885.0
5105002;Acesso_SCM;2025;667.0
5105101;Acesso_SCM;2025;5527.0
5105150;Acesso_SCM;2025;6594.0
5105176;Acesso_SCM;2025;1577.0
5105200;Acesso_SCM;2025;2320.0
5105234;Acesso_SCM;2025;739.0
5105259;Acesso_SCM;2025;20964.0
5105309;Acesso_SCM;2025;202.0
5105507;Acesso_SCM;2025;2922.0
5105580;Acesso_SCM;2025;439.0
5105606;Acesso_SCM;2025;3916.0
5105622;Acesso_SCM;2025;3686.0
5105903;Acesso_SCM;2025;3737.0
5106000;Acesso_SCM;2025;1192.0
5106109;Acesso_SCM;2025;2168.0
5106158;Acesso_SCM;2025;2895.0
5106174;Acesso_SCM;2025;621.0
5106182;Acesso_SCM;2025;1153.0
5106190;Acesso_SCM;2025;1295.0
5106208;Acesso_SCM;2025;642.0
5106216;Acesso_SCM;2025;3144.0
5106224;Acesso_SCM;2025;19268.0
5106232;Acesso_SCM;2025;5261.0
5106240;Acesso_SCM;2025;2257.0
5106257;Acesso_SCM;2025;1725.0
5106265;Acesso_SCM;2025;467.0
5106273;Acesso_SCM;2025;284.0
5106281;Acesso_SCM;2025;350.0
5106299;Acesso_SCM;2025;1421.0
5106307;Acesso_SCM;2025;4065.0
5106315;Acesso_SCM;2025;192.0
5106372;Acesso_SCM;2025;1726.0
5106422;Acesso_SCM;2025;6628.0
5106455;Acesso_SCM;2025;634.0
5106505;Acesso_SCM;2025;5320.0
5106653;Acesso_SCM;2025;580.0
5106703;Acesso_SCM;2025;370.0
5106752;Acesso_SCM;2025;8634.0
5106778;Acesso_SCM;2025;2370.0
5106802;Acesso_SCM;2025;649.0
5106828;Acesso_SCM;2025;1735.0
5106851;Acesso_SCM;2025;537.0
5107008;Acesso_SCM;2025;1225.0
5107040;Acesso_SCM;2025;30201.0
5107065;Acesso_SCM;2025;7638.0
5107107;Acesso_SCM;2025;3937.0
5107156;Acesso_SCM;2025;177.0
5107180;Acesso_SCM;2025;1248.0
5107198;Acesso_SCM;2025;592.0
5107206;Acesso_SCM;2025;765.0
5107248;Acesso_SCM;2025;2273.0
5107263;Acesso_SCM;2025;605.0
5107297;Acesso_SCM;2025;800.0
5107305;Acesso_SCM;2025;4925.0
5107354;Acesso_SCM;2025;642.0
5107404;Acesso_SCM;2025;847.0
5107578;Acesso_SCM;2025;334.0
5107602;Acesso_SCM;2025;78219.0
5107701;Acesso_SCM;2025;2498.0
5107743;Acesso_SCM;2025;363.0
5107750;Acesso_SCM;2025;504.0
5107768;Acesso_SCM;2025;907.0
5107776;Acesso_SCM;2025;253.0
5107792;Acesso_SCM;2025;905.0
5107800;Acesso_SCM;2025;1563.0
5107859;Acesso_SCM;2025;1569.0
5107875;Acesso_SCM;2025;3524.0
5107883;Acesso_SCM;2025;120.0
5107909;Acesso_SCM;2025;73530.0
5107925;Acesso_SCM;2025;37812.0
5107941;Acesso_SCM;2025;1608.0
5107958;Acesso_SCM;2025;38473.0
5108006;Acesso_SCM;2025;3087.0
5108055;Acesso_SCM;2025;1674.0
5108105;Acesso_SCM;2025;423.0
5108204;Acesso_SCM;2025;753.0
5108303;Acesso_SCM;2025;672.0
5108352;Acesso_SCM;2025;74.0
5108402;Acesso_SCM;2025;68512.0
5108501;Acesso_SCM;2025;2950.0
5108600;Acesso_SCM;2025;3565.0
5108808;Acesso_SCM;2025;1537.0
5108857;Acesso_SCM;2025;717.0
5108907;Acesso_SCM;2025;845.0
5108956;Acesso_SCM;2025;620.0
5200050;Acesso_SCM;2025;1803.0
5200100;Acesso_SCM;2025;2073.0
5200134;Acesso_SCM;2025;5328.0
5200159;Acesso_SCM;2025;739.0
5200175;Acesso_SCM;2025;669.0
5200209;Acesso_SCM;2025;54.0
5200258;Acesso_SCM;2025;53905.0
5200308;Acesso_SCM;2025;5933.0
5200506;Acesso_SCM;2025;266.0
5200555;Acesso_SCM;2025;2205.0
5200605;Acesso_SCM;2025;1948.0
5200803;Acesso_SCM;2025;762.0
5200829;Acesso_SCM;2025;593.0
5200852;Acesso_SCM;2025;1713.0
5200902;Acesso_SCM;2025;185.0
5201108;Acesso_SCM;2025;74236.0
5201207;Acesso_SCM;2025;82.0
5201306;Acesso_SCM;2025;6803.0
5201405;Acesso_SCM;2025;150679.0
5201454;Acesso_SCM;2025;701.0
5201504;Acesso_SCM;2025;345.0
5201603;Acesso_SCM;2025;35.0
5201702;Acesso_SCM;2025;4113.0
5201801;Acesso_SCM;2025;1327.0
5202155;Acesso_SCM;2025;255.0
5202353;Acesso_SCM;2025;156.0
5202502;Acesso_SCM;2025;584.0
5202601;Acesso_SCM;2025;92.0
5202809;Acesso_SCM;2025;464.0
5203104;Acesso_SCM;2025;178.0
5203203;Acesso_SCM;2025;1815.0
5203302;Acesso_SCM;2025;9859.0
5203401;Acesso_SCM;2025;4186.0
5203500;Acesso_SCM;2025;5393.0
5203559;Acesso_SCM;2025;1545.0
5203575;Acesso_SCM;2025;594.0
5203609;Acesso_SCM;2025;390.0
5203807;Acesso_SCM;2025;364.0
5203906;Acesso_SCM;2025;2762.0
5203939;Acesso_SCM;2025;342.0
5203962;Acesso_SCM;2025;249.0
5204003;Acesso_SCM;2025;1417.0
5204102;Acesso_SCM;2025;1372.0
5204201;Acesso_SCM;2025;190.0
5204250;Acesso_SCM;2025;1292.0
5204300;Acesso_SCM;2025;1897.0
5204409;Acesso_SCM;2025;3195.0
5204508;Acesso_SCM;2025;23064.0
5204557;Acesso_SCM;2025;1400.0
5204607;Acesso_SCM;2025;205.0
5204656;Acesso_SCM;2025;455.0
5204706;Acesso_SCM;2025;4691.0
5204805;Acesso_SCM;2025;2477.0
5204854;Acesso_SCM;2025;455.0
5204904;Acesso_SCM;2025;1786.0
5204953;Acesso_SCM;2025;33.0
5205000;Acesso_SCM;2025;1569.0
5205059;Acesso_SCM;2025;877.0
5205109;Acesso_SCM;2025;49804.0
5205208;Acesso_SCM;2025;461.0
5205307;Acesso_SCM;2025;1501.0
5205406;Acesso_SCM;2025;4345.0
5205455;Acesso_SCM;2025;1260.0
5205471;Acesso_SCM;2025;501.0
5205497;Acesso_SCM;2025;23616.0
5205513;Acesso_SCM;2025;4294.0
5205521;Acesso_SCM;2025;1008.0
5205703;Acesso_SCM;2025;509.0
5205802;Acesso_SCM;2025;1681.0
5205901;Acesso_SCM;2025;2544.0
5206206;Acesso_SCM;2025;10751.0
5206305;Acesso_SCM;2025;440.0
5206404;Acesso_SCM;2025;1741.0
5206503;Acesso_SCM;2025;853.0
5206602;Acesso_SCM;2025;989.0
5206701;Acesso_SCM;2025;538.0
5206800;Acesso_SCM;2025;429.0
5206909;Acesso_SCM;2025;79.0
5207105;Acesso_SCM;2025;41.0
5207253;Acesso_SCM;2025;2160.0
5207352;Acesso_SCM;2025;634.0
5207402;Acesso_SCM;2025;1775.0
5207501;Acesso_SCM;2025;93.0
5207535;Acesso_SCM;2025;265.0
5207600;Acesso_SCM;2025;4841.0
5207808;Acesso_SCM;2025;5168.0
5207907;Acesso_SCM;2025;2457.0
5208004;Acesso_SCM;2025;29852.0
5208103;Acesso_SCM;2025;643.0
5208152;Acesso_SCM;2025;292.0
5208301;Acesso_SCM;2025;1196.0
5208400;Acesso_SCM;2025;353.0
5208509;Acesso_SCM;2025;612.0
5208608;Acesso_SCM;2025;15723.0
5208707;Acesso_SCM;2025;526774.0
5208806;Acesso_SCM;2025;7710.0
5208905;Acesso_SCM;2025;2995.0
5209101;Acesso_SCM;2025;7576.0
5209150;Acesso_SCM;2025;1055.0
5209200;Acesso_SCM;2025;3915.0
5209291;Acesso_SCM;2025;139.0
5209408;Acesso_SCM;2025;84.0
5209457;Acesso_SCM;2025;330.0
5209606;Acesso_SCM;2025;474.0
5209705;Acesso_SCM;2025;3387.0
5209804;Acesso_SCM;2025;319.0
5209903;Acesso_SCM;2025;922.0
5209937;Acesso_SCM;2025;1307.0
5209952;Acesso_SCM;2025;3755.0
5210000;Acesso_SCM;2025;14565.0
5210109;Acesso_SCM;2025;7377.0
5210158;Acesso_SCM;2025;23.0
5210208;Acesso_SCM;2025;14700.0
5210307;Acesso_SCM;2025;65.0
5210406;Acesso_SCM;2025;6896.0
5210562;Acesso_SCM;2025;281.0
5210604;Acesso_SCM;2025;372.0
5210802;Acesso_SCM;2025;519.0
5210901;Acesso_SCM;2025;3050.0
5211008;Acesso_SCM;2025;277.0
5211206;Acesso_SCM;2025;2423.0
5211305;Acesso_SCM;2025;1356.0
5211404;Acesso_SCM;2025;859.0
5211503;Acesso_SCM;2025;30556.0
5211602;Acesso_SCM;2025;307.0
5211701;Acesso_SCM;2025;1044.0
5211800;Acesso_SCM;2025;7098.0
5211909;Acesso_SCM;2025;33815.0
5212006;Acesso_SCM;2025;124.0
5212055;Acesso_SCM;2025;375.0
5212105;Acesso_SCM;2025;1414.0
5212204;Acesso_SCM;2025;4007.0
5212253;Acesso_SCM;2025;176.0
5212303;Acesso_SCM;2025;1597.0
5212501;Acesso_SCM;2025;28910.0
5212600;Acesso_SCM;2025;468.0
5212709;Acesso_SCM;2025;932.0
5212808;Acesso_SCM;2025;3586.0
5212907;Acesso_SCM;2025;163.0
5212956;Acesso_SCM;2025;134.0
5213004;Acesso_SCM;2025;1849.0
5213053;Acesso_SCM;2025;187.0
5213087;Acesso_SCM;2025;2993.0
5213103;Acesso_SCM;2025;10722.0
5213400;Acesso_SCM;2025;194.0
5213509;Acesso_SCM;2025;569.0
5213707;Acesso_SCM;2025;1043.0
5213756;Acesso_SCM;2025;3061.0
5213772;Acesso_SCM;2025;363.0
5213806;Acesso_SCM;2025;7731.0
5213855;Acesso_SCM;2025;191.0
5213905;Acesso_SCM;2025;996.0
5214002;Acesso_SCM;2025;933.0
5214051;Acesso_SCM;2025;136.0
5214101;Acesso_SCM;2025;204.0
5214408;Acesso_SCM;2025;2714.0
5214507;Acesso_SCM;2025;3701.0
5214606;Acesso_SCM;2025;8569.0
5214705;Acesso_SCM;2025;45.0
5214804;Acesso_SCM;2025;792.0
5214838;Acesso_SCM;2025;684.0
5214861;Acesso_SCM;2025;98.0
5214879;Acesso_SCM;2025;625.0
5214903;Acesso_SCM;2025;108.0
5215009;Acesso_SCM;2025;2182.0
5215207;Acesso_SCM;2025;545.0
5215231;Acesso_SCM;2025;20765.0
5215256;Acesso_SCM;2025;144.0
5215306;Acesso_SCM;2025;2826.0
5215405;Acesso_SCM;2025;596.0
5215504;Acesso_SCM;2025;729.0
5215603;Acesso_SCM;2025;2882.0
5215652;Acesso_SCM;2025;79.0
5215702;Acesso_SCM;2025;7422.0
5215801;Acesso_SCM;2025;369.0
5215900;Acesso_SCM;2025;64.0
5216007;Acesso_SCM;2025;346.0
5216304;Acesso_SCM;2025;2501.0
5216403;Acesso_SCM;2025;1696.0
5216452;Acesso_SCM;2025;123.0
5216809;Acesso_SCM;2025;1139.0
5216908;Acesso_SCM;2025;112.0
5217104;Acesso_SCM;2025;6024.0
5217203;Acesso_SCM;2025;3712.0
5217302;Acesso_SCM;2025;4460.0
5217401;Acesso_SCM;2025;10045.0
5217609;Acesso_SCM;2025;23741.0
5217708;Acesso_SCM;2025;3541.0
5218003;Acesso_SCM;2025;10297.0
5218052;Acesso_SCM;2025;778.0
5218102;Acesso_SCM;2025;153.0
5218300;Acesso_SCM;2025;3618.0
5218391;Acesso_SCM;2025;267.0
5218508;Acesso_SCM;2025;12821.0
5218607;Acesso_SCM;2025;2326.0
5218706;Acesso_SCM;2025;786.0
5218789;Acesso_SCM;2025;131.0
5218805;Acesso_SCM;2025;77086.0
5218904;Acesso_SCM;2025;708.0
5219001;Acesso_SCM;2025;2597.0
5219100;Acesso_SCM;2025;296.0
5219209;Acesso_SCM;2025;526.0
5219258;Acesso_SCM;2025;140.0
5219308;Acesso_SCM;2025;5847.0
5219357;Acesso_SCM;2025;416.0
5219407;Acesso_SCM;2025;430.0
5219456;Acesso_SCM;2025;347.0
5219506;Acesso_SCM;2025;227.0
5219605;Acesso_SCM;2025;255.0
5219704;Acesso_SCM;2025;1413.0
5219712;Acesso_SCM;2025;611.0
5219738;Acesso_SCM;2025;1358.0
5219753;Acesso_SCM;2025;13343.0
5219803;Acesso_SCM;2025;1035.0
5219902;Acesso_SCM;2025;983.0
5220009;Acesso_SCM;2025;1005.0
5220058;Acesso_SCM;2025;172.0
5220108;Acesso_SCM;2025;1898.0
5220157;Acesso_SCM;2025;409.0
5220207;Acesso_SCM;2025;4669.0
5220264;Acesso_SCM;2025;1149.0
5220280;Acesso_SCM;2025;132.0
5220405;Acesso_SCM;2025;3619.0
5220454;Acesso_SCM;2025;31290.0
5220504;Acesso_SCM;2025;1682.0
5220603;Acesso_SCM;2025;2241.0
5220686;Acesso_SCM;2025;469.0
5220702;Acesso_SCM;2025;209.0
5221007;Acesso_SCM;2025;102.0
5221080;Acesso_SCM;2025;414.0
5221197;Acesso_SCM;2025;581.0
5221304;Acesso_SCM;2025;106.0
5221403;Acesso_SCM;2025;17286.0
5221452;Acesso_SCM;2025;331.0
5221502;Acesso_SCM;2025;1310.0
5221551;Acesso_SCM;2025;437.0
5221577;Acesso_SCM;2025;175.0
5221601;Acesso_SCM;2025;11757.0
5221700;Acesso_SCM;2025;1655.0
5221809;Acesso_SCM;2025;303.0
5221858;Acesso_SCM;2025;68736.0
5221908;Acesso_SCM;2025;898.0
5222005;Acesso_SCM;2025;2506.0
5222054;Acesso_SCM;2025;1340.0
5222203;Acesso_SCM;2025;3899.0
5222302;Acesso_SCM;2025;1234.0
5300108;Acesso_SCM;2025;991044.0
